2026-09-07 21:43:23.590 INFO   Freerouting v2.1.0 (build-date: 2025-04-12)
2026-09-07 21:43:31.712 DEBUG  Version: 2.1.0,2025-04-12
2026-09-07 21:43:31.714 DEBUG  Command line arguments: '--gui.enabled=false --router.max_passes=15 --router.max_threads=2 --router.optimizer.enabled=false --router.job_timeout=00:03:00 --feature_flags.save_jobs=true -da -de design\DroneFC.dsn -do design\DroneFC.ses'
2026-09-07 21:43:31.719 DEBUG  Architecture: Windows 11,amd64,10.0
2026-09-07 21:43:31.720 DEBUG  Java: 21.0.12.1,Eclipse Adoptium
2026-09-07 21:43:31.721 DEBUG  System Language: en,en_US
2026-09-07 21:43:31.722 DEBUG  Hardware: 4 CPU cores,2048 MB RAM
2026-09-07 21:43:31.723 DEBUG  UTC Time: 2026-09-07T18:13:31.712415500Z
2026-09-07 21:43:31.727 DEBUG  GUI Language: en_US
2026-09-07 21:43:31.728 DEBUG  Host: N/A
2026-09-07 21:43:31.730 DEBUG  Analytics are disabled
2026-09-07 21:43:35.483 INFO   [7D024B\2CDE84] Job '7D024B\2CDE84' started at 2026-09-07T18:13:35.482048900Z
2026-09-07 21:43:36.297 DEBUG  InsertFoundConnectionAlgo: insert trace failed for net #9
2026-09-07 21:43:36.297 DEBUG  [7D024B\2CDE84] Autorouter Failed to route connection between pin #1 of component #64, pin #6 of component #38 and pin #5 of component #38, because the new connection could not be inserted.
2026-09-07 21:43:36.340 DEBUG  InsertFoundConnectionAlgo: insert trace failed for net #10
2026-09-07 21:43:36.348 DEBUG  [7D024B\2CDE84] Autorouter Failed to route connection between pin #8 of component #38 and polylinetrace, polylinetrace, pin of component #64, pin #7 of component #38, because the new connection could not be inserted.
2026-09-07 21:43:38.766 DEBUG  InsertFoundConnectionAlgo: insert trace failed for net #5
2026-09-07 21:43:38.768 DEBUG  [7D024B\2CDE84] Autorouter Failed to route connection between polylinetrace, polylinetrace, polylinetrace, polylinetrace, pin #1 of component #70, pin #2 of component #69, pin of component #68, pin of component #67, pin of component #66, pin #13 of component #65, pin #2 of component #63, pin of component #63, pin #2 of component #62, pin of component #62, pin of component #49, pin #4 of component #38, pin #3 of component #38, pin of component #32, pin of component #29, pin of component #25, pin of component #24, pin of component #21, pin of component #19, pin of component #18, pin of component #16, pin of component #13, pin of component #10, pin of component #3, pin of component #2 and pin #2 of component #38, because the new connection could not be inserted.
2026-09-07 21:43:39.083 DEBUG  InsertFoundConnectionAlgo: insert trace failed for net #27
2026-09-07 21:43:39.083 DEBUG  [7D024B\2CDE84] Autorouter Failed to route connection between pin #13 of component #69 and pin #2 of component #65, because the new connection could not be inserted.
2026-09-07 21:43:39.589 DEBUG  InsertFoundConnectionAlgo: insert trace failed for net #10
2026-09-07 21:43:39.590 DEBUG  [7D024B\2CDE84] Autorouter Failed to route connection between polylinetrace, polylinetrace, polylinetrace, polylinetrace, pin of component #64, pin #7 of component #38 and pin #8 of component #38, because the new connection could not be inserted.
2026-09-07 21:43:40.063 DEBUG  InsertFoundConnectionAlgo: insert trace failed for net #7
2026-09-07 21:43:40.064 DEBUG  [7D024B\2CDE84] Autorouter Failed to route connection between polylinetrace, pin #7 of component #71, pin of component #36, pin of component #35, pin #1 of component #21, pin of component #5 and pin #12 of component #71, because the new connection could not be inserted.
2026-09-07 21:43:40.801 DEBUG  InsertFoundConnectionAlgo: insert trace failed for net #26
2026-09-07 21:43:40.803 DEBUG  [7D024B\2CDE84] Autorouter Failed to route connection between pin #1 of component #46 and polylinetrace, pin #2 of component #61, pin #1 of component #56, because the new connection could not be inserted.
2026-09-07 21:43:42.687 DEBUG  InsertFoundConnectionAlgo: insert trace failed for net #5
2026-09-07 21:43:42.688 DEBUG  [7D024B\2CDE84] Autorouter Failed to route connection between polylinetrace, polylinetrace, polylinetrace, polylinetrace, polylinetrace, polylinetrace, polylinetrace, polylinetrace, polylinetrace, polylinetrace, polylinetrace, polylinetrace, polylinetrace, pin #1 of component #70, pin #13 of component #65, pin #2 of component #63, pin of component #63, pin #2 of component #62, pin of component #62, pin #4 of component #38, pin #3 of component #38, pin #2 of component #38, pin of component #32, pin of component #29, pin of component #24, pin of component #21, pin of component #19, pin of component #18, pin of component #16, pin of component #13, pin of component #10, pin of component #3 and polylinetrace, polylinetrace, polylinetrace, polylinetrace, polylinetrace, polylinetrace, polylinetrace, polylinetrace, pin #2 of component #69, pin of component #68, pin of component #67, pin of component #66, pin of component #49, pin of component #25, pin of component #2, because the new connection could not be inserted.
2026-09-07 21:43:43.721 DEBUG  InsertFoundConnectionAlgo: insert trace failed for net #37
2026-09-07 21:43:43.722 DEBUG  [7D024B\2CDE84] Autorouter Failed to route connection between pin #7 of component #69, pin of component #30 and pin #16 of component #65, because the new connection could not be inserted.
2026-09-07 21:43:44.619 DEBUG  InsertFoundConnectionAlgo: insert trace failed for net #5
2026-09-07 21:43:44.620 DEBUG  [7D024B\2CDE84] Autorouter Failed to route connection between polylinetrace, polylinetrace, polylinetrace, polylinetrace, polylinetrace, polylinetrace, polylinetrace, polylinetrace, polylinetrace, polylinetrace, polylinetrace, polylinetrace, polylinetrace, polylinetrace, polylinetrace, polylinetrace, polylinetrace, polylinetrace, polylinetrace, polylinetrace, polylinetrace, pin #2 of component #69, pin of component #68, pin of component #67, pin of component #66, pin #13 of component #65, pin #2 of component #63, pin of component #63, pin #2 of component #62, pin of component #62, pin of component #49, pin #4 of component #38, pin #3 of component #38, pin #2 of component #38, pin of component #32, pin of component #25, pin of component #24, pin of component #21, pin of component #19, pin of component #18, pin of component #16, pin of component #13, pin of component #10, pin of component #3, pin of component #2 and polylinetrace, pin #1 of component #70, pin of component #29, because the new connection could not be inserted.
2026-09-07 21:43:44.764 DEBUG  InsertFoundConnectionAlgo: insert trace failed for net #5
2026-09-07 21:43:44.764 DEBUG  [7D024B\2CDE84] Autorouter Failed to route connection between polylinetrace, polylinetrace, polylinetrace, polylinetrace, polylinetrace, polylinetrace, polylinetrace, polylinetrace, polylinetrace, polylinetrace, polylinetrace, polylinetrace, polylinetrace, polylinetrace, polylinetrace, polylinetrace, polylinetrace, polylinetrace, polylinetrace, polylinetrace, polylinetrace, pin #1 of component #70, pin #2 of component #69, pin of component #68, pin of component #67, pin of component #66, pin #13 of component #65, pin #2 of component #63, pin of component #63, pin #2 of component #62, pin of component #62, pin of component #49, pin #2 of component #38, pin of component #32, pin of component #29, pin of component #25, pin of component #24, pin of component #21, pin of component #19, pin of component #18, pin of component #16, pin of component #13, pin of component #10, pin of component #3, pin of component #2 and polylinetrace, pin #4 of component #38, pin #3 of component #38, because the new connection could not be inserted.
2026-09-07 21:43:45.612 INFO   [7D024B\2CDE84] Auto-router pass #1 on board '8befe798a4789055ebf46ecbadb37123' was completed in 9.81 seconds with the score of 921.93 (36 unrouted), using 50.20 CPU seconds and 3525 MB memory.
2026-09-07 21:43:46.019 DEBUG  InsertFoundConnectionAlgo: insert trace failed for net #5
2026-09-07 21:43:46.020 DEBUG  [7D024B\2CDE84] Autorouter Failed to route connection between polylinetrace, polylinetrace, polylinetrace, polylinetrace, polylinetrace, polylinetrace, polylinetrace, polylinetrace, polylinetrace, polylinetrace, polylinetrace, polylinetrace, polylinetrace, polylinetrace, polylinetrace, polylinetrace, polylinetrace, polylinetrace, polylinetrace, polylinetrace, polylinetrace, polylinetrace, polylinetrace, polylinetrace, polylinetrace, polylinetrace, pin #1 of component #70, pin #2 of component #69, pin of component #68, pin of component #67, pin of component #66, pin #13 of component #65, pin #2 of component #63, pin of component #63, pin #2 of component #62, pin of component #62, pin of component #49, pin #4 of component #38, pin #3 of component #38, pin of component #32, pin of component #29, pin of component #25, pin of component #24, pin of component #21, pin of component #19, pin of component #18, pin of component #16, pin of component #13, pin of component #10, pin of component #3, pin of component #2 and pin #2 of component #38, because the new connection could not be inserted.
2026-09-07 21:43:46.643 DEBUG  InsertFoundConnectionAlgo: insert trace failed for net #46
2026-09-07 21:43:46.644 DEBUG  [7D024B\2CDE84] Autorouter Failed to route connection between pin #39 of component #69 and pin #3 of component #70, because the new connection could not be inserted.
2026-09-07 21:43:48.163 DEBUG  InsertFoundConnectionAlgo: insert trace failed for net #37
2026-09-07 21:43:48.163 DEBUG  [7D024B\2CDE84] Autorouter Failed to route connection between pin #16 of component #65, pin of component #30 and pin #7 of component #69, because the new connection could not be inserted.
2026-09-07 21:43:49.658 DEBUG  [7D024B\2CDE84] Autorouter Failed to route connection between pin #28 of component #69, pin #1 of component #24 and pin #22 of component #71, because no connection was found between their nets.
2026-09-07 21:43:49.696 DEBUG  [7D024B\2CDE84] Autorouter Failed to route connection between pin #1 of component #18 and polylinetrace, pin #8 of component #69, pin #21 of component #65, because no connection was found between their nets.
2026-09-07 21:43:49.738 DEBUG  [7D024B\2CDE84] Autorouter Failed to route connection between pin #15 of component #65 and pin #20 of component #69, because no connection was found between their nets.
2026-09-07 21:43:49.778 DEBUG  [7D024B\2CDE84] Autorouter Failed to route connection between pin #17 of component #69 and pin #10 of component #65, because no connection was found between their nets.
2026-09-07 21:43:49.818 DEBUG  [7D024B\2CDE84] Autorouter Failed to route connection between polylinetrace, pin of component #61, pin of component #33 and pin #1 of component #28, because no connection was found between their nets.
2026-09-07 21:43:49.887 DEBUG  InsertFoundConnectionAlgo: insert trace failed for net #13
2026-09-07 21:43:49.887 DEBUG  [7D024B\2CDE84] Autorouter Failed to route connection between pin #23 of component #71, pin #27 of component #69 and pin #1 of component #19, because the new connection could not be inserted.
2026-09-07 21:43:49.923 DEBUG  [7D024B\2CDE84] Autorouter Failed to route connection between pin #20 of component #69 and pin #15 of component #65, because no connection was found between their nets.
2026-09-07 21:43:49.954 DEBUG  [7D024B\2CDE84] Autorouter Failed to route connection between pin #9 of component #69 and polylinetrace, polylinetrace, polylinetrace, polylinetrace, polylinetrace, polylinetrace, via, polylinetrace, via, polylinetrace, pin #19 of component #65, pin #1 of component #32, because no connection was found between their nets.
2026-09-07 21:43:49.993 DEBUG  [7D024B\2CDE84] Autorouter Failed to route connection between pin #12 of component #65 and pin #18 of component #69, because no connection was found between their nets.
2026-09-07 21:43:50.051 DEBUG  [7D024B\2CDE84] Autorouter Failed to route connection between pin #16 of component #69 and pin #8 of component #65, because no connection was found between their nets.
2026-09-07 21:43:50.089 DEBUG  [7D024B\2CDE84] Autorouter Failed to route connection between pin #11 of component #65 and pin #1 of component #20, because no connection was found between their nets.
2026-09-07 21:43:50.122 DEBUG  [7D024B\2CDE84] Autorouter Failed to route connection between pin of component #8 and pin #19 of component #71, because no connection was found between their nets.
2026-09-07 21:43:50.167 DEBUG  InsertFoundConnectionAlgo: insert trace failed for net #7
2026-09-07 21:43:50.167 DEBUG  [7D024B\2CDE84] Autorouter Failed to route connection between polylinetrace, polylinetrace, polylinetrace, pin #7 of component #71, pin of component #36, pin of component #35, pin #1 of component #21, pin of component #5 and pin #12 of component #71, because the new connection could not be inserted.
2026-09-07 21:43:50.213 DEBUG  [7D024B\2CDE84] Autorouter Failed to route connection between polylinetrace, polylinetrace, polylinetrace, polylinetrace, polylinetrace, polylinetrace, via, polylinetrace, via, polylinetrace, pin #19 of component #65, pin #1 of component #32 and pin #9 of component #69, because no connection was found between their nets.
2026-09-07 21:43:50.262 DEBUG  [7D024B\2CDE84] Autorouter Failed to route connection between polylinetrace, pin #8 of component #69, pin #21 of component #65 and pin #1 of component #18, because no connection was found between their nets.
2026-09-07 21:43:50.378 DEBUG  [7D024B\2CDE84] Autorouter Failed to route connection between pin #4 of component #65 and pin #14 of component #69, because no connection was found between their nets.
2026-09-07 21:43:50.413 DEBUG  [7D024B\2CDE84] Autorouter Failed to route connection between pin #12 of component #71, pin #7 of component #71, pin of component #36 and polylinetrace, polylinetrace, polylinetrace, pin of component #35, pin #1 of component #21, pin of component #5, because no connection was found between their nets.
2026-09-07 21:43:50.449 DEBUG  [7D024B\2CDE84] Autorouter Failed to route connection between pin #17 of component #65 and pin #21 of component #69, because no connection was found between their nets.
2026-09-07 21:43:50.483 DEBUG  [7D024B\2CDE84] Autorouter Failed to route connection between polylinetrace, pin #3 of component #70 and pin #39 of component #69, because no connection was found between their nets.
2026-09-07 21:43:50.512 DEBUG  [7D024B\2CDE84] Autorouter Failed to route connection between pin #14 of component #69 and pin #4 of component #65, because no connection was found between their nets.
2026-09-07 21:43:50.593 DEBUG  [7D024B\2CDE84] Autorouter Failed to route connection between polylinetrace, polylinetrace, polylinetrace, pin #12 of component #71, pin #7 of component #71, pin of component #35, pin #1 of component #21, pin of component #5 and pin of component #36, because no connection was found between their nets.
2026-09-07 21:43:50.639 DEBUG  [7D024B\2CDE84] Autorouter Failed to route connection between pin #18 of component #69 and pin #12 of component #65, because no connection was found between their nets.
2026-09-07 21:43:50.684 DEBUG  [7D024B\2CDE84] Autorouter Failed to route connection between pin #19 of component #69 and pin #7 of component #65, because no connection was found between their nets.
2026-09-07 21:43:50.711 DEBUG  InsertFoundConnectionAlgo: insert trace failed for net #10
2026-09-07 21:43:50.712 DEBUG  [7D024B\2CDE84] Autorouter Failed to route connection between pin #8 of component #38 and polylinetrace, polylinetrace, pin of component #64, pin #7 of component #38, because the new connection could not be inserted.
2026-09-07 21:43:50.746 DEBUG  [7D024B\2CDE84] Autorouter Failed to route connection between pin of component #14 and polylinetrace, polylinetrace, polylinetrace, pin #5 of component #70, pin #44 of component #69, pin #1 of component #29, because no connection was found between their nets.
2026-09-07 21:43:50.780 DEBUG  [7D024B\2CDE84] Autorouter Failed to route connection between pin #21 of component #69 and pin #17 of component #65, because no connection was found between their nets.
2026-09-07 21:43:50.811 DEBUG  [7D024B\2CDE84] Autorouter Failed to route connection between pin #5 of component #65 and pin #11 of component #69, because no connection was found between their nets.
2026-09-07 21:43:50.853 DEBUG  [7D024B\2CDE84] Autorouter Failed to route connection between polylinetrace, polylinetrace, polylinetrace, pin #5 of component #70, pin #44 of component #69, pin #1 of component #29 and pin of component #14, because no connection was found between their nets.
2026-09-07 21:43:50.889 DEBUG  [7D024B\2CDE84] Autorouter Failed to route connection between pin #11 of component #69 and pin #5 of component #65, because no connection was found between their nets.
2026-09-07 21:43:50.962 DEBUG  [7D024B\2CDE84] Autorouter Failed to route connection between pin #1 of component #20 and pin #11 of component #65, because no connection was found between their nets.
2026-09-07 21:43:51.037 DEBUG  [7D024B\2CDE84] Autorouter Failed to route connection between pin #12 of component #69 and pin #3 of component #65, because no connection was found between their nets.
2026-09-07 21:43:51.082 DEBUG  InsertFoundConnectionAlgo: insert trace failed for net #5
2026-09-07 21:43:51.083 DEBUG  [7D024B\2CDE84] Autorouter Failed to route connection between polylinetrace, polylinetrace, polylinetrace, polylinetrace, polylinetrace, polylinetrace, polylinetrace, polylinetrace, polylinetrace, polylinetrace, via, polylinetrace, via, polylinetrace, polylinetrace, polylinetrace, polylinetrace, polylinetrace, polylinetrace, polylinetrace, polylinetrace, polylinetrace, polylinetrace, polylinetrace, polylinetrace, polylinetrace, polylinetrace, polylinetrace, polylinetrace, polylinetrace, polylinetrace, polylinetrace, polylinetrace, polylinetrace, polylinetrace, polylinetrace, pin #1 of component #70, pin #2 of component #69, pin of component #68, pin of component #67, pin of component #66, pin #13 of component #65, pin #2 of component #63, pin of component #63, pin #2 of component #62, pin of component #62, pin of component #49, pin #2 of component #38, pin of component #32, pin of component #29, pin of component #25, pin of component #24, pin of component #21, pin of component #19, pin of component #18, pin of component #16, pin of component #13, pin of component #10, pin of component #3, pin of component #2 and polylinetrace, pin #4 of component #38, pin #3 of component #38, because the new connection could not be inserted.
2026-09-07 21:43:51.230 DEBUG  InsertFoundConnectionAlgo: insert trace failed for net #5
2026-09-07 21:43:51.230 DEBUG  [7D024B\2CDE84] Autorouter Failed to route connection between polylinetrace, polylinetrace, polylinetrace, polylinetrace, polylinetrace, polylinetrace, polylinetrace, polylinetrace, polylinetrace, polylinetrace, polylinetrace, polylinetrace, polylinetrace, polylinetrace, polylinetrace, polylinetrace, polylinetrace, polylinetrace, polylinetrace, polylinetrace, polylinetrace, pin #13 of component #65, pin #2 of component #63, pin of component #63, pin #2 of component #62, pin of component #62, pin #4 of component #38, pin #3 of component #38, pin #2 of component #38, pin of component #32, pin of component #24, pin of component #21, pin of component #19, pin of component #18, pin of component #16, pin of component #13, pin of component #10, pin of component #3 and polylinetrace, polylinetrace, polylinetrace, polylinetrace, via, polylinetrace, via, polylinetrace, polylinetrace, polylinetrace, polylinetrace, polylinetrace, polylinetrace, polylinetrace, polylinetrace, polylinetrace, pin #1 of component #70, pin #2 of component #69, pin of component #68, pin of component #67, pin of component #66, pin of component #49, pin of component #29, pin of component #25, pin of component #2, because the new connection could not be inserted.
2026-09-07 21:43:51.262 DEBUG  InsertFoundConnectionAlgo: insert trace failed for net #10
2026-09-07 21:43:51.263 DEBUG  [7D024B\2CDE84] Autorouter Failed to route connection between polylinetrace, polylinetrace, polylinetrace, polylinetrace, pin of component #64, pin #7 of component #38 and pin #8 of component #38, because the new connection could not be inserted.
2026-09-07 21:43:51.301 DEBUG  [7D024B\2CDE84] Autorouter Failed to route connection between polylinetrace, polylinetrace, polylinetrace, pin #12 of component #71, pin of component #36, pin of component #35, pin #1 of component #21, pin of component #5 and pin #7 of component #71, because the maze search algorithm could not be created.
2026-09-07 21:43:51.337 DEBUG  [7D024B\2CDE84] Autorouter Failed to route connection between pin #10 of component #65 and pin #17 of component #69, because no connection was found between their nets.
2026-09-07 21:43:51.668 DEBUG  [7D024B\2CDE84] Autorouter Failed to route connection between pin #3 of component #65 and pin #12 of component #69, because no connection was found between their nets.
2026-09-07 21:43:51.696 DEBUG  [7D024B\2CDE84] Autorouter Failed to route connection between pin #1 of component #28 and polylinetrace, pin of component #61, pin of component #33, because no connection was found between their nets.
2026-09-07 21:43:51.755 INFO   [7D024B\2CDE84] Auto-router pass #2 on board '98f34ef13bdac2847249440e74e3fa8d' was completed in 6.08 seconds with the score of 931.26 (33 unrouted), using 124.34 CPU seconds and 5692 MB memory.
2026-09-07 21:43:51.860 DEBUG  [7D024B\2CDE84] Autorouter Failed to route connection between pin #15 of component #69 and pin #6 of component #65, because no connection was found between their nets.
2026-09-07 21:43:51.902 DEBUG  [7D024B\2CDE84] Autorouter Failed to route connection between pin #8 of component #69, pin #21 of component #65 and pin #1 of component #18, because the maze search algorithm could not be created.
2026-09-07 21:43:51.934 DEBUG  [7D024B\2CDE84] Autorouter Failed to route connection between pin #14 of component #69 and pin #4 of component #65, because the maze search algorithm could not be created.
2026-09-07 21:43:51.978 DEBUG  InsertFoundConnectionAlgo: insert trace failed for net #41
2026-09-07 21:43:51.979 DEBUG  [7D024B\2CDE84] Autorouter Failed to route connection between polylinetrace, polylinetrace, polylinetrace, polylinetrace, polylinetrace, polylinetrace, polylinetrace, via, via, pin #36 of component #69 and pin of component #28, because the new connection could not be inserted.
2026-09-07 21:43:52.014 DEBUG  [7D024B\2CDE84] Autorouter Failed to route connection between pin #10 of component #65 and pin #17 of component #69, because the maze search algorithm could not be created.
2026-09-07 21:43:52.062 DEBUG  [7D024B\2CDE84] Autorouter Failed to route connection between pin #18 of component #69 and pin #12 of component #65, because the maze search algorithm could not be created.
2026-09-07 21:43:52.103 DEBUG  InsertFoundConnectionAlgo: insert trace failed for net #10
2026-09-07 21:43:52.103 DEBUG  [7D024B\2CDE84] Autorouter Failed to route connection between polylinetrace, polylinetrace, pin of component #64, pin #7 of component #38 and pin #8 of component #38, because the new connection could not be inserted.
2026-09-07 21:43:52.137 DEBUG  [7D024B\2CDE84] Autorouter Failed to route connection between polylinetrace, polylinetrace, polylinetrace, polylinetrace, via, polylinetrace, via, polylinetrace, pin #19 of component #65, pin #1 of component #32 and pin #9 of component #69, because the maze search algorithm could not be created.
2026-09-07 21:43:52.172 DEBUG  [7D024B\2CDE84] Autorouter Failed to route connection between pin #18 of component #65 and polylinetrace, pin #1 of component #16, pin of component #9, because no connection was found between their nets.
2026-09-07 21:43:52.210 DEBUG  [7D024B\2CDE84] Autorouter Failed to route connection between polylinetrace, polylinetrace, polylinetrace, pin #5 of component #70, pin #44 of component #69, pin #1 of component #29 and pin of component #14, because the maze search algorithm could not be created.
2026-09-07 21:43:52.244 DEBUG  [7D024B\2CDE84] Autorouter Failed to route connection between pin #28 of component #69, pin #1 of component #24 and pin #22 of component #71, because the maze search algorithm could not be created.
2026-09-07 21:43:52.281 DEBUG  [7D024B\2CDE84] Autorouter Failed to route connection between pin #7 of component #69, pin #16 of component #65 and pin of component #30, because no connection was found between their nets.
2026-09-07 21:43:52.309 DEBUG  [7D024B\2CDE84] Autorouter Failed to route connection between pin of component #8 and pin #19 of component #71, because the maze search algorithm could not be created.
2026-09-07 21:43:52.338 DEBUG  [7D024B\2CDE84] Autorouter Failed to route connection between pin #21 of component #69 and pin #17 of component #65, because the maze search algorithm could not be created.
2026-09-07 21:43:52.360 DEBUG  [7D024B\2CDE84] Autorouter Failed to route connection between pin #3 of component #70 and pin #39 of component #69, because the maze search algorithm could not be created.
2026-09-07 21:43:52.379 DEBUG  [7D024B\2CDE84] Autorouter Failed to route connection between pin #11 of component #65 and pin #1 of component #20, because the maze search algorithm could not be created.
2026-09-07 21:43:52.402 DEBUG  [7D024B\2CDE84] Autorouter Failed to route connection between pin #5 of component #65 and pin #11 of component #69, because the maze search algorithm could not be created.
2026-09-07 21:43:52.427 DEBUG  InsertFoundConnectionAlgo: insert trace failed for net #13
2026-09-07 21:43:52.427 DEBUG  [7D024B\2CDE84] Autorouter Failed to route connection between pin #23 of component #71, pin #1 of component #19 and pin #27 of component #69, because the new connection could not be inserted.
2026-09-07 21:43:52.461 DEBUG  [7D024B\2CDE84] Autorouter Failed to route connection between pin #7 of component #69, pin of component #30 and pin #16 of component #65, because no connection was found between their nets.
2026-09-07 21:43:52.486 DEBUG  [7D024B\2CDE84] Autorouter Failed to route connection between pin of component #23 and pin #35 of component #69, because no connection was found between their nets.
2026-09-07 21:43:52.512 DEBUG  [7D024B\2CDE84] Autorouter Failed to route connection between pin #22 of component #71, pin #1 of component #24 and pin #28 of component #69, because the maze search algorithm could not be created.
2026-09-07 21:43:52.543 DEBUG  [7D024B\2CDE84] Autorouter Failed to route connection between polylinetrace, polylinetrace, polylinetrace, pin #12 of component #71, pin #7 of component #71, pin of component #35, pin #1 of component #21, pin of component #5 and pin of component #36, because the maze search algorithm could not be created.
2026-09-07 21:43:52.568 DEBUG  [7D024B\2CDE84] Autorouter Failed to route connection between pin #35 of component #69 and pin of component #23, because no connection was found between their nets.
2026-09-07 21:43:52.588 DEBUG  [7D024B\2CDE84] Autorouter Failed to route connection between pin #4 of component #65 and pin #14 of component #69, because the maze search algorithm could not be created.
2026-09-07 21:43:52.609 DEBUG  [7D024B\2CDE84] Autorouter Failed to route connection between pin #15 of component #65 and pin #20 of component #69, because the maze search algorithm could not be created.
2026-09-07 21:43:52.635 DEBUG  [7D024B\2CDE84] Autorouter Failed to route connection between pin #39 of component #69 and pin #3 of component #70, because no connection was found between their nets.
2026-09-07 21:43:52.663 DEBUG  [7D024B\2CDE84] Autorouter Failed to route connection between pin #8 of component #65 and pin #16 of component #69, because no connection was found between their nets.
2026-09-07 21:43:52.698 DEBUG  InsertFoundConnectionAlgo: insert trace failed for net #5
2026-09-07 21:43:52.699 DEBUG  [7D024B\2CDE84] Autorouter Failed to route connection between polylinetrace, polylinetrace, polylinetrace, polylinetrace, polylinetrace, polylinetrace, polylinetrace, polylinetrace, polylinetrace, polylinetrace, polylinetrace, polylinetrace, via, polylinetrace, via, polylinetrace, polylinetrace, polylinetrace, polylinetrace, polylinetrace, polylinetrace, polylinetrace, polylinetrace, polylinetrace, polylinetrace, polylinetrace, polylinetrace, polylinetrace, polylinetrace, polylinetrace, polylinetrace, polylinetrace, polylinetrace, polylinetrace, polylinetrace, pin #1 of component #70, pin #2 of component #69, pin of component #68, pin of component #67, pin of component #66, pin #13 of component #65, pin #2 of component #63, pin of component #63, pin #2 of component #62, pin of component #62, pin of component #49, pin #2 of component #38, pin of component #32, pin of component #29, pin of component #25, pin of component #24, pin of component #21, pin of component #19, pin of component #18, pin of component #16, pin of component #13, pin of component #10, pin of component #3, pin of component #2 and polylinetrace, pin #4 of component #38, pin #3 of component #38, because the new connection could not be inserted.
2026-09-07 21:43:52.725 DEBUG  [7D024B\2CDE84] Autorouter Failed to route connection between pin #17 of component #69 and pin #10 of component #65, because the maze search algorithm could not be created.
2026-09-07 21:43:52.748 DEBUG  [7D024B\2CDE84] Autorouter Failed to route connection between pin #20 of component #69 and pin #15 of component #65, because the maze search algorithm could not be created.
2026-09-07 21:43:52.777 DEBUG  [7D024B\2CDE84] Autorouter Failed to route connection between pin #1 of component #28 and polylinetrace, pin of component #61, pin of component #33, because the maze search algorithm could not be created.
2026-09-07 21:43:52.801 DEBUG  [7D024B\2CDE84] Autorouter Failed to route connection between pin #22 of component #71, pin #28 of component #69 and pin #1 of component #24, because the maze search algorithm could not be created.
2026-09-07 21:43:52.836 DEBUG  [7D024B\2CDE84] Autorouter Failed to route connection between pin #19 of component #69 and pin #7 of component #65, because the maze search algorithm could not be created.
2026-09-07 21:43:52.867 DEBUG  [7D024B\2CDE84] Autorouter Failed to route connection between pin #11 of component #69 and pin #5 of component #65, because the maze search algorithm could not be created.
2026-09-07 21:43:52.892 DEBUG  [7D024B\2CDE84] Autorouter Failed to route connection between pin of component #14 and polylinetrace, polylinetrace, polylinetrace, pin #5 of component #70, pin #44 of component #69, pin #1 of component #29, because the maze search algorithm could not be created.
2026-09-07 21:43:52.917 DEBUG  [7D024B\2CDE84] Autorouter Failed to route connection between pin #12 of component #65 and pin #18 of component #69, because the maze search algorithm could not be created.
2026-09-07 21:43:52.943 DEBUG  [7D024B\2CDE84] Autorouter Failed to route connection between pin #12 of component #69 and pin #3 of component #65, because the maze search algorithm could not be created.
2026-09-07 21:43:52.967 DEBUG  [7D024B\2CDE84] Autorouter Failed to route connection between pin #19 of component #71 and pin of component #8, because no connection was found between their nets.
2026-09-07 21:43:52.992 DEBUG  [7D024B\2CDE84] Autorouter Failed to route connection between polylinetrace, pin #1 of component #16, pin of component #9 and pin #18 of component #65, because no connection was found between their nets.
2026-09-07 21:43:53.018 DEBUG  [7D024B\2CDE84] Autorouter Failed to route connection between pin of component #28 and polylinetrace, polylinetrace, polylinetrace, polylinetrace, polylinetrace, polylinetrace, polylinetrace, via, via, pin #36 of component #69, because no connection was found between their nets.
2026-09-07 21:43:53.050 DEBUG  [7D024B\2CDE84] Autorouter Failed to route connection between pin #16 of component #69 and pin #8 of component #65, because the maze search algorithm could not be created.
2026-09-07 21:43:53.076 DEBUG  [7D024B\2CDE84] Autorouter Failed to route connection between pin #8 of component #69, pin #1 of component #18 and pin #21 of component #65, because the maze search algorithm could not be created.
2026-09-07 21:43:53.101 DEBUG  InsertFoundConnectionAlgo: insert trace failed for net #10
2026-09-07 21:43:53.101 DEBUG  [7D024B\2CDE84] Autorouter Failed to route connection between pin #8 of component #38 and polylinetrace, polylinetrace, pin of component #64, pin #7 of component #38, because the new connection could not be inserted.
2026-09-07 21:43:53.135 DEBUG  [7D024B\2CDE84] Autorouter Failed to route connection between pin #9 of component #69 and polylinetrace, polylinetrace, polylinetrace, polylinetrace, via, polylinetrace, via, polylinetrace, pin #19 of component #65, pin #1 of component #32, because the maze search algorithm could not be created.
2026-09-07 21:43:53.163 DEBUG  [7D024B\2CDE84] Autorouter Failed to route connection between pin #7 of component #65 and pin #19 of component #69, because no connection was found between their nets.
2026-09-07 21:43:53.196 DEBUG  [7D024B\2CDE84] Autorouter Failed to route connection between pin #27 of component #69, pin #1 of component #19 and pin #23 of component #71, because no connection was found between their nets.
2026-09-07 21:43:53.224 DEBUG  [7D024B\2CDE84] Autorouter Failed to route connection between pin #17 of component #65 and pin #21 of component #69, because the maze search algorithm could not be created.
2026-09-07 21:43:53.254 DEBUG  InsertFoundConnectionAlgo: insert trace failed for net #5
2026-09-07 21:43:53.255 DEBUG  [7D024B\2CDE84] Autorouter Failed to route connection between polylinetrace, polylinetrace, polylinetrace, polylinetrace, polylinetrace, polylinetrace, polylinetrace, polylinetrace, polylinetrace, polylinetrace, polylinetrace, polylinetrace, via, polylinetrace, via, polylinetrace, polylinetrace, polylinetrace, polylinetrace, polylinetrace, polylinetrace, polylinetrace, polylinetrace, polylinetrace, polylinetrace, polylinetrace, polylinetrace, polylinetrace, polylinetrace, polylinetrace, polylinetrace, polylinetrace, polylinetrace, polylinetrace, polylinetrace, polylinetrace, pin #1 of component #70, pin #2 of component #69, pin of component #68, pin of component #67, pin of component #66, pin #13 of component #65, pin #2 of component #63, pin of component #63, pin #2 of component #62, pin of component #62, pin of component #49, pin #4 of component #38, pin #3 of component #38, pin of component #32, pin of component #29, pin of component #25, pin of component #24, pin of component #21, pin of component #19, pin of component #18, pin of component #16, pin of component #13, pin of component #10, pin of component #3, pin of component #2 and pin #2 of component #38, because the new connection could not be inserted.
2026-09-07 21:43:53.287 DEBUG  [7D024B\2CDE84] Autorouter Failed to route connection between pin #3 of component #65 and pin #12 of component #69, because the maze search algorithm could not be created.
2026-09-07 21:43:53.310 DEBUG  [7D024B\2CDE84] Autorouter Failed to route connection between polylinetrace, polylinetrace, polylinetrace, pin #7 of component #71, pin of component #36, pin of component #35, pin #1 of component #21, pin of component #5 and pin #12 of component #71, because the maze search algorithm could not be created.
2026-09-07 21:43:53.333 DEBUG  [7D024B\2CDE84] Autorouter Failed to route connection between pin #1 of component #20 and pin #11 of component #65, because the maze search algorithm could not be created.
2026-09-07 21:43:53.359 DEBUG  [7D024B\2CDE84] Autorouter Failed to route connection between pin #21 of component #65, pin #1 of component #18 and pin #8 of component #69, because the maze search algorithm could not be created.
2026-09-07 21:43:53.385 DEBUG  [7D024B\2CDE84] Autorouter Failed to route connection between pin #6 of component #65 and pin #15 of component #69, because no connection was found between their nets.
2026-09-07 21:43:53.417 DEBUG  [7D024B\2CDE84] Autorouter Failed to route connection between polylinetrace, pin of component #61, pin of component #33 and pin #1 of component #28, because the maze search algorithm could not be created.
2026-09-07 21:43:53.436 DEBUG  [7D024B\2CDE84] Autorouter Failed to route connection between pin #12 of component #71, pin #7 of component #71, pin of component #36 and polylinetrace, polylinetrace, polylinetrace, pin of component #35, pin #1 of component #21, pin of component #5, because the maze search algorithm could not be created.
2026-09-07 21:43:53.462 DEBUG  [7D024B\2CDE84] Autorouter Failed to route connection between polylinetrace, polylinetrace, polylinetrace, pin #12 of component #71, pin of component #36, pin of component #35, pin #1 of component #21, pin of component #5 and pin #7 of component #71, because the maze search algorithm could not be created.
2026-09-07 21:43:53.486 DEBUG  [7D024B\2CDE84] Autorouter Failed to route connection between pin #16 of component #65, pin of component #30 and pin #7 of component #69, because the maze search algorithm could not be created.
2026-09-07 21:43:53.522 DEBUG  InsertFoundConnectionAlgo: insert trace failed for net #5
2026-09-07 21:43:53.522 DEBUG  [7D024B\2CDE84] Autorouter Failed to route connection between polylinetrace, pin #4 of component #38, pin #3 of component #38, pin #2 of component #38 and polylinetrace, polylinetrace, polylinetrace, polylinetrace, polylinetrace, polylinetrace, polylinetrace, polylinetrace, polylinetrace, polylinetrace, polylinetrace, polylinetrace, via, polylinetrace, via, polylinetrace, polylinetrace, polylinetrace, polylinetrace, polylinetrace, polylinetrace, polylinetrace, polylinetrace, polylinetrace, polylinetrace, polylinetrace, polylinetrace, polylinetrace, polylinetrace, polylinetrace, polylinetrace, polylinetrace, polylinetrace, polylinetrace, polylinetrace, pin #1 of component #70, pin #2 of component #69, pin of component #68, pin of component #67, pin of component #66, pin #13 of component #65, pin #2 of component #63, pin of component #63, pin #2 of component #62, pin of component #62, pin of component #49, pin of component #32, pin of component #29, pin of component #25, pin of component #24, pin of component #21, pin of component #19, pin of component #18, pin of component #16, pin of component #13, pin of component #10, pin of component #3, pin of component #2, because the new connection could not be inserted.
2026-09-07 21:43:53.546 DEBUG  InsertFoundConnectionAlgo: insert trace failed for net #13
2026-09-07 21:43:53.546 DEBUG  [7D024B\2CDE84] Autorouter Failed to route connection between pin #23 of component #71, pin #27 of component #69 and pin #1 of component #19, because the new connection could not be inserted.
2026-09-07 21:43:53.584 INFO   [7D024B\2CDE84] Auto-router pass #3 on board '60396e32e44b6e0d12aff94e0939c727' was completed in 1.77 seconds with the score of 931.00 (33 unrouted), using 139.86 CPU seconds and 6150 MB memory.
2026-09-07 21:43:57.468 DEBUG  InsertFoundConnectionAlgo: insert trace failed for net #5
2026-09-07 21:43:57.468 DEBUG  [7D024B\2CDE84] Autorouter Failed to route connection between polylinetrace, polylinetrace, polylinetrace, polylinetrace, polylinetrace, polylinetrace, polylinetrace, polylinetrace, polylinetrace, polylinetrace, polylinetrace, polylinetrace, polylinetrace, via, polylinetrace, via, polylinetrace, polylinetrace, polylinetrace, polylinetrace, polylinetrace, polylinetrace, polylinetrace, polylinetrace, polylinetrace, polylinetrace, polylinetrace, polylinetrace, polylinetrace, polylinetrace, polylinetrace, polylinetrace, polylinetrace, polylinetrace, polylinetrace, polylinetrace, pin #1 of component #70, pin #2 of component #69, pin of component #68, pin of component #67, pin of component #66, pin #13 of component #65, pin #2 of component #63, pin of component #63, pin #2 of component #62, pin of component #62, pin of component #49, pin #4 of component #38, pin #3 of component #38, pin of component #32, pin of component #29, pin of component #25, pin of component #24, pin of component #21, pin of component #19, pin of component #18, pin of component #16, pin of component #13, pin of component #10, pin of component #3, pin of component #2 and pin #2 of component #38, because the new connection could not be inserted.
2026-09-07 21:44:04.375 DEBUG  InsertFoundConnectionAlgo: insert trace failed for net #5
2026-09-07 21:44:04.376 DEBUG  [7D024B\2CDE84] Autorouter Failed to route connection between polylinetrace, polylinetrace, polylinetrace, polylinetrace, polylinetrace, polylinetrace, polylinetrace, polylinetrace, polylinetrace, polylinetrace, polylinetrace, polylinetrace, polylinetrace, via, polylinetrace, via, polylinetrace, polylinetrace, polylinetrace, polylinetrace, polylinetrace, polylinetrace, polylinetrace, polylinetrace, polylinetrace, polylinetrace, polylinetrace, polylinetrace, polylinetrace, polylinetrace, polylinetrace, polylinetrace, polylinetrace, polylinetrace, polylinetrace, pin #1 of component #70, pin #2 of component #69, pin of component #68, pin of component #67, pin of component #66, pin #13 of component #65, pin #2 of component #63, pin of component #63, pin #2 of component #62, pin of component #62, pin of component #49, pin #2 of component #38, pin of component #32, pin of component #29, pin of component #25, pin of component #24, pin of component #21, pin of component #19, pin of component #18, pin of component #16, pin of component #13, pin of component #10, pin of component #3, pin of component #2 and polylinetrace, pin #4 of component #38, pin #3 of component #38, because the new connection could not be inserted.
2026-09-07 21:44:10.146 DEBUG  InsertFoundConnectionAlgo: insert trace failed for net #5
2026-09-07 21:44:10.148 DEBUG  [7D024B\2CDE84] Autorouter Failed to route connection between polylinetrace, pin #4 of component #38, pin #3 of component #38, pin #2 of component #38 and polylinetrace, polylinetrace, polylinetrace, polylinetrace, polylinetrace, polylinetrace, polylinetrace, polylinetrace, polylinetrace, polylinetrace, polylinetrace, polylinetrace, polylinetrace, via, polylinetrace, via, polylinetrace, polylinetrace, polylinetrace, polylinetrace, polylinetrace, polylinetrace, polylinetrace, polylinetrace, polylinetrace, polylinetrace, polylinetrace, polylinetrace, polylinetrace, polylinetrace, polylinetrace, polylinetrace, polylinetrace, polylinetrace, polylinetrace, pin #1 of component #70, pin #2 of component #69, pin of component #68, pin of component #67, pin of component #66, pin #13 of component #65, pin #2 of component #63, pin of component #63, pin #2 of component #62, pin of component #62, pin of component #49, pin of component #32, pin of component #29, pin of component #25, pin of component #24, pin of component #21, pin of component #19, pin of component #18, pin of component #16, pin of component #13, pin of component #10, pin of component #3, pin of component #2, because the new connection could not be inserted.
2026-09-07 21:44:10.187 DEBUG  InsertFoundConnectionAlgo: insert trace failed for net #10
2026-09-07 21:44:10.188 DEBUG  [7D024B\2CDE84] Autorouter Failed to route connection between polylinetrace, polylinetrace, pin of component #64, pin #7 of component #38 and pin #8 of component #38, because the new connection could not be inserted.
2026-09-07 21:44:11.715 DEBUG  InsertFoundConnectionAlgo: insert trace failed for net #7
2026-09-07 21:44:11.716 DEBUG  [7D024B\2CDE84] Autorouter Failed to route connection between polylinetrace, polylinetrace, polylinetrace, polylinetrace, pin #12 of component #71, pin of component #36, pin of component #35, pin #1 of component #21, pin of component #5 and pin #7 of component #71, because the new connection could not be inserted.
2026-09-07 21:44:14.544 DEBUG  OptViaAlgo.opt_via_location: probably endless loop
2026-09-07 21:44:15.069 DEBUG  InsertFoundConnectionAlgo: insert trace failed for net #10
2026-09-07 21:44:15.069 DEBUG  [7D024B\2CDE84] Autorouter Failed to route connection between pin #8 of component #38 and polylinetrace, polylinetrace, pin of component #64, pin #7 of component #38, because the new connection could not be inserted.
2026-09-07 21:44:16.846 DEBUG  InsertFoundConnectionAlgo: insert trace failed for net #17
2026-09-07 21:44:16.846 DEBUG  [7D024B\2CDE84] Autorouter Failed to route connection between pin #1 of component #20 and pin #11 of component #65, because the new connection could not be inserted.
2026-09-07 21:44:18.123 DEBUG  InsertFoundConnectionAlgo: insert trace failed for net #30
2026-09-07 21:44:18.124 DEBUG  [7D024B\2CDE84] Autorouter Failed to route connection between pin #11 of component #69 and polylinetrace, polylinetrace, polylinetrace, polylinetrace, polylinetrace, polylinetrace, polylinetrace, polylinetrace, polylinetrace, polylinetrace, polylinetrace, via, via, pin #5 of component #65, because the new connection could not be inserted.
2026-09-07 21:44:18.220 INFO   [7D024B\2CDE84] Auto-router pass #4 on board '4caece41feb5a79586c9a4f11e0b0add' was completed in 24.59 seconds with the score of 967.56 (16 unrouted), using 833.62 CPU seconds and 17450 MB memory.
2026-09-07 21:44:18.613 DEBUG  [7D024B\2CDE84] Autorouter Failed to route connection between polylinetrace, polylinetrace, polylinetrace, via, polylinetrace, via, polylinetrace, pin #11 of component #65 and pin #1 of component #20, because no connection was found between their nets.
2026-09-07 21:44:18.658 DEBUG  InsertFoundConnectionAlgo: insert trace failed for net #10
2026-09-07 21:44:18.658 DEBUG  [7D024B\2CDE84] Autorouter Failed to route connection between pin #8 of component #38 and polylinetrace, polylinetrace, pin of component #64, pin #7 of component #38, because the new connection could not be inserted.
2026-09-07 21:44:19.150 DEBUG  InsertFoundConnectionAlgo: insert trace failed for net #10
2026-09-07 21:44:19.150 DEBUG  [7D024B\2CDE84] Autorouter Failed to route connection between polylinetrace, polylinetrace, polylinetrace, polylinetrace, pin of component #64, pin #7 of component #38 and pin #8 of component #38, because the new connection could not be inserted.
2026-09-07 21:44:19.202 DEBUG  [7D024B\2CDE84] Autorouter Failed to route connection between pin #24 of component #69 and pin #11 of component #71, because no connection was found between their nets.
2026-09-07 21:44:19.249 DEBUG  [7D024B\2CDE84] Autorouter Failed to route connection between pin #17 of component #69 and pin #10 of component #65, because the maze search algorithm could not be created.
2026-09-07 21:44:19.323 DEBUG  [7D024B\2CDE84] Autorouter Failed to route connection between polylinetrace, polylinetrace, polylinetrace, polylinetrace, polylinetrace, polylinetrace, polylinetrace, via, via, pin #5 of component #65 and pin #11 of component #69, because no connection was found between their nets.
2026-09-07 21:44:19.368 DEBUG  [7D024B\2CDE84] Autorouter Failed to route connection between pin #11 of component #71 and pin #24 of component #69, because no connection was found between their nets.
2026-09-07 21:44:19.415 DEBUG  [7D024B\2CDE84] Autorouter Failed to route connection between pin #6 of component #65 and polylinetrace, polylinetrace, polylinetrace, polylinetrace, polylinetrace, polylinetrace, polylinetrace, via, pin #15 of component #69, because the maze search algorithm could not be created.
2026-09-07 21:44:19.461 DEBUG  InsertFoundConnectionAlgo: insert trace failed for net #5
2026-09-07 21:44:19.461 DEBUG  [7D024B\2CDE84] Autorouter Failed to route connection between polylinetrace, polylinetrace, polylinetrace, polylinetrace, polylinetrace, polylinetrace, polylinetrace, polylinetrace, polylinetrace, polylinetrace, polylinetrace, via, polylinetrace, via, polylinetrace, polylinetrace, polylinetrace, polylinetrace, polylinetrace, polylinetrace, polylinetrace, polylinetrace, polylinetrace, polylinetrace, polylinetrace, polylinetrace, polylinetrace, polylinetrace, polylinetrace, polylinetrace, polylinetrace, polylinetrace, polylinetrace, polylinetrace, polylinetrace, polylinetrace, polylinetrace, polylinetrace, polylinetrace, polylinetrace, polylinetrace, polylinetrace, polylinetrace, polylinetrace, polylinetrace, pin #1 of component #70, pin #2 of component #69, pin of component #68, pin of component #67, pin of component #66, pin #13 of component #65, pin #2 of component #63, pin of component #63, pin #2 of component #62, pin of component #62, pin of component #49, pin #4 of component #38, pin #3 of component #38, pin of component #32, pin of component #29, pin of component #25, pin of component #24, pin of component #21, pin of component #19, pin of component #18, pin of component #16, pin of component #13, pin of component #10, pin of component #3, pin of component #2 and pin #2 of component #38, because the new connection could not be inserted.
2026-09-07 21:44:19.502 DEBUG  [7D024B\2CDE84] Autorouter Failed to route connection between pin of component #27 and pin #34 of component #69, because no connection was found between their nets.
2026-09-07 21:44:19.548 DEBUG  [7D024B\2CDE84] Autorouter Failed to route connection between pin #1 of component #20 and polylinetrace, polylinetrace, polylinetrace, via, polylinetrace, via, polylinetrace, pin #11 of component #65, because the maze search algorithm could not be created.
2026-09-07 21:44:19.586 DEBUG  [7D024B\2CDE84] Autorouter Failed to route connection between pin #2 of component #65 and pin #13 of component #69, because no connection was found between their nets.
2026-09-07 21:44:19.623 DEBUG  [7D024B\2CDE84] Autorouter Failed to route connection between pin #11 of component #69 and polylinetrace, polylinetrace, polylinetrace, polylinetrace, polylinetrace, polylinetrace, polylinetrace, via, via, pin #5 of component #65, because the maze search algorithm could not be created.
2026-09-07 21:44:19.658 DEBUG  [7D024B\2CDE84] Autorouter Failed to route connection between pin #10 of component #65 and pin #17 of component #69, because the maze search algorithm could not be created.
2026-09-07 21:44:19.707 DEBUG  [7D024B\2CDE84] Autorouter Failed to route connection between pin #20 of component #69 and pin #15 of component #65, because the maze search algorithm could not be created.
2026-09-07 21:44:19.757 DEBUG  [7D024B\2CDE84] Autorouter Failed to route connection between pin #28 of component #69, pin #1 of component #24 and pin #22 of component #71, because the maze search algorithm could not be created.
2026-09-07 21:44:19.806 DEBUG  InsertFoundConnectionAlgo: insert trace failed for net #5
2026-09-07 21:44:19.806 DEBUG  [7D024B\2CDE84] Autorouter Failed to route connection between polylinetrace, polylinetrace, polylinetrace, polylinetrace, polylinetrace, polylinetrace, polylinetrace, polylinetrace, polylinetrace, polylinetrace, polylinetrace, via, polylinetrace, via, polylinetrace, polylinetrace, polylinetrace, polylinetrace, polylinetrace, polylinetrace, polylinetrace, polylinetrace, polylinetrace, polylinetrace, polylinetrace, polylinetrace, polylinetrace, polylinetrace, polylinetrace, polylinetrace, polylinetrace, polylinetrace, polylinetrace, polylinetrace, polylinetrace, polylinetrace, polylinetrace, polylinetrace, polylinetrace, polylinetrace, polylinetrace, polylinetrace, polylinetrace, polylinetrace, pin #1 of component #70, pin #2 of component #69, pin of component #68, pin of component #67, pin of component #66, pin #13 of component #65, pin #2 of component #63, pin of component #63, pin #2 of component #62, pin of component #62, pin of component #49, pin #2 of component #38, pin of component #32, pin of component #29, pin of component #25, pin of component #24, pin of component #21, pin of component #19, pin of component #18, pin of component #16, pin of component #13, pin of component #10, pin of component #3, pin of component #2 and polylinetrace, pin #4 of component #38, pin #3 of component #38, because the new connection could not be inserted.
2026-09-07 21:44:19.845 DEBUG  [7D024B\2CDE84] Autorouter Failed to route connection between pin #15 of component #65 and pin #20 of component #69, because the maze search algorithm could not be created.
2026-09-07 21:44:20.023 DEBUG  [7D024B\2CDE84] Autorouter Failed to route connection between polylinetrace, polylinetrace, polylinetrace, polylinetrace, polylinetrace, polylinetrace, polylinetrace, via, pin #15 of component #69 and pin #6 of component #65, because no connection was found between their nets.
2026-09-07 21:44:20.072 DEBUG  [7D024B\2CDE84] Autorouter Failed to route connection between pin #13 of component #69 and pin #2 of component #65, because no connection was found between their nets.
2026-09-07 21:44:20.108 DEBUG  [7D024B\2CDE84] Autorouter Failed to route connection between pin #22 of component #71, pin #28 of component #69 and pin #1 of component #24, because the maze search algorithm could not be created.
2026-09-07 21:44:20.143 DEBUG  [7D024B\2CDE84] Autorouter Failed to route connection between pin #22 of component #71, pin #1 of component #24 and pin #28 of component #69, because the maze search algorithm could not be created.
2026-09-07 21:44:20.182 DEBUG  [7D024B\2CDE84] Autorouter Failed to route connection between polylinetrace, polylinetrace, via, polylinetrace, via, polylinetrace, pin #23 of component #71, pin #27 of component #69 and pin #1 of component #19, because no connection was found between their nets.
2026-09-07 21:44:20.219 DEBUG  [7D024B\2CDE84] Autorouter Failed to route connection between pin #1 of component #19 and polylinetrace, polylinetrace, via, polylinetrace, via, polylinetrace, pin #23 of component #71, pin #27 of component #69, because the maze search algorithm could not be created.
2026-09-07 21:44:20.267 DEBUG  InsertFoundConnectionAlgo: insert trace failed for net #5
2026-09-07 21:44:20.268 DEBUG  [7D024B\2CDE84] Autorouter Failed to route connection between polylinetrace, pin #4 of component #38, pin #3 of component #38, pin #2 of component #38 and polylinetrace, polylinetrace, polylinetrace, polylinetrace, polylinetrace, polylinetrace, polylinetrace, polylinetrace, polylinetrace, polylinetrace, polylinetrace, via, polylinetrace, via, polylinetrace, polylinetrace, polylinetrace, polylinetrace, polylinetrace, polylinetrace, polylinetrace, polylinetrace, polylinetrace, polylinetrace, polylinetrace, polylinetrace, polylinetrace, polylinetrace, polylinetrace, polylinetrace, polylinetrace, polylinetrace, polylinetrace, polylinetrace, polylinetrace, polylinetrace, polylinetrace, polylinetrace, polylinetrace, polylinetrace, polylinetrace, polylinetrace, polylinetrace, polylinetrace, pin #1 of component #70, pin #2 of component #69, pin of component #68, pin of component #67, pin of component #66, pin #13 of component #65, pin #2 of component #63, pin of component #63, pin #2 of component #62, pin of component #62, pin of component #49, pin of component #32, pin of component #29, pin of component #25, pin of component #24, pin of component #21, pin of component #19, pin of component #18, pin of component #16, pin of component #13, pin of component #10, pin of component #3, pin of component #2, because the new connection could not be inserted.
2026-09-07 21:44:20.309 DEBUG  [7D024B\2CDE84] Autorouter Failed to route connection between pin #34 of component #69 and pin of component #27, because no connection was found between their nets.
2026-09-07 21:44:20.382 INFO   [7D024B\2CDE84] Auto-router pass #5 on board 'eed27f2a30148e753a73e5bc498c5069' was completed in 2.10 seconds with the score of 969.16 (15 unrouted), using 914.61 CPU seconds and 18352 MB memory.
2026-09-07 21:44:20.474 DEBUG  InsertFoundConnectionAlgo: insert trace failed for net #10
2026-09-07 21:44:20.475 DEBUG  [7D024B\2CDE84] Autorouter Failed to route connection between polylinetrace, polylinetrace, pin of component #64, pin #7 of component #38 and pin #8 of component #38, because the new connection could not be inserted.
2026-09-07 21:44:20.514 DEBUG  [7D024B\2CDE84] Autorouter Failed to route connection between pin #20 of component #69 and pin #15 of component #65, because the maze search algorithm could not be created.
2026-09-07 21:44:20.556 DEBUG  [7D024B\2CDE84] Autorouter Failed to route connection between pin #24 of component #69 and pin #11 of component #71, because the maze search algorithm could not be created.
2026-09-07 21:44:20.589 DEBUG  [7D024B\2CDE84] Autorouter Failed to route connection between pin #11 of component #71 and pin #24 of component #69, because the maze search algorithm could not be created.
2026-09-07 21:44:20.630 DEBUG  [7D024B\2CDE84] Autorouter Failed to route connection between pin #6 of component #65 and polylinetrace, polylinetrace, polylinetrace, polylinetrace, polylinetrace, polylinetrace, via, pin #15 of component #69, because the maze search algorithm could not be created.
2026-09-07 21:44:20.660 DEBUG  [7D024B\2CDE84] Autorouter Failed to route connection between pin #1 of component #19 and polylinetrace, polylinetrace, via, polylinetrace, via, polylinetrace, pin #23 of component #71, pin #27 of component #69, because the maze search algorithm could not be created.
2026-09-07 21:44:20.699 DEBUG  [7D024B\2CDE84] Autorouter Failed to route connection between polylinetrace, polylinetrace, via, polylinetrace, via, polylinetrace, pin #23 of component #71, pin #27 of component #69 and pin #1 of component #19, because the maze search algorithm could not be created.
2026-09-07 21:44:20.732 DEBUG  [7D024B\2CDE84] Autorouter Failed to route connection between pin of component #27 and pin #34 of component #69, because the maze search algorithm could not be created.
2026-09-07 21:44:20.774 DEBUG  InsertFoundConnectionAlgo: insert trace failed for net #5
2026-09-07 21:44:20.774 DEBUG  [7D024B\2CDE84] Autorouter Failed to route connection between polylinetrace, polylinetrace, polylinetrace, polylinetrace, polylinetrace, polylinetrace, polylinetrace, via, polylinetrace, via, polylinetrace, polylinetrace, polylinetrace, polylinetrace, polylinetrace, polylinetrace, polylinetrace, polylinetrace, polylinetrace, polylinetrace, polylinetrace, polylinetrace, polylinetrace, polylinetrace, polylinetrace, polylinetrace, polylinetrace, polylinetrace, polylinetrace, polylinetrace, polylinetrace, polylinetrace, polylinetrace, polylinetrace, polylinetrace, polylinetrace, polylinetrace, polylinetrace, polylinetrace, polylinetrace, pin #1 of component #70, pin #2 of component #69, pin of component #68, pin of component #67, pin of component #66, pin #13 of component #65, pin #2 of component #63, pin of component #63, pin #2 of component #62, pin of component #62, pin of component #49, pin #4 of component #38, pin #3 of component #38, pin of component #32, pin of component #29, pin of component #25, pin of component #24, pin of component #21, pin of component #19, pin of component #18, pin of component #16, pin of component #13, pin of component #10, pin of component #3, pin of component #2 and pin #2 of component #38, because the new connection could not be inserted.
2026-09-07 21:44:20.809 DEBUG  InsertFoundConnectionAlgo: insert trace failed for net #10
2026-09-07 21:44:20.809 DEBUG  [7D024B\2CDE84] Autorouter Failed to route connection between pin #8 of component #38 and polylinetrace, polylinetrace, pin of component #64, pin #7 of component #38, because the new connection could not be inserted.
2026-09-07 21:44:20.841 DEBUG  [7D024B\2CDE84] Autorouter Failed to route connection between pin #22 of component #71, pin #1 of component #24 and pin #28 of component #69, because the maze search algorithm could not be created.
2026-09-07 21:44:20.868 DEBUG  [7D024B\2CDE84] Autorouter Failed to route connection between pin #19 of component #65 and polylinetrace, polylinetrace, via, polylinetrace, via, polylinetrace, pin #9 of component #69, pin #1 of component #32, because the maze search algorithm could not be created.
2026-09-07 21:44:20.898 DEBUG  [7D024B\2CDE84] Autorouter Failed to route connection between pin #10 of component #65 and pin #17 of component #69, because the maze search algorithm could not be created.
2026-09-07 21:44:20.931 DEBUG  [7D024B\2CDE84] Autorouter Failed to route connection between pin #22 of component #71, pin #28 of component #69 and pin #1 of component #24, because the maze search algorithm could not be created.
2026-09-07 21:44:20.965 DEBUG  [7D024B\2CDE84] Autorouter Failed to route connection between pin #1 of component #20 and polylinetrace, polylinetrace, polylinetrace, via, polylinetrace, via, polylinetrace, pin #11 of component #65, because the maze search algorithm could not be created.
2026-09-07 21:44:20.998 DEBUG  [7D024B\2CDE84] Autorouter Failed to route connection between polylinetrace, polylinetrace, polylinetrace, polylinetrace, polylinetrace, polylinetrace, via, via, pin #5 of component #65 and pin #11 of component #69, because the maze search algorithm could not be created.
2026-09-07 21:44:21.032 DEBUG  InsertFoundConnectionAlgo: insert trace failed for net #5
2026-09-07 21:44:21.033 DEBUG  [7D024B\2CDE84] Autorouter Failed to route connection between polylinetrace, pin #4 of component #38, pin #3 of component #38, pin #2 of component #38 and polylinetrace, polylinetrace, polylinetrace, polylinetrace, polylinetrace, polylinetrace, polylinetrace, via, polylinetrace, via, polylinetrace, polylinetrace, polylinetrace, polylinetrace, polylinetrace, polylinetrace, polylinetrace, polylinetrace, polylinetrace, polylinetrace, polylinetrace, polylinetrace, polylinetrace, polylinetrace, polylinetrace, polylinetrace, polylinetrace, polylinetrace, polylinetrace, polylinetrace, polylinetrace, polylinetrace, polylinetrace, polylinetrace, polylinetrace, polylinetrace, polylinetrace, polylinetrace, polylinetrace, pin #1 of component #70, pin #2 of component #69, pin of component #68, pin of component #67, pin of component #66, pin #13 of component #65, pin #2 of component #63, pin of component #63, pin #2 of component #62, pin of component #62, pin of component #49, pin of component #32, pin of component #29, pin of component #25, pin of component #24, pin of component #21, pin of component #19, pin of component #18, pin of component #16, pin of component #13, pin of component #10, pin of component #3, pin of component #2, because the new connection could not be inserted.
2026-09-07 21:44:21.067 DEBUG  [7D024B\2CDE84] Autorouter Failed to route connection between polylinetrace, polylinetrace, via, polylinetrace, via, polylinetrace, pin #9 of component #69, pin #1 of component #32 and pin #19 of component #65, because the maze search algorithm could not be created.
2026-09-07 21:44:21.102 DEBUG  [7D024B\2CDE84] Autorouter Failed to route connection between polylinetrace, polylinetrace, polylinetrace, via, polylinetrace, via, polylinetrace, pin #11 of component #65 and pin #1 of component #20, because the maze search algorithm could not be created.
2026-09-07 21:44:21.142 DEBUG  [7D024B\2CDE84] Autorouter Failed to route connection between pin #15 of component #65 and pin #20 of component #69, because the maze search algorithm could not be created.
2026-09-07 21:44:21.172 DEBUG  [7D024B\2CDE84] Autorouter Failed to route connection between pin #34 of component #69 and pin of component #27, because the maze search algorithm could not be created.
2026-09-07 21:44:21.207 DEBUG  [7D024B\2CDE84] Autorouter Failed to route connection between pin #28 of component #69, pin #1 of component #24 and pin #22 of component #71, because the maze search algorithm could not be created.
2026-09-07 21:44:21.248 DEBUG  [7D024B\2CDE84] Autorouter Failed to route connection between pin #2 of component #65 and pin #13 of component #69, because the maze search algorithm could not be created.
2026-09-07 21:44:21.287 DEBUG  InsertFoundConnectionAlgo: insert trace failed for net #5
2026-09-07 21:44:21.289 DEBUG  [7D024B\2CDE84] Autorouter Failed to route connection between polylinetrace, polylinetrace, polylinetrace, polylinetrace, polylinetrace, polylinetrace, polylinetrace, polylinetrace, polylinetrace, via, polylinetrace, via, polylinetrace, polylinetrace, polylinetrace, polylinetrace, polylinetrace, polylinetrace, polylinetrace, polylinetrace, polylinetrace, polylinetrace, polylinetrace, polylinetrace, polylinetrace, polylinetrace, polylinetrace, polylinetrace, polylinetrace, polylinetrace, polylinetrace, polylinetrace, polylinetrace, polylinetrace, polylinetrace, polylinetrace, polylinetrace, polylinetrace, polylinetrace, polylinetrace, polylinetrace, pin #1 of component #70, pin #2 of component #69, pin of component #68, pin of component #67, pin of component #66, pin #13 of component #65, pin #2 of component #63, pin of component #63, pin #2 of component #62, pin of component #62, pin of component #49, pin #2 of component #38, pin of component #32, pin of component #29, pin of component #25, pin of component #24, pin of component #21, pin of component #19, pin of component #18, pin of component #16, pin of component #13, pin of component #10, pin of component #3, pin of component #2 and polylinetrace, pin #4 of component #38, pin #3 of component #38, because the new connection could not be inserted.
2026-09-07 21:44:21.324 DEBUG  [7D024B\2CDE84] Autorouter Failed to route connection between pin #13 of component #69 and pin #2 of component #65, because the maze search algorithm could not be created.
2026-09-07 21:44:21.356 DEBUG  [7D024B\2CDE84] Autorouter Failed to route connection between pin #11 of component #69 and polylinetrace, polylinetrace, polylinetrace, polylinetrace, polylinetrace, polylinetrace, via, via, pin #5 of component #65, because the maze search algorithm could not be created.
2026-09-07 21:44:21.388 DEBUG  [7D024B\2CDE84] Autorouter Failed to route connection between polylinetrace, polylinetrace, polylinetrace, polylinetrace, polylinetrace, polylinetrace, via, pin #15 of component #69 and pin #6 of component #65, because the maze search algorithm could not be created.
2026-09-07 21:44:21.422 DEBUG  [7D024B\2CDE84] Autorouter Failed to route connection between pin #17 of component #69 and pin #10 of component #65, because the maze search algorithm could not be created.
2026-09-07 21:44:21.467 INFO   [7D024B\2CDE84] Auto-router pass #6 on board '78b899c8ee1df60db531c998f3206997' was completed in 1.03 seconds with the score of 969.16 (15 unrouted), using 956.47 CPU seconds and 18841 MB memory.
2026-09-07 21:44:21.556 DEBUG  [7D024B\2CDE84] Autorouter Failed to route connection between pin #1 of component #19 and polylinetrace, polylinetrace, via, polylinetrace, via, polylinetrace, pin #23 of component #71, pin #27 of component #69, because the maze search algorithm could not be created.
2026-09-07 21:44:21.583 DEBUG  [7D024B\2CDE84] Autorouter Failed to route connection between polylinetrace, polylinetrace, via, polylinetrace, via, polylinetrace, pin #23 of component #71, pin #27 of component #69 and pin #1 of component #19, because the maze search algorithm could not be created.
2026-09-07 21:44:21.614 DEBUG  [7D024B\2CDE84] Autorouter Failed to route connection between pin #17 of component #69 and pin #10 of component #65, because the maze search algorithm could not be created.
2026-09-07 21:44:21.648 DEBUG  [7D024B\2CDE84] Autorouter Failed to route connection between polylinetrace, polylinetrace, polylinetrace, via, polylinetrace, via, polylinetrace, pin #11 of component #65 and pin #1 of component #20, because the maze search algorithm could not be created.
2026-09-07 21:44:21.693 DEBUG  InsertFoundConnectionAlgo: insert trace failed for net #5
2026-09-07 21:44:21.693 DEBUG  [7D024B\2CDE84] Autorouter Failed to route connection between polylinetrace, polylinetrace, polylinetrace, polylinetrace, polylinetrace, polylinetrace, polylinetrace, via, polylinetrace, via, polylinetrace, polylinetrace, polylinetrace, polylinetrace, polylinetrace, polylinetrace, polylinetrace, polylinetrace, polylinetrace, polylinetrace, polylinetrace, polylinetrace, polylinetrace, polylinetrace, polylinetrace, polylinetrace, polylinetrace, polylinetrace, polylinetrace, polylinetrace, polylinetrace, polylinetrace, polylinetrace, polylinetrace, polylinetrace, polylinetrace, polylinetrace, polylinetrace, polylinetrace, polylinetrace, pin #1 of component #70, pin #2 of component #69, pin of component #68, pin of component #67, pin of component #66, pin #13 of component #65, pin #2 of component #63, pin of component #63, pin #2 of component #62, pin of component #62, pin of component #49, pin #4 of component #38, pin #3 of component #38, pin of component #32, pin of component #29, pin of component #25, pin of component #24, pin of component #21, pin of component #19, pin of component #18, pin of component #16, pin of component #13, pin of component #10, pin of component #3, pin of component #2 and pin #2 of component #38, because the new connection could not be inserted.
2026-09-07 21:44:21.731 DEBUG  InsertFoundConnectionAlgo: insert trace failed for net #10
2026-09-07 21:44:21.732 DEBUG  [7D024B\2CDE84] Autorouter Failed to route connection between polylinetrace, polylinetrace, pin of component #64, pin #7 of component #38 and pin #8 of component #38, because the new connection could not be inserted.
2026-09-07 21:44:21.764 DEBUG  [7D024B\2CDE84] Autorouter Failed to route connection between pin of component #27 and pin #34 of component #69, because the maze search algorithm could not be created.
2026-09-07 21:44:21.797 DEBUG  [7D024B\2CDE84] Autorouter Failed to route connection between pin #24 of component #69 and pin #11 of component #71, because the maze search algorithm could not be created.
2026-09-07 21:44:21.822 DEBUG  [7D024B\2CDE84] Autorouter Failed to route connection between pin #34 of component #69 and pin of component #27, because the maze search algorithm could not be created.
2026-09-07 21:44:21.851 DEBUG  [7D024B\2CDE84] Autorouter Failed to route connection between pin #28 of component #69, pin #1 of component #24 and pin #22 of component #71, because the maze search algorithm could not be created.
2026-09-07 21:44:21.881 DEBUG  [7D024B\2CDE84] Autorouter Failed to route connection between pin #19 of component #65 and polylinetrace, polylinetrace, via, polylinetrace, via, polylinetrace, pin #9 of component #69, pin #1 of component #32, because the maze search algorithm could not be created.
2026-09-07 21:44:21.914 DEBUG  [7D024B\2CDE84] Autorouter Failed to route connection between polylinetrace, polylinetrace, polylinetrace, polylinetrace, polylinetrace, polylinetrace, via, pin #15 of component #69 and pin #6 of component #65, because the maze search algorithm could not be created.
2026-09-07 21:44:21.940 DEBUG  [7D024B\2CDE84] Autorouter Failed to route connection between pin #11 of component #69 and polylinetrace, polylinetrace, polylinetrace, polylinetrace, polylinetrace, polylinetrace, via, via, pin #5 of component #65, because the maze search algorithm could not be created.
2026-09-07 21:44:21.973 DEBUG  [7D024B\2CDE84] Autorouter Failed to route connection between pin #22 of component #71, pin #1 of component #24 and pin #28 of component #69, because the maze search algorithm could not be created.
2026-09-07 21:44:22.003 DEBUG  [7D024B\2CDE84] Autorouter Failed to route connection between polylinetrace, polylinetrace, via, polylinetrace, via, polylinetrace, pin #9 of component #69, pin #1 of component #32 and pin #19 of component #65, because the maze search algorithm could not be created.
2026-09-07 21:44:22.043 DEBUG  [7D024B\2CDE84] Autorouter Failed to route connection between pin #1 of component #20 and polylinetrace, polylinetrace, polylinetrace, via, polylinetrace, via, polylinetrace, pin #11 of component #65, because the maze search algorithm could not be created.
2026-09-07 21:44:22.080 DEBUG  InsertFoundConnectionAlgo: insert trace failed for net #5
2026-09-07 21:44:22.081 DEBUG  [7D024B\2CDE84] Autorouter Failed to route connection between polylinetrace, pin #4 of component #38, pin #3 of component #38, pin #2 of component #38 and polylinetrace, polylinetrace, polylinetrace, polylinetrace, polylinetrace, polylinetrace, polylinetrace, via, polylinetrace, via, polylinetrace, polylinetrace, polylinetrace, polylinetrace, polylinetrace, polylinetrace, polylinetrace, polylinetrace, polylinetrace, polylinetrace, polylinetrace, polylinetrace, polylinetrace, polylinetrace, polylinetrace, polylinetrace, polylinetrace, polylinetrace, polylinetrace, polylinetrace, polylinetrace, polylinetrace, polylinetrace, polylinetrace, polylinetrace, polylinetrace, polylinetrace, polylinetrace, polylinetrace, pin #1 of component #70, pin #2 of component #69, pin of component #68, pin of component #67, pin of component #66, pin #13 of component #65, pin #2 of component #63, pin of component #63, pin #2 of component #62, pin of component #62, pin of component #49, pin of component #32, pin of component #29, pin of component #25, pin of component #24, pin of component #21, pin of component #19, pin of component #18, pin of component #16, pin of component #13, pin of component #10, pin of component #3, pin of component #2, because the new connection could not be inserted.
2026-09-07 21:44:22.115 DEBUG  [7D024B\2CDE84] Autorouter Failed to route connection between pin #20 of component #69 and pin #15 of component #65, because the maze search algorithm could not be created.
2026-09-07 21:44:22.147 DEBUG  [7D024B\2CDE84] Autorouter Failed to route connection between pin #2 of component #65 and pin #13 of component #69, because the maze search algorithm could not be created.
2026-09-07 21:44:22.190 DEBUG  [7D024B\2CDE84] Autorouter Failed to route connection between polylinetrace, polylinetrace, polylinetrace, polylinetrace, polylinetrace, polylinetrace, via, via, pin #5 of component #65 and pin #11 of component #69, because the maze search algorithm could not be created.
2026-09-07 21:44:22.216 DEBUG  [7D024B\2CDE84] Autorouter Failed to route connection between pin #15 of component #65 and pin #20 of component #69, because the maze search algorithm could not be created.
2026-09-07 21:44:22.248 DEBUG  [7D024B\2CDE84] Autorouter Failed to route connection between pin #13 of component #69 and pin #2 of component #65, because the maze search algorithm could not be created.
2026-09-07 21:44:22.275 DEBUG  [7D024B\2CDE84] Autorouter Failed to route connection between pin #10 of component #65 and pin #17 of component #69, because the maze search algorithm could not be created.
2026-09-07 21:44:22.309 DEBUG  [7D024B\2CDE84] Autorouter Failed to route connection between pin #6 of component #65 and polylinetrace, polylinetrace, polylinetrace, polylinetrace, polylinetrace, polylinetrace, via, pin #15 of component #69, because the maze search algorithm could not be created.
2026-09-07 21:44:22.340 DEBUG  [7D024B\2CDE84] Autorouter Failed to route connection between pin #11 of component #71 and pin #24 of component #69, because the maze search algorithm could not be created.
2026-09-07 21:44:22.377 DEBUG  InsertFoundConnectionAlgo: insert trace failed for net #5
2026-09-07 21:44:22.377 DEBUG  [7D024B\2CDE84] Autorouter Failed to route connection between polylinetrace, polylinetrace, polylinetrace, polylinetrace, polylinetrace, polylinetrace, polylinetrace, polylinetrace, polylinetrace, via, polylinetrace, via, polylinetrace, polylinetrace, polylinetrace, polylinetrace, polylinetrace, polylinetrace, polylinetrace, polylinetrace, polylinetrace, polylinetrace, polylinetrace, polylinetrace, polylinetrace, polylinetrace, polylinetrace, polylinetrace, polylinetrace, polylinetrace, polylinetrace, polylinetrace, polylinetrace, polylinetrace, polylinetrace, polylinetrace, polylinetrace, polylinetrace, polylinetrace, polylinetrace, polylinetrace, pin #1 of component #70, pin #2 of component #69, pin of component #68, pin of component #67, pin of component #66, pin #13 of component #65, pin #2 of component #63, pin of component #63, pin #2 of component #62, pin of component #62, pin of component #49, pin #2 of component #38, pin of component #32, pin of component #29, pin of component #25, pin of component #24, pin of component #21, pin of component #19, pin of component #18, pin of component #16, pin of component #13, pin of component #10, pin of component #3, pin of component #2 and polylinetrace, pin #4 of component #38, pin #3 of component #38, because the new connection could not be inserted.
2026-09-07 21:44:22.417 DEBUG  [7D024B\2CDE84] Autorouter Failed to route connection between pin #22 of component #71, pin #28 of component #69 and pin #1 of component #24, because the maze search algorithm could not be created.
2026-09-07 21:44:22.458 DEBUG  InsertFoundConnectionAlgo: insert trace failed for net #10
2026-09-07 21:44:22.458 DEBUG  [7D024B\2CDE84] Autorouter Failed to route connection between pin #8 of component #38 and polylinetrace, polylinetrace, pin of component #64, pin #7 of component #38, because the new connection could not be inserted.
2026-09-07 21:44:22.497 INFO   [7D024B\2CDE84] Auto-router pass #7 on board 'fc454b1d1e7fc0ff0d35fc77a20cc4a0' was completed in 0.98 seconds with the score of 969.16 (15 unrouted), using 999.25 CPU seconds and 19382 MB memory.
2026-09-07 21:44:22.616 DEBUG  InsertFoundConnectionAlgo: insert trace failed for net #5
2026-09-07 21:44:22.617 DEBUG  [7D024B\2CDE84] Autorouter Failed to route connection between polylinetrace, polylinetrace, polylinetrace, polylinetrace, polylinetrace, polylinetrace, polylinetrace, via, polylinetrace, via, polylinetrace, polylinetrace, polylinetrace, polylinetrace, polylinetrace, polylinetrace, polylinetrace, polylinetrace, polylinetrace, polylinetrace, polylinetrace, polylinetrace, polylinetrace, polylinetrace, polylinetrace, polylinetrace, polylinetrace, polylinetrace, polylinetrace, polylinetrace, polylinetrace, polylinetrace, polylinetrace, polylinetrace, polylinetrace, polylinetrace, polylinetrace, polylinetrace, polylinetrace, pin #1 of component #70, pin #2 of component #69, pin of component #68, pin of component #67, pin of component #66, pin #13 of component #65, pin #2 of component #63, pin of component #63, pin #2 of component #62, pin of component #62, pin of component #49, pin #2 of component #38, pin of component #32, pin of component #29, pin of component #25, pin of component #24, pin of component #21, pin of component #19, pin of component #18, pin of component #16, pin of component #13, pin of component #10, pin of component #3, pin of component #2 and polylinetrace, pin #4 of component #38, pin #3 of component #38, because the new connection could not be inserted.
2026-09-07 21:44:23.149 DEBUG  InsertFoundConnectionAlgo: insert trace failed for net #10
2026-09-07 21:44:23.150 DEBUG  [7D024B\2CDE84] Autorouter Failed to route connection between pin #8 of component #38 and polylinetrace, polylinetrace, pin of component #64, pin #7 of component #38, because the new connection could not be inserted.
2026-09-07 21:44:23.196 DEBUG  InsertFoundConnectionAlgo: insert trace failed for net #10
2026-09-07 21:44:23.197 DEBUG  [7D024B\2CDE84] Autorouter Failed to route connection between polylinetrace, polylinetrace, polylinetrace, polylinetrace, pin of component #64, pin #7 of component #38 and pin #8 of component #38, because the new connection could not be inserted.
2026-09-07 21:44:26.576 DEBUG  InsertFoundConnectionAlgo: insert trace failed for net #39
2026-09-07 21:44:26.577 DEBUG  [7D024B\2CDE84] Autorouter Failed to route connection between pin #19 of component #65 and polylinetrace, polylinetrace, via, polylinetrace, via, polylinetrace, pin #9 of component #69, pin #1 of component #32, because the new connection could not be inserted.
2026-09-07 21:44:28.107 DEBUG  InsertFoundConnectionAlgo: insert trace failed for net #39
2026-09-07 21:44:28.108 DEBUG  [7D024B\2CDE84] Autorouter Failed to route connection between polylinetrace, polylinetrace, polylinetrace, polylinetrace, polylinetrace, polylinetrace, polylinetrace, polylinetrace, polylinetrace, polylinetrace, polylinetrace, via, via, polylinetrace, pin #9 of component #69, pin #1 of component #32 and pin #19 of component #65, because the new connection could not be inserted.
2026-09-07 21:44:30.950 DEBUG  InsertFoundConnectionAlgo: insert trace failed for net #27
2026-09-07 21:44:30.950 DEBUG  [7D024B\2CDE84] Autorouter Failed to route connection between pin #2 of component #65 and pin #13 of component #69, because the new connection could not be inserted.
2026-09-07 21:44:31.017 DEBUG  InsertFoundConnectionAlgo: insert trace failed for net #5
2026-09-07 21:44:31.018 DEBUG  [7D024B\2CDE84] Autorouter Failed to route connection between polylinetrace, polylinetrace, polylinetrace, polylinetrace, polylinetrace, polylinetrace, polylinetrace, via, polylinetrace, via, polylinetrace, polylinetrace, polylinetrace, polylinetrace, polylinetrace, polylinetrace, polylinetrace, polylinetrace, polylinetrace, polylinetrace, polylinetrace, polylinetrace, polylinetrace, polylinetrace, polylinetrace, polylinetrace, polylinetrace, polylinetrace, polylinetrace, polylinetrace, polylinetrace, polylinetrace, polylinetrace, polylinetrace, polylinetrace, polylinetrace, polylinetrace, polylinetrace, polylinetrace, polylinetrace, pin #1 of component #70, pin #2 of component #69, pin of component #68, pin of component #67, pin of component #66, pin #13 of component #65, pin #2 of component #63, pin of component #63, pin #2 of component #62, pin of component #62, pin of component #49, pin #4 of component #38, pin #3 of component #38, pin of component #32, pin of component #29, pin of component #25, pin of component #24, pin of component #21, pin of component #19, pin of component #18, pin of component #16, pin of component #13, pin of component #10, pin of component #3, pin of component #2 and pin #2 of component #38, because the new connection could not be inserted.
2026-09-07 21:44:31.072 DEBUG  InsertFoundConnectionAlgo: insert trace failed for net #5
2026-09-07 21:44:31.072 DEBUG  [7D024B\2CDE84] Autorouter Failed to route connection between polylinetrace, pin #4 of component #38, pin #3 of component #38, pin #2 of component #38 and polylinetrace, polylinetrace, polylinetrace, polylinetrace, polylinetrace, polylinetrace, polylinetrace, via, polylinetrace, via, polylinetrace, polylinetrace, polylinetrace, polylinetrace, polylinetrace, polylinetrace, polylinetrace, polylinetrace, polylinetrace, polylinetrace, polylinetrace, polylinetrace, polylinetrace, polylinetrace, polylinetrace, polylinetrace, polylinetrace, polylinetrace, polylinetrace, polylinetrace, polylinetrace, polylinetrace, polylinetrace, polylinetrace, polylinetrace, polylinetrace, polylinetrace, polylinetrace, polylinetrace, pin #1 of component #70, pin #2 of component #69, pin of component #68, pin of component #67, pin of component #66, pin #13 of component #65, pin #2 of component #63, pin of component #63, pin #2 of component #62, pin of component #62, pin of component #49, pin of component #32, pin of component #29, pin of component #25, pin of component #24, pin of component #21, pin of component #19, pin of component #18, pin of component #16, pin of component #13, pin of component #10, pin of component #3, pin of component #2, because the new connection could not be inserted.
2026-09-07 21:44:34.007 INFO   [7D024B\2CDE84] Auto-router pass #8 on board 'f80538466668e45db9ae8e138e791f11' was completed in 11.46 seconds with the score of 973.96 (12 unrouted), using 1585.38 CPU seconds and 25611 MB memory.
2026-09-07 21:44:34.100 DEBUG  [7D024B\2CDE84] Autorouter Failed to route connection between polylinetrace, polylinetrace, polylinetrace, polylinetrace, via, pin #4 of component #65 and polylinetrace, polylinetrace, polylinetrace, via, pin #14 of component #69, because the maze search algorithm could not be created.
2026-09-07 21:44:34.132 DEBUG  [7D024B\2CDE84] Autorouter Failed to route connection between pin #27 of component #69 and polylinetrace, polylinetrace, polylinetrace, polylinetrace, via, via, polylinetrace, pin #23 of component #71, pin #1 of component #19, because the maze search algorithm could not be created.
2026-09-07 21:44:34.165 DEBUG  InsertFoundConnectionAlgo: insert trace failed for net #10
2026-09-07 21:44:34.165 DEBUG  [7D024B\2CDE84] Autorouter Failed to route connection between pin #8 of component #38 and polylinetrace, polylinetrace, pin of component #64, pin #7 of component #38, because the new connection could not be inserted.
2026-09-07 21:44:34.196 DEBUG  [7D024B\2CDE84] Autorouter Failed to route connection between polylinetrace, polylinetrace, polylinetrace, polylinetrace, polylinetrace, polylinetrace, via, via, pin #21 of component #65, pin #1 of component #18 and pin #8 of component #69, because the maze search algorithm could not be created.
2026-09-07 21:44:34.232 DEBUG  [7D024B\2CDE84] Autorouter Failed to route connection between polylinetrace, polylinetrace, polylinetrace, polylinetrace, polylinetrace, polylinetrace, polylinetrace, polylinetrace, via, via, polylinetrace, pin #9 of component #69, pin #1 of component #32 and polylinetrace, polylinetrace, polylinetrace, via, polylinetrace, pin #19 of component #65, because the maze search algorithm could not be created.
2026-09-07 21:44:35.117 DEBUG  [7D024B\2CDE84] Autorouter Failed to route connection between polylinetrace, polylinetrace, polylinetrace, polylinetrace, polylinetrace, via, polylinetrace, via, polylinetrace, pin #4 of component #63, pin of component #12, pin of component #4 and pin #20 of component #65, because no connection was found between their nets.
2026-09-07 21:44:35.166 DEBUG  [7D024B\2CDE84] Autorouter Failed to route connection between polylinetrace, pin of component #8 and pin #19 of component #71, because the maze search algorithm could not be created.
2026-09-07 21:44:35.211 DEBUG  [7D024B\2CDE84] Autorouter Failed to route connection between polylinetrace, polylinetrace, polylinetrace, polylinetrace, via, pin #3 of component #65 and pin #12 of component #69, because the maze search algorithm could not be created.
2026-09-07 21:44:35.246 DEBUG  [7D024B\2CDE84] Autorouter Failed to route connection between polylinetrace, polylinetrace, via, polylinetrace, via, pin #16 of component #65, pin of component #30 and pin #7 of component #69, because the maze search algorithm could not be created.
2026-09-07 21:44:35.273 DEBUG  [7D024B\2CDE84] Autorouter Failed to route connection between pin #8 of component #65 and pin #16 of component #69, because the maze search algorithm could not be created.
2026-09-07 21:44:35.313 DEBUG  [7D024B\2CDE84] Autorouter Failed to route connection between pin #12 of component #69 and polylinetrace, polylinetrace, polylinetrace, polylinetrace, via, pin #3 of component #65, because the maze search algorithm could not be created.
2026-09-07 21:44:35.345 DEBUG  [7D024B\2CDE84] Autorouter Failed to route connection between pin #19 of component #71 and polylinetrace, pin of component #8, because the maze search algorithm could not be created.
2026-09-07 21:44:35.431 DEBUG  [7D024B\2CDE84] Autorouter Failed to route connection between pin #16 of component #69 and pin #8 of component #65, because the maze search algorithm could not be created.
2026-09-07 21:44:35.462 DEBUG  [7D024B\2CDE84] Autorouter Failed to route connection between polylinetrace, polylinetrace, polylinetrace, via, polylinetrace, pin #19 of component #65 and polylinetrace, polylinetrace, polylinetrace, polylinetrace, polylinetrace, polylinetrace, polylinetrace, polylinetrace, via, via, polylinetrace, pin #9 of component #69, pin #1 of component #32, because the maze search algorithm could not be created.
2026-09-07 21:44:35.496 DEBUG  [7D024B\2CDE84] Autorouter Failed to route connection between pin #8 of component #69 and polylinetrace, polylinetrace, polylinetrace, polylinetrace, polylinetrace, polylinetrace, via, via, pin #21 of component #65, pin #1 of component #18, because the maze search algorithm could not be created.
2026-09-07 21:44:35.548 DEBUG  InsertFoundConnectionAlgo: insert trace failed for net #5
2026-09-07 21:44:35.549 DEBUG  [7D024B\2CDE84] Autorouter Failed to route connection between polylinetrace, pin #4 of component #38, pin #3 of component #38, pin #2 of component #38 and polylinetrace, polylinetrace, polylinetrace, polylinetrace, polylinetrace, polylinetrace, polylinetrace, polylinetrace, via, polylinetrace, via, polylinetrace, polylinetrace, polylinetrace, polylinetrace, polylinetrace, polylinetrace, polylinetrace, polylinetrace, polylinetrace, polylinetrace, polylinetrace, polylinetrace, polylinetrace, polylinetrace, polylinetrace, polylinetrace, polylinetrace, polylinetrace, polylinetrace, polylinetrace, polylinetrace, polylinetrace, polylinetrace, polylinetrace, polylinetrace, polylinetrace, pin #1 of component #70, pin #2 of component #69, pin of component #68, pin of component #67, pin of component #66, pin #13 of component #65, pin #2 of component #63, pin of component #63, pin #2 of component #62, pin of component #62, pin of component #49, pin of component #32, pin of component #29, pin of component #25, pin of component #24, pin of component #21, pin of component #19, pin of component #18, pin of component #16, pin of component #13, pin of component #10, pin of component #3, pin of component #2, because the new connection could not be inserted.
2026-09-07 21:44:35.603 DEBUG  InsertFoundConnectionAlgo: insert trace failed for net #5
2026-09-07 21:44:35.603 DEBUG  [7D024B\2CDE84] Autorouter Failed to route connection between polylinetrace, polylinetrace, polylinetrace, polylinetrace, polylinetrace, polylinetrace, polylinetrace, polylinetrace, polylinetrace, polylinetrace, via, polylinetrace, via, polylinetrace, polylinetrace, polylinetrace, polylinetrace, polylinetrace, polylinetrace, polylinetrace, polylinetrace, polylinetrace, polylinetrace, polylinetrace, polylinetrace, polylinetrace, polylinetrace, polylinetrace, polylinetrace, polylinetrace, polylinetrace, polylinetrace, polylinetrace, polylinetrace, polylinetrace, polylinetrace, polylinetrace, polylinetrace, polylinetrace, pin #1 of component #70, pin #2 of component #69, pin of component #68, pin of component #67, pin of component #66, pin #13 of component #65, pin #2 of component #63, pin of component #63, pin #2 of component #62, pin of component #62, pin of component #49, pin #2 of component #38, pin of component #32, pin of component #29, pin of component #25, pin of component #24, pin of component #21, pin of component #19, pin of component #18, pin of component #16, pin of component #13, pin of component #10, pin of component #3, pin of component #2 and polylinetrace, pin #4 of component #38, pin #3 of component #38, because the new connection could not be inserted.
2026-09-07 21:44:35.653 DEBUG  [7D024B\2CDE84] Autorouter Failed to route connection between pin #20 of component #65 and polylinetrace, polylinetrace, polylinetrace, polylinetrace, polylinetrace, via, polylinetrace, via, polylinetrace, pin #4 of component #63, pin of component #12, pin of component #4, because the maze search algorithm could not be created.
2026-09-07 21:44:35.695 DEBUG  InsertFoundConnectionAlgo: insert trace failed for net #5
2026-09-07 21:44:35.696 DEBUG  [7D024B\2CDE84] Autorouter Failed to route connection between polylinetrace, polylinetrace, polylinetrace, polylinetrace, polylinetrace, polylinetrace, polylinetrace, polylinetrace, polylinetrace, polylinetrace, via, polylinetrace, via, polylinetrace, polylinetrace, polylinetrace, polylinetrace, polylinetrace, polylinetrace, polylinetrace, polylinetrace, polylinetrace, polylinetrace, polylinetrace, polylinetrace, polylinetrace, polylinetrace, polylinetrace, polylinetrace, polylinetrace, polylinetrace, polylinetrace, polylinetrace, polylinetrace, polylinetrace, polylinetrace, polylinetrace, polylinetrace, polylinetrace, polylinetrace, pin #1 of component #70, pin #2 of component #69, pin of component #68, pin of component #67, pin of component #66, pin #13 of component #65, pin #2 of component #63, pin of component #63, pin #2 of component #62, pin of component #62, pin of component #49, pin #4 of component #38, pin #3 of component #38, pin of component #32, pin of component #29, pin of component #25, pin of component #24, pin of component #21, pin of component #19, pin of component #18, pin of component #16, pin of component #13, pin of component #10, pin of component #3, pin of component #2 and pin #2 of component #38, because the new connection could not be inserted.
2026-09-07 21:44:35.745 DEBUG  InsertFoundConnectionAlgo: insert trace failed for net #10
2026-09-07 21:44:35.746 DEBUG  [7D024B\2CDE84] Autorouter Failed to route connection between polylinetrace, polylinetrace, polylinetrace, polylinetrace, pin of component #64, pin #7 of component #38 and pin #8 of component #38, because the new connection could not be inserted.
2026-09-07 21:44:35.781 DEBUG  [7D024B\2CDE84] Autorouter Failed to route connection between polylinetrace, polylinetrace, polylinetrace, polylinetrace, via, via, polylinetrace, pin #23 of component #71, pin #1 of component #19 and pin #27 of component #69, because the maze search algorithm could not be created.
2026-09-07 21:44:35.812 DEBUG  [7D024B\2CDE84] Autorouter Failed to route connection between pin #7 of component #69 and polylinetrace, polylinetrace, via, polylinetrace, via, pin #16 of component #65, pin of component #30, because the maze search algorithm could not be created.
2026-09-07 21:44:35.863 INFO   [7D024B\2CDE84] Auto-router pass #9 on board '935caee1856ff3f933d71210cab6961d' was completed in 1.81 seconds with the score of 973.68 (12 unrouted), using 1640.38 CPU seconds and 26065 MB memory.
2026-09-07 21:44:35.980 DEBUG  InsertFoundConnectionAlgo: insert trace failed for net #5
2026-09-07 21:44:35.980 DEBUG  [7D024B\2CDE84] Autorouter Failed to route connection between polylinetrace, polylinetrace, polylinetrace, polylinetrace, polylinetrace, polylinetrace, polylinetrace, polylinetrace, via, polylinetrace, via, polylinetrace, polylinetrace, polylinetrace, polylinetrace, polylinetrace, polylinetrace, polylinetrace, polylinetrace, polylinetrace, polylinetrace, polylinetrace, polylinetrace, polylinetrace, polylinetrace, polylinetrace, polylinetrace, polylinetrace, polylinetrace, polylinetrace, polylinetrace, polylinetrace, polylinetrace, polylinetrace, polylinetrace, polylinetrace, polylinetrace, polylinetrace, pin #1 of component #70, pin #2 of component #69, pin of component #68, pin of component #67, pin of component #66, pin #13 of component #65, pin #2 of component #63, pin of component #63, pin #2 of component #62, pin of component #62, pin of component #49, pin #4 of component #38, pin #3 of component #38, pin of component #32, pin of component #29, pin of component #25, pin of component #24, pin of component #21, pin of component #19, pin of component #18, pin of component #16, pin of component #13, pin of component #10, pin of component #3, pin of component #2 and pin #2 of component #38, because the new connection could not be inserted.
2026-09-07 21:44:36.012 DEBUG  [7D024B\2CDE84] Autorouter Failed to route connection between pin #20 of component #65 and polylinetrace, polylinetrace, polylinetrace, polylinetrace, polylinetrace, via, polylinetrace, via, polylinetrace, pin #4 of component #63, pin of component #12, pin of component #4, because the maze search algorithm could not be created.
2026-09-07 21:44:36.053 DEBUG  [7D024B\2CDE84] Autorouter Failed to route connection between polylinetrace, polylinetrace, polylinetrace, via, polylinetrace, pin #19 of component #65 and polylinetrace, polylinetrace, polylinetrace, polylinetrace, polylinetrace, polylinetrace, polylinetrace, polylinetrace, via, via, polylinetrace, pin #9 of component #69, pin #1 of component #32, because the maze search algorithm could not be created.
2026-09-07 21:44:36.088 DEBUG  [7D024B\2CDE84] Autorouter Failed to route connection between polylinetrace, polylinetrace, polylinetrace, polylinetrace, polylinetrace, polylinetrace, polylinetrace, polylinetrace, via, via, polylinetrace, pin #9 of component #69, pin #1 of component #32 and polylinetrace, polylinetrace, polylinetrace, via, polylinetrace, pin #19 of component #65, because the maze search algorithm could not be created.
2026-09-07 21:44:36.121 DEBUG  [7D024B\2CDE84] Autorouter Failed to route connection between pin of component #8 and pin #19 of component #71, because the maze search algorithm could not be created.
2026-09-07 21:44:36.162 DEBUG  [7D024B\2CDE84] Autorouter Failed to route connection between polylinetrace, polylinetrace, polylinetrace, polylinetrace, polylinetrace, via, polylinetrace, via, polylinetrace, pin #4 of component #63, pin of component #12, pin of component #4 and pin #20 of component #65, because the maze search algorithm could not be created.
2026-09-07 21:44:36.204 DEBUG  [7D024B\2CDE84] Autorouter Failed to route connection between pin #27 of component #69 and polylinetrace, polylinetrace, polylinetrace, polylinetrace, via, via, polylinetrace, pin #23 of component #71, pin #1 of component #19, because the maze search algorithm could not be created.
2026-09-07 21:44:36.233 DEBUG  [7D024B\2CDE84] Autorouter Failed to route connection between polylinetrace, polylinetrace, polylinetrace, polylinetrace, polylinetrace, polylinetrace, via, via, pin #21 of component #65, pin #1 of component #18 and pin #8 of component #69, because the maze search algorithm could not be created.
2026-09-07 21:44:36.270 DEBUG  [7D024B\2CDE84] Autorouter Failed to route connection between polylinetrace, polylinetrace, via, polylinetrace, via, pin #16 of component #65, pin of component #30 and pin #7 of component #69, because the maze search algorithm could not be created.
2026-09-07 21:44:36.307 DEBUG  [7D024B\2CDE84] Autorouter Failed to route connection between pin #19 of component #71 and pin of component #8, because the maze search algorithm could not be created.
2026-09-07 21:44:36.353 DEBUG  [7D024B\2CDE84] Autorouter Failed to route connection between pin #8 of component #69 and polylinetrace, polylinetrace, polylinetrace, polylinetrace, polylinetrace, polylinetrace, via, via, pin #21 of component #65, pin #1 of component #18, because the maze search algorithm could not be created.
2026-09-07 21:44:36.390 DEBUG  InsertFoundConnectionAlgo: insert trace failed for net #5
2026-09-07 21:44:36.390 DEBUG  [7D024B\2CDE84] Autorouter Failed to route connection between polylinetrace, polylinetrace, polylinetrace, polylinetrace, polylinetrace, polylinetrace, polylinetrace, polylinetrace, via, polylinetrace, via, polylinetrace, polylinetrace, polylinetrace, polylinetrace, polylinetrace, polylinetrace, polylinetrace, polylinetrace, polylinetrace, polylinetrace, polylinetrace, polylinetrace, polylinetrace, polylinetrace, polylinetrace, polylinetrace, polylinetrace, polylinetrace, polylinetrace, polylinetrace, polylinetrace, polylinetrace, polylinetrace, polylinetrace, polylinetrace, polylinetrace, pin #1 of component #70, pin #2 of component #69, pin of component #68, pin of component #67, pin of component #66, pin #13 of component #65, pin #2 of component #63, pin of component #63, pin #2 of component #62, pin of component #62, pin of component #49, pin #2 of component #38, pin of component #32, pin of component #29, pin of component #25, pin of component #24, pin of component #21, pin of component #19, pin of component #18, pin of component #16, pin of component #13, pin of component #10, pin of component #3, pin of component #2 and polylinetrace, pin #4 of component #38, pin #3 of component #38, because the new connection could not be inserted.
2026-09-07 21:44:36.428 DEBUG  [7D024B\2CDE84] Autorouter Failed to route connection between pin #7 of component #69 and polylinetrace, polylinetrace, via, polylinetrace, via, pin #16 of component #65, pin of component #30, because the maze search algorithm could not be created.
2026-09-07 21:44:36.471 DEBUG  [7D024B\2CDE84] Autorouter Failed to route connection between pin #8 of component #65 and pin #16 of component #69, because the maze search algorithm could not be created.
2026-09-07 21:44:36.512 DEBUG  InsertFoundConnectionAlgo: insert trace failed for net #10
2026-09-07 21:44:36.513 DEBUG  [7D024B\2CDE84] Autorouter Failed to route connection between pin #8 of component #38 and polylinetrace, polylinetrace, pin of component #64, pin #7 of component #38, because the new connection could not be inserted.
2026-09-07 21:44:36.547 DEBUG  [7D024B\2CDE84] Autorouter Failed to route connection between polylinetrace, polylinetrace, polylinetrace, polylinetrace, via, pin #3 of component #65 and pin #12 of component #69, because the maze search algorithm could not be created.
2026-09-07 21:44:36.579 DEBUG  [7D024B\2CDE84] Autorouter Failed to route connection between pin #14 of component #69 and pin #4 of component #65, because the maze search algorithm could not be created.
2026-09-07 21:44:36.614 DEBUG  [7D024B\2CDE84] Autorouter Failed to route connection between pin #16 of component #69 and pin #8 of component #65, because the maze search algorithm could not be created.
2026-09-07 21:44:36.648 DEBUG  InsertFoundConnectionAlgo: insert trace failed for net #10
2026-09-07 21:44:36.648 DEBUG  [7D024B\2CDE84] Autorouter Failed to route connection between polylinetrace, polylinetrace, polylinetrace, polylinetrace, pin of component #64, pin #7 of component #38 and pin #8 of component #38, because the new connection could not be inserted.
2026-09-07 21:44:36.679 DEBUG  [7D024B\2CDE84] Autorouter Failed to route connection between pin #4 of component #65 and pin #14 of component #69, because the maze search algorithm could not be created.
2026-09-07 21:44:36.713 DEBUG  [7D024B\2CDE84] Autorouter Failed to route connection between pin #12 of component #69 and polylinetrace, polylinetrace, polylinetrace, polylinetrace, via, pin #3 of component #65, because the maze search algorithm could not be created.
2026-09-07 21:44:36.750 DEBUG  [7D024B\2CDE84] Autorouter Failed to route connection between polylinetrace, polylinetrace, polylinetrace, polylinetrace, via, via, polylinetrace, pin #23 of component #71, pin #1 of component #19 and pin #27 of component #69, because the maze search algorithm could not be created.
2026-09-07 21:44:36.786 DEBUG  InsertFoundConnectionAlgo: insert trace failed for net #5
2026-09-07 21:44:36.787 DEBUG  [7D024B\2CDE84] Autorouter Failed to route connection between polylinetrace, pin #4 of component #38, pin #3 of component #38, pin #2 of component #38 and polylinetrace, polylinetrace, polylinetrace, polylinetrace, polylinetrace, polylinetrace, polylinetrace, polylinetrace, via, polylinetrace, via, polylinetrace, polylinetrace, polylinetrace, polylinetrace, polylinetrace, polylinetrace, polylinetrace, polylinetrace, polylinetrace, polylinetrace, polylinetrace, polylinetrace, polylinetrace, polylinetrace, polylinetrace, polylinetrace, polylinetrace, polylinetrace, polylinetrace, polylinetrace, polylinetrace, polylinetrace, polylinetrace, polylinetrace, polylinetrace, polylinetrace, pin #1 of component #70, pin #2 of component #69, pin of component #68, pin of component #67, pin of component #66, pin #13 of component #65, pin #2 of component #63, pin of component #63, pin #2 of component #62, pin of component #62, pin of component #49, pin of component #32, pin of component #29, pin of component #25, pin of component #24, pin of component #21, pin of component #19, pin of component #18, pin of component #16, pin of component #13, pin of component #10, pin of component #3, pin of component #2, because the new connection could not be inserted.
2026-09-07 21:44:36.834 INFO   [7D024B\2CDE84] Auto-router pass #10 on board '4dcf0a0f76697f50885301341d7773c9' was completed in 0.92 seconds with the score of 973.68 (12 unrouted), using 1696.30 CPU seconds and 26521 MB memory.
2026-09-07 21:44:36.937 DEBUG  [7D024B\2CDE84] Autorouter Failed to route connection between polylinetrace, polylinetrace, polylinetrace, polylinetrace, polylinetrace, via, polylinetrace, via, polylinetrace, pin #4 of component #63, pin of component #12, pin of component #4 and pin #20 of component #65, because the maze search algorithm could not be created.
2026-09-07 21:44:36.972 DEBUG  [7D024B\2CDE84] Autorouter Failed to route connection between polylinetrace, polylinetrace, polylinetrace, via, polylinetrace, pin #19 of component #65 and polylinetrace, polylinetrace, polylinetrace, polylinetrace, polylinetrace, polylinetrace, polylinetrace, polylinetrace, via, via, polylinetrace, pin #9 of component #69, pin #1 of component #32, because the maze search algorithm could not be created.
2026-09-07 21:44:37.008 DEBUG  InsertFoundConnectionAlgo: insert trace failed for net #5
2026-09-07 21:44:37.009 DEBUG  [7D024B\2CDE84] Autorouter Failed to route connection between polylinetrace, polylinetrace, polylinetrace, polylinetrace, polylinetrace, polylinetrace, polylinetrace, polylinetrace, via, polylinetrace, via, polylinetrace, polylinetrace, polylinetrace, polylinetrace, polylinetrace, polylinetrace, polylinetrace, polylinetrace, polylinetrace, polylinetrace, polylinetrace, polylinetrace, polylinetrace, polylinetrace, polylinetrace, polylinetrace, polylinetrace, polylinetrace, polylinetrace, polylinetrace, polylinetrace, polylinetrace, polylinetrace, polylinetrace, polylinetrace, polylinetrace, pin #1 of component #70, pin #2 of component #69, pin of component #68, pin of component #67, pin of component #66, pin #13 of component #65, pin #2 of component #63, pin of component #63, pin #2 of component #62, pin of component #62, pin of component #49, pin #2 of component #38, pin of component #32, pin of component #29, pin of component #25, pin of component #24, pin of component #21, pin of component #19, pin of component #18, pin of component #16, pin of component #13, pin of component #10, pin of component #3, pin of component #2 and polylinetrace, pin #4 of component #38, pin #3 of component #38, because the new connection could not be inserted.
2026-09-07 21:44:37.057 DEBUG  InsertFoundConnectionAlgo: insert trace failed for net #10
2026-09-07 21:44:37.058 DEBUG  [7D024B\2CDE84] Autorouter Failed to route connection between pin #8 of component #38 and polylinetrace, polylinetrace, pin of component #64, pin #7 of component #38, because the new connection could not be inserted.
2026-09-07 21:44:37.091 DEBUG  [7D024B\2CDE84] Autorouter Failed to route connection between pin of component #8 and pin #19 of component #71, because the maze search algorithm could not be created.
2026-09-07 21:44:37.121 DEBUG  [7D024B\2CDE84] Autorouter Failed to route connection between pin #7 of component #69 and polylinetrace, polylinetrace, via, polylinetrace, via, pin #16 of component #65, pin of component #30, because the maze search algorithm could not be created.
2026-09-07 21:44:37.170 DEBUG  InsertFoundConnectionAlgo: insert trace failed for net #5
2026-09-07 21:44:37.171 DEBUG  [7D024B\2CDE84] Autorouter Failed to route connection between polylinetrace, pin #4 of component #38, pin #3 of component #38, pin #2 of component #38 and polylinetrace, polylinetrace, polylinetrace, polylinetrace, polylinetrace, polylinetrace, polylinetrace, polylinetrace, via, polylinetrace, via, polylinetrace, polylinetrace, polylinetrace, polylinetrace, polylinetrace, polylinetrace, polylinetrace, polylinetrace, polylinetrace, polylinetrace, polylinetrace, polylinetrace, polylinetrace, polylinetrace, polylinetrace, polylinetrace, polylinetrace, polylinetrace, polylinetrace, polylinetrace, polylinetrace, polylinetrace, polylinetrace, polylinetrace, polylinetrace, polylinetrace, pin #1 of component #70, pin #2 of component #69, pin of component #68, pin of component #67, pin of component #66, pin #13 of component #65, pin #2 of component #63, pin of component #63, pin #2 of component #62, pin of component #62, pin of component #49, pin of component #32, pin of component #29, pin of component #25, pin of component #24, pin of component #21, pin of component #19, pin of component #18, pin of component #16, pin of component #13, pin of component #10, pin of component #3, pin of component #2, because the new connection could not be inserted.
2026-09-07 21:44:37.207 DEBUG  [7D024B\2CDE84] Autorouter Failed to route connection between pin #8 of component #65 and pin #16 of component #69, because the maze search algorithm could not be created.
2026-09-07 21:44:37.237 DEBUG  [7D024B\2CDE84] Autorouter Failed to route connection between polylinetrace, polylinetrace, polylinetrace, polylinetrace, via, pin #3 of component #65 and pin #12 of component #69, because the maze search algorithm could not be created.
2026-09-07 21:44:37.270 DEBUG  [7D024B\2CDE84] Autorouter Failed to route connection between polylinetrace, polylinetrace, polylinetrace, polylinetrace, polylinetrace, polylinetrace, via, via, pin #21 of component #65, pin #1 of component #18 and pin #8 of component #69, because the maze search algorithm could not be created.
2026-09-07 21:44:37.299 DEBUG  [7D024B\2CDE84] Autorouter Failed to route connection between polylinetrace, polylinetrace, polylinetrace, polylinetrace, via, via, polylinetrace, pin #23 of component #71, pin #1 of component #19 and pin #27 of component #69, because the maze search algorithm could not be created.
2026-09-07 21:44:37.338 DEBUG  [7D024B\2CDE84] Autorouter Failed to route connection between polylinetrace, polylinetrace, polylinetrace, polylinetrace, polylinetrace, polylinetrace, polylinetrace, polylinetrace, via, via, polylinetrace, pin #9 of component #69, pin #1 of component #32 and polylinetrace, polylinetrace, polylinetrace, via, polylinetrace, pin #19 of component #65, because the maze search algorithm could not be created.
2026-09-07 21:44:37.373 DEBUG  [7D024B\2CDE84] Autorouter Failed to route connection between pin #16 of component #69 and pin #8 of component #65, because the maze search algorithm could not be created.
2026-09-07 21:44:37.404 DEBUG  [7D024B\2CDE84] Autorouter Failed to route connection between pin #27 of component #69 and polylinetrace, polylinetrace, polylinetrace, polylinetrace, via, via, polylinetrace, pin #23 of component #71, pin #1 of component #19, because the maze search algorithm could not be created.
2026-09-07 21:44:37.434 DEBUG  [7D024B\2CDE84] Autorouter Failed to route connection between pin #20 of component #65 and polylinetrace, polylinetrace, polylinetrace, polylinetrace, polylinetrace, via, polylinetrace, via, polylinetrace, pin #4 of component #63, pin of component #12, pin of component #4, because the maze search algorithm could not be created.
2026-09-07 21:44:37.479 DEBUG  [7D024B\2CDE84] Autorouter Failed to route connection between pin #14 of component #69 and pin #4 of component #65, because the maze search algorithm could not be created.
2026-09-07 21:44:37.506 DEBUG  [7D024B\2CDE84] Autorouter Failed to route connection between pin #8 of component #69 and polylinetrace, polylinetrace, polylinetrace, polylinetrace, polylinetrace, polylinetrace, via, via, pin #21 of component #65, pin #1 of component #18, because the maze search algorithm could not be created.
2026-09-07 21:44:37.544 DEBUG  InsertFoundConnectionAlgo: insert trace failed for net #10
2026-09-07 21:44:37.544 DEBUG  [7D024B\2CDE84] Autorouter Failed to route connection between polylinetrace, polylinetrace, polylinetrace, polylinetrace, pin of component #64, pin #7 of component #38 and pin #8 of component #38, because the new connection could not be inserted.
2026-09-07 21:44:37.583 DEBUG  InsertFoundConnectionAlgo: insert trace failed for net #5
2026-09-07 21:44:37.584 DEBUG  [7D024B\2CDE84] Autorouter Failed to route connection between polylinetrace, polylinetrace, polylinetrace, polylinetrace, polylinetrace, polylinetrace, polylinetrace, polylinetrace, polylinetrace, polylinetrace, via, polylinetrace, via, polylinetrace, polylinetrace, polylinetrace, polylinetrace, polylinetrace, polylinetrace, polylinetrace, polylinetrace, polylinetrace, polylinetrace, polylinetrace, polylinetrace, polylinetrace, polylinetrace, polylinetrace, polylinetrace, polylinetrace, polylinetrace, polylinetrace, polylinetrace, polylinetrace, polylinetrace, polylinetrace, polylinetrace, polylinetrace, polylinetrace, polylinetrace, pin #1 of component #70, pin #2 of component #69, pin of component #68, pin of component #67, pin of component #66, pin #13 of component #65, pin #2 of component #63, pin of component #63, pin #2 of component #62, pin of component #62, pin of component #49, pin #4 of component #38, pin #3 of component #38, pin of component #32, pin of component #29, pin of component #25, pin of component #24, pin of component #21, pin of component #19, pin of component #18, pin of component #16, pin of component #13, pin of component #10, pin of component #3, pin of component #2 and pin #2 of component #38, because the new connection could not be inserted.
2026-09-07 21:44:37.625 DEBUG  [7D024B\2CDE84] Autorouter Failed to route connection between pin #12 of component #69 and polylinetrace, polylinetrace, polylinetrace, polylinetrace, via, pin #3 of component #65, because the maze search algorithm could not be created.
2026-09-07 21:44:37.667 DEBUG  [7D024B\2CDE84] Autorouter Failed to route connection between polylinetrace, polylinetrace, via, polylinetrace, via, pin #16 of component #65, pin of component #30 and pin #7 of component #69, because the maze search algorithm could not be created.
2026-09-07 21:44:37.698 DEBUG  [7D024B\2CDE84] Autorouter Failed to route connection between pin #19 of component #71 and pin of component #8, because the maze search algorithm could not be created.
2026-09-07 21:44:37.724 DEBUG  [7D024B\2CDE84] Autorouter Failed to route connection between pin #4 of component #65 and pin #14 of component #69, because the maze search algorithm could not be created.
2026-09-07 21:44:37.766 INFO   [7D024B\2CDE84] Auto-router pass #11 on board 'aeb123f62b039b7300ec63976d22c876' was completed in 0.87 seconds with the score of 973.68 (12 unrouted), using 1753.16 CPU seconds and 27003 MB memory.
2026-09-07 21:44:38.766 DEBUG  InsertFoundConnectionAlgo: insert trace failed for net #5
2026-09-07 21:44:38.766 DEBUG  [7D024B\2CDE84] Autorouter Failed to route connection between polylinetrace, pin #4 of component #38, pin #3 of component #38, pin #2 of component #38 and polylinetrace, polylinetrace, polylinetrace, polylinetrace, polylinetrace, polylinetrace, polylinetrace, polylinetrace, via, polylinetrace, via, polylinetrace, polylinetrace, polylinetrace, polylinetrace, polylinetrace, polylinetrace, polylinetrace, polylinetrace, polylinetrace, polylinetrace, polylinetrace, polylinetrace, polylinetrace, polylinetrace, polylinetrace, polylinetrace, polylinetrace, polylinetrace, polylinetrace, polylinetrace, polylinetrace, polylinetrace, polylinetrace, polylinetrace, polylinetrace, polylinetrace, pin #1 of component #70, pin #2 of component #69, pin of component #68, pin of component #67, pin of component #66, pin #13 of component #65, pin #2 of component #63, pin of component #63, pin #2 of component #62, pin of component #62, pin of component #49, pin of component #32, pin of component #29, pin of component #25, pin of component #24, pin of component #21, pin of component #19, pin of component #18, pin of component #16, pin of component #13, pin of component #10, pin of component #3, pin of component #2, because the new connection could not be inserted.
2026-09-07 21:44:41.746 DEBUG  InsertFoundConnectionAlgo: insert trace failed for net #13
2026-09-07 21:44:41.746 DEBUG  [7D024B\2CDE84] Autorouter Failed to route connection between polylinetrace, polylinetrace, polylinetrace, polylinetrace, via, via, polylinetrace, pin #23 of component #71, pin #1 of component #19 and pin #27 of component #69, because the new connection could not be inserted.
2026-09-07 21:44:42.306 DEBUG  InsertFoundConnectionAlgo: insert trace failed for net #13
2026-09-07 21:44:42.307 DEBUG  [7D024B\2CDE84] Autorouter Failed to route connection between polylinetrace, pin #27 of component #69 and polylinetrace, polylinetrace, polylinetrace, polylinetrace, via, via, polylinetrace, pin #23 of component #71, pin #1 of component #19, because the new connection could not be inserted.
2026-09-07 21:44:45.481 DEBUG  [7D024B\2CDE84] Autorouter Failed to route connection between polylinetrace, polylinetrace, polylinetrace, polylinetrace, polylinetrace, polylinetrace, polylinetrace, polylinetrace, polylinetrace, polylinetrace, polylinetrace, polylinetrace, via, polylinetrace, via, polylinetrace, polylinetrace, polylinetrace, polylinetrace, polylinetrace, polylinetrace, polylinetrace, polylinetrace, polylinetrace, polylinetrace, polylinetrace, polylinetrace, polylinetrace, polylinetrace, polylinetrace, polylinetrace, polylinetrace, polylinetrace, polylinetrace, polylinetrace, polylinetrace, polylinetrace, polylinetrace, polylinetrace, polylinetrace, polylinetrace, pin #1 of component #70, pin #2 of component #69, pin of component #68, pin of component #67, pin of component #66, pin #13 of component #65, pin #2 of component #63, pin of component #63, pin #2 of component #62, pin of component #62, pin of component #49, pin #4 of component #38, pin #3 of component #38, pin of component #32, pin of component #29, pin of component #25, pin of component #24, pin of component #21, pin of component #19, pin of component #18, pin of component #16, pin of component #13, pin of component #10, pin of component #3, pin of component #2 and pin #2 of component #38, because no connection was found between their nets.
2026-09-07 21:44:45.540 DEBUG  InsertFoundConnectionAlgo: insert trace failed for net #10
2026-09-07 21:44:45.541 DEBUG  [7D024B\2CDE84] Autorouter Failed to route connection between pin #8 of component #38 and polylinetrace, polylinetrace, pin of component #64, pin #7 of component #38, because the new connection could not be inserted.
2026-09-07 21:44:48.140 DEBUG  InsertFoundConnectionAlgo: insert trace failed for net #10
2026-09-07 21:44:48.140 DEBUG  [7D024B\2CDE84] Autorouter Failed to route connection between polylinetrace, polylinetrace, polylinetrace, polylinetrace, pin of component #64, pin #7 of component #38 and pin #8 of component #38, because the new connection could not be inserted.
2026-09-07 21:44:48.213 DEBUG  [7D024B\2CDE84] Autorouter Failed to route connection between polylinetrace, polylinetrace, polylinetrace, polylinetrace, polylinetrace, polylinetrace, polylinetrace, polylinetrace, polylinetrace, polylinetrace, polylinetrace, polylinetrace, polylinetrace, polylinetrace, via, polylinetrace, via, polylinetrace, polylinetrace, polylinetrace, polylinetrace, polylinetrace, polylinetrace, polylinetrace, polylinetrace, polylinetrace, polylinetrace, polylinetrace, polylinetrace, polylinetrace, polylinetrace, polylinetrace, polylinetrace, polylinetrace, polylinetrace, polylinetrace, polylinetrace, polylinetrace, polylinetrace, polylinetrace, pin #1 of component #70, pin #2 of component #69, pin of component #68, pin of component #67, pin of component #66, pin #13 of component #65, pin #2 of component #63, pin of component #63, pin #2 of component #62, pin of component #62, pin of component #49, pin #2 of component #38, pin of component #32, pin of component #29, pin of component #25, pin of component #24, pin of component #21, pin of component #19, pin of component #18, pin of component #16, pin of component #13, pin of component #10, pin of component #3, pin of component #2 and polylinetrace, pin #4 of component #38, pin #3 of component #38, because the maze search algorithm could not be created.
2026-09-07 21:44:49.271 DEBUG  InsertFoundConnectionAlgo: insert trace failed for net #11
2026-09-07 21:44:49.272 DEBUG  [7D024B\2CDE84] Autorouter Failed to route connection between polylinetrace, polylinetrace, via, via, polylinetrace, pin #21 of component #65, pin #1 of component #18 and pin #8 of component #69, because the new connection could not be inserted.
2026-09-07 21:44:51.258 DEBUG  InsertFoundConnectionAlgo: insert trace failed for net #29
2026-09-07 21:44:51.259 DEBUG  [7D024B\2CDE84] Autorouter Failed to route connection between pin #14 of component #69 and polylinetrace, pin #4 of component #65, because the new connection could not be inserted.
2026-09-07 21:44:51.426 INFO   [7D024B\2CDE84] Restoring an earlier board that has the score of 973.96 (12 unrouted).
2026-09-07 21:44:51.428 INFO   [7D024B\2CDE84] Auto-router pass #12 on board 'd1fedbfee0cfdbbc0dffe316667b69cd' was completed in 13.62 seconds with the score of 971.22 (14 unrouted), using 2646.11 CPU seconds and 33689 MB memory.
2026-09-07 21:44:51.838 DEBUG  InsertFoundConnectionAlgo: insert trace failed for net #5
2026-09-07 21:44:51.838 DEBUG  [7D024B\2CDE84] Autorouter Failed to route connection between polylinetrace, polylinetrace, polylinetrace, polylinetrace, polylinetrace, polylinetrace, polylinetrace, polylinetrace, via, polylinetrace, via, polylinetrace, polylinetrace, polylinetrace, polylinetrace, polylinetrace, polylinetrace, polylinetrace, polylinetrace, polylinetrace, polylinetrace, polylinetrace, polylinetrace, polylinetrace, polylinetrace, polylinetrace, polylinetrace, polylinetrace, polylinetrace, polylinetrace, polylinetrace, polylinetrace, polylinetrace, polylinetrace, polylinetrace, polylinetrace, polylinetrace, polylinetrace, pin #1 of component #70, pin #2 of component #69, pin of component #68, pin of component #67, pin of component #66, pin #13 of component #65, pin #2 of component #63, pin of component #63, pin #2 of component #62, pin of component #62, pin of component #49, pin #4 of component #38, pin #3 of component #38, pin of component #32, pin of component #29, pin of component #25, pin of component #24, pin of component #21, pin of component #19, pin of component #18, pin of component #16, pin of component #13, pin of component #10, pin of component #3, pin of component #2 and pin #2 of component #38, because the new connection could not be inserted.
2026-09-07 21:44:52.651 DEBUG  InsertFoundConnectionAlgo: insert trace failed for net #10
2026-09-07 21:44:52.652 DEBUG  [7D024B\2CDE84] Autorouter Failed to route connection between polylinetrace, polylinetrace, pin of component #64, pin #7 of component #38 and pin #8 of component #38, because the new connection could not be inserted.
2026-09-07 21:44:53.229 DEBUG  InsertFoundConnectionAlgo: insert trace failed for net #37
2026-09-07 21:44:53.229 DEBUG  [7D024B\2CDE84] Autorouter Failed to route connection between polylinetrace, polylinetrace, via, polylinetrace, via, pin #16 of component #65, pin of component #30 and pin #7 of component #69, because the new connection could not be inserted.
2026-09-07 21:44:54.443 DEBUG  InsertFoundConnectionAlgo: insert trace failed for net #10
2026-09-07 21:44:54.444 DEBUG  [7D024B\2CDE84] Autorouter Failed to route connection between pin #8 of component #38 and polylinetrace, polylinetrace, pin of component #64, pin #7 of component #38, because the new connection could not be inserted.
2026-09-07 21:44:54.478 DEBUG  InsertFoundConnectionAlgo: insert trace failed for net #5
2026-09-07 21:44:54.478 DEBUG  [7D024B\2CDE84] Autorouter Failed to route connection between polylinetrace, pin #4 of component #38, pin #3 of component #38, pin #2 of component #38 and polylinetrace, polylinetrace, polylinetrace, polylinetrace, polylinetrace, polylinetrace, polylinetrace, polylinetrace, polylinetrace, polylinetrace, via, polylinetrace, via, polylinetrace, polylinetrace, polylinetrace, polylinetrace, polylinetrace, polylinetrace, polylinetrace, polylinetrace, polylinetrace, polylinetrace, polylinetrace, polylinetrace, polylinetrace, polylinetrace, polylinetrace, polylinetrace, polylinetrace, polylinetrace, polylinetrace, polylinetrace, polylinetrace, polylinetrace, polylinetrace, polylinetrace, polylinetrace, pin #1 of component #70, pin #2 of component #69, pin of component #68, pin of component #67, pin of component #66, pin #13 of component #65, pin #2 of component #63, pin of component #63, pin #2 of component #62, pin of component #62, pin of component #49, pin of component #32, pin of component #29, pin of component #25, pin of component #24, pin of component #21, pin of component #19, pin of component #18, pin of component #16, pin of component #13, pin of component #10, pin of component #3, pin of component #2, because the new connection could not be inserted.
2026-09-07 21:44:55.435 DEBUG  InsertFoundConnectionAlgo: insert trace failed for net #5
2026-09-07 21:44:55.435 DEBUG  [7D024B\2CDE84] Autorouter Failed to route connection between polylinetrace, polylinetrace, polylinetrace, polylinetrace, polylinetrace, polylinetrace, polylinetrace, polylinetrace, polylinetrace, polylinetrace, polylinetrace, polylinetrace, via, polylinetrace, via, polylinetrace, polylinetrace, polylinetrace, polylinetrace, polylinetrace, polylinetrace, polylinetrace, polylinetrace, polylinetrace, polylinetrace, polylinetrace, polylinetrace, polylinetrace, polylinetrace, polylinetrace, polylinetrace, polylinetrace, polylinetrace, polylinetrace, polylinetrace, polylinetrace, polylinetrace, polylinetrace, polylinetrace, polylinetrace, pin #1 of component #70, pin #2 of component #69, pin of component #68, pin of component #67, pin of component #66, pin #13 of component #65, pin #2 of component #63, pin of component #63, pin #2 of component #62, pin of component #62, pin of component #49, pin #2 of component #38, pin of component #32, pin of component #29, pin of component #25, pin of component #24, pin of component #21, pin of component #19, pin of component #18, pin of component #16, pin of component #13, pin of component #10, pin of component #3, pin of component #2 and polylinetrace, pin #4 of component #38, pin #3 of component #38, because the new connection could not be inserted.
2026-09-07 21:44:55.517 INFO   [7D024B\2CDE84] Auto-router pass #13 on board '935caee1856ff3f933d71210cab6961d' was completed in 4.07 seconds with the score of 976.63 (10 unrouted), using 2935.08 CPU seconds and 35966 MB memory.
2026-09-07 21:44:56.105 DEBUG  InsertFoundConnectionAlgo: insert trace failed for net #10
2026-09-07 21:44:56.106 DEBUG  [7D024B\2CDE84] Autorouter Failed to route connection between pin #8 of component #38 and polylinetrace, polylinetrace, pin of component #64, pin #7 of component #38, because the new connection could not be inserted.
2026-09-07 21:44:57.302 DEBUG  OptViaAlgo.opt_via_location: probably endless loop
2026-09-07 21:44:57.313 DEBUG  OptViaAlgo.opt_via_location: probably endless loop
2026-09-07 21:44:57.361 DEBUG  InsertFoundConnectionAlgo: insert trace failed for net #5
2026-09-07 21:44:57.361 DEBUG  [7D024B\2CDE84] Autorouter Failed to route connection between polylinetrace, polylinetrace, polylinetrace, polylinetrace, polylinetrace, polylinetrace, polylinetrace, polylinetrace, polylinetrace, polylinetrace, via, polylinetrace, via, polylinetrace, polylinetrace, polylinetrace, polylinetrace, polylinetrace, polylinetrace, polylinetrace, polylinetrace, polylinetrace, polylinetrace, polylinetrace, polylinetrace, polylinetrace, polylinetrace, polylinetrace, polylinetrace, polylinetrace, polylinetrace, polylinetrace, polylinetrace, polylinetrace, polylinetrace, polylinetrace, polylinetrace, polylinetrace, pin #1 of component #70, pin #2 of component #69, pin of component #68, pin of component #67, pin of component #66, pin #13 of component #65, pin #2 of component #63, pin of component #63, pin #2 of component #62, pin of component #62, pin of component #49, pin #4 of component #38, pin #3 of component #38, pin of component #32, pin of component #29, pin of component #25, pin of component #24, pin of component #21, pin of component #19, pin of component #18, pin of component #16, pin of component #13, pin of component #10, pin of component #3, pin of component #2 and pin #2 of component #38, because the new connection could not be inserted.
2026-09-07 21:44:57.777 DEBUG  InsertFoundConnectionAlgo: insert trace failed for net #5
2026-09-07 21:44:57.777 DEBUG  [7D024B\2CDE84] Autorouter Failed to route connection between polylinetrace, polylinetrace, polylinetrace, polylinetrace, polylinetrace, polylinetrace, polylinetrace, polylinetrace, polylinetrace, polylinetrace, via, polylinetrace, via, polylinetrace, polylinetrace, polylinetrace, polylinetrace, polylinetrace, polylinetrace, polylinetrace, polylinetrace, polylinetrace, polylinetrace, polylinetrace, polylinetrace, polylinetrace, polylinetrace, polylinetrace, polylinetrace, polylinetrace, polylinetrace, polylinetrace, polylinetrace, polylinetrace, polylinetrace, polylinetrace, polylinetrace, pin #1 of component #70, pin #2 of component #69, pin of component #68, pin of component #67, pin of component #66, pin #13 of component #65, pin #2 of component #63, pin of component #63, pin #2 of component #62, pin of component #62, pin of component #49, pin #2 of component #38, pin of component #32, pin of component #29, pin of component #25, pin of component #24, pin of component #21, pin of component #19, pin of component #18, pin of component #16, pin of component #13, pin of component #10, pin of component #3, pin of component #2 and polylinetrace, pin #4 of component #38, pin #3 of component #38, because the new connection could not be inserted.
2026-09-07 21:44:57.818 DEBUG  InsertFoundConnectionAlgo: insert trace failed for net #10
2026-09-07 21:44:57.819 DEBUG  [7D024B\2CDE84] Autorouter Failed to route connection between polylinetrace, polylinetrace, polylinetrace, polylinetrace, pin of component #64, pin #7 of component #38 and pin #8 of component #38, because the new connection could not be inserted.
2026-09-07 21:44:59.279 DEBUG  InsertFoundConnectionAlgo: insert trace failed for net #5
2026-09-07 21:44:59.279 DEBUG  [7D024B\2CDE84] Autorouter Failed to route connection between polylinetrace, pin #4 of component #38, pin #3 of component #38, pin #2 of component #38 and polylinetrace, polylinetrace, polylinetrace, polylinetrace, polylinetrace, polylinetrace, polylinetrace, polylinetrace, polylinetrace, polylinetrace, polylinetrace, via, polylinetrace, via, polylinetrace, polylinetrace, polylinetrace, polylinetrace, polylinetrace, polylinetrace, polylinetrace, polylinetrace, polylinetrace, polylinetrace, polylinetrace, polylinetrace, polylinetrace, polylinetrace, polylinetrace, polylinetrace, polylinetrace, polylinetrace, polylinetrace, polylinetrace, polylinetrace, polylinetrace, polylinetrace, polylinetrace, pin #1 of component #70, pin #2 of component #69, pin of component #68, pin of component #67, pin of component #66, pin #13 of component #65, pin #2 of component #63, pin of component #63, pin #2 of component #62, pin of component #62, pin of component #49, pin of component #32, pin of component #29, pin of component #25, pin of component #24, pin of component #21, pin of component #19, pin of component #18, pin of component #16, pin of component #13, pin of component #10, pin of component #3, pin of component #2, because the new connection could not be inserted.
2026-09-07 21:44:59.411 INFO   [7D024B\2CDE84] Auto-router pass #14 on board '26a16beebeb9f066576a79ca9f40dde9' was completed in 3.80 seconds with the score of 976.66 (10 unrouted), using 3239.17 CPU seconds and 38233 MB memory.
2026-09-07 21:44:59.503 DEBUG  InsertFoundConnectionAlgo: insert trace failed for net #5
2026-09-07 21:44:59.504 DEBUG  [7D024B\2CDE84] Autorouter Failed to route connection between polylinetrace, pin #4 of component #38, pin #3 of component #38, pin #2 of component #38 and polylinetrace, polylinetrace, polylinetrace, polylinetrace, polylinetrace, polylinetrace, polylinetrace, polylinetrace, polylinetrace, polylinetrace, via, polylinetrace, via, polylinetrace, polylinetrace, polylinetrace, polylinetrace, polylinetrace, polylinetrace, polylinetrace, polylinetrace, polylinetrace, polylinetrace, polylinetrace, polylinetrace, polylinetrace, polylinetrace, polylinetrace, polylinetrace, polylinetrace, polylinetrace, polylinetrace, polylinetrace, polylinetrace, polylinetrace, polylinetrace, polylinetrace, pin #1 of component #70, pin #2 of component #69, pin of component #68, pin of component #67, pin of component #66, pin #13 of component #65, pin #2 of component #63, pin of component #63, pin #2 of component #62, pin of component #62, pin of component #49, pin of component #32, pin of component #29, pin of component #25, pin of component #24, pin of component #21, pin of component #19, pin of component #18, pin of component #16, pin of component #13, pin of component #10, pin of component #3, pin of component #2, because the new connection could not be inserted.
2026-09-07 21:44:59.551 DEBUG  InsertFoundConnectionAlgo: insert trace failed for net #5
2026-09-07 21:44:59.552 DEBUG  [7D024B\2CDE84] Autorouter Failed to route connection between polylinetrace, polylinetrace, polylinetrace, polylinetrace, polylinetrace, polylinetrace, polylinetrace, polylinetrace, polylinetrace, polylinetrace, polylinetrace, polylinetrace, via, polylinetrace, via, polylinetrace, polylinetrace, polylinetrace, polylinetrace, polylinetrace, polylinetrace, polylinetrace, polylinetrace, polylinetrace, polylinetrace, polylinetrace, polylinetrace, polylinetrace, polylinetrace, polylinetrace, polylinetrace, polylinetrace, polylinetrace, polylinetrace, polylinetrace, polylinetrace, polylinetrace, polylinetrace, polylinetrace, polylinetrace, pin #1 of component #70, pin #2 of component #69, pin of component #68, pin of component #67, pin of component #66, pin #13 of component #65, pin #2 of component #63, pin of component #63, pin #2 of component #62, pin of component #62, pin of component #49, pin #4 of component #38, pin #3 of component #38, pin of component #32, pin of component #29, pin of component #25, pin of component #24, pin of component #21, pin of component #19, pin of component #18, pin of component #16, pin of component #13, pin of component #10, pin of component #3, pin of component #2 and pin #2 of component #38, because the new connection could not be inserted.
2026-09-07 21:45:00.177 DEBUG  InsertFoundConnectionAlgo: insert trace failed for net #10
2026-09-07 21:45:00.177 DEBUG  [7D024B\2CDE84] Autorouter Failed to route connection between polylinetrace, polylinetrace, pin of component #64, pin #7 of component #38 and pin #8 of component #38, because the new connection could not be inserted.
2026-09-07 21:45:00.211 DEBUG  [7D024B\2CDE84] Autorouter Failed to route connection between polylinetrace, polylinetrace, polylinetrace, polylinetrace, polylinetrace, via, pin #28 of component #69 and polylinetrace, polylinetrace, polylinetrace, polylinetrace, via, polylinetrace, via, pin #22 of component #71, pin #1 of component #24, because some of their layers are disabled.
2026-09-07 21:45:01.258 DEBUG  InsertFoundConnectionAlgo: insert trace failed for net #5
2026-09-07 21:45:01.259 DEBUG  [7D024B\2CDE84] Autorouter Failed to route connection between polylinetrace, polylinetrace, polylinetrace, polylinetrace, polylinetrace, polylinetrace, polylinetrace, polylinetrace, polylinetrace, polylinetrace, polylinetrace, via, polylinetrace, via, polylinetrace, polylinetrace, polylinetrace, polylinetrace, polylinetrace, polylinetrace, polylinetrace, polylinetrace, polylinetrace, polylinetrace, polylinetrace, polylinetrace, polylinetrace, polylinetrace, polylinetrace, polylinetrace, polylinetrace, polylinetrace, polylinetrace, polylinetrace, polylinetrace, polylinetrace, polylinetrace, polylinetrace, pin #1 of component #70, pin #2 of component #69, pin of component #68, pin of component #67, pin of component #66, pin #13 of component #65, pin #2 of component #63, pin of component #63, pin #2 of component #62, pin of component #62, pin of component #49, pin #2 of component #38, pin of component #32, pin of component #29, pin of component #25, pin of component #24, pin of component #21, pin of component #19, pin of component #18, pin of component #16, pin of component #13, pin of component #10, pin of component #3, pin of component #2 and polylinetrace, pin #4 of component #38, pin #3 of component #38, because the new connection could not be inserted.
2026-09-07 21:45:01.385 DEBUG  InsertFoundConnectionAlgo: insert trace failed for net #10
2026-09-07 21:45:01.386 DEBUG  [7D024B\2CDE84] Autorouter Failed to route connection between pin #8 of component #38 and polylinetrace, polylinetrace, pin of component #64, pin #7 of component #38, because the new connection could not be inserted.
2026-09-07 21:45:02.284 DEBUG  InsertFoundConnectionAlgo: insert trace failed for net #28
2026-09-07 21:45:02.284 DEBUG  [7D024B\2CDE84] Autorouter Failed to route connection between polylinetrace, polylinetrace, polylinetrace, polylinetrace, via, polylinetrace, via, polylinetrace, pin #12 of component #69 and pin #3 of component #65, because the new connection could not be inserted.
2026-09-07 21:45:02.520 INFO   [7D024B\2CDE84] Auto-router pass #15 on board 'dc2121c35d9b88aea49740bf2aafb9fc' was completed in 3.06 seconds with the score of 975.61 (11 unrouted), using 3477.20 CPU seconds and 39931 MB memory.
2026-09-07 21:45:04.260 DEBUG  InsertFoundConnectionAlgo: insert trace failed for net #5
2026-09-07 21:45:04.260 DEBUG  [7D024B\2CDE84] Autorouter Failed to route connection between polylinetrace, polylinetrace, polylinetrace, polylinetrace, polylinetrace, polylinetrace, polylinetrace, polylinetrace, polylinetrace, polylinetrace, polylinetrace, polylinetrace, via, polylinetrace, via, polylinetrace, polylinetrace, polylinetrace, polylinetrace, polylinetrace, polylinetrace, polylinetrace, polylinetrace, polylinetrace, polylinetrace, polylinetrace, polylinetrace, polylinetrace, polylinetrace, polylinetrace, polylinetrace, polylinetrace, polylinetrace, polylinetrace, polylinetrace, polylinetrace, polylinetrace, pin #1 of component #70, pin #2 of component #69, pin of component #68, pin of component #67, pin of component #66, pin #13 of component #65, pin #2 of component #63, pin of component #63, pin #2 of component #62, pin of component #62, pin of component #49, pin #2 of component #38, pin of component #32, pin of component #29, pin of component #25, pin of component #24, pin of component #21, pin of component #19, pin of component #18, pin of component #16, pin of component #13, pin of component #10, pin of component #3, pin of component #2 and polylinetrace, pin #4 of component #38, pin #3 of component #38, because the new connection could not be inserted.
2026-09-07 21:45:07.352 DEBUG  InsertFoundConnectionAlgo: insert trace failed for net #10
2026-09-07 21:45:07.353 DEBUG  [7D024B\2CDE84] Autorouter Failed to route connection between pin #8 of component #38 and polylinetrace, polylinetrace, pin of component #64, pin #7 of component #38, because the new connection could not be inserted.
2026-09-07 21:45:09.338 DEBUG  InsertFoundConnectionAlgo: insert trace failed for net #10
2026-09-07 21:45:09.339 DEBUG  [7D024B\2CDE84] Autorouter Failed to route connection between polylinetrace, polylinetrace, polylinetrace, polylinetrace, pin of component #64, pin #7 of component #38 and pin #8 of component #38, because the new connection could not be inserted.
2026-09-07 21:45:09.602 DEBUG  InsertFoundConnectionAlgo: insert trace failed for net #21
2026-09-07 21:45:09.602 DEBUG  [7D024B\2CDE84] Autorouter Failed to route connection between pin #28 of component #69 and polylinetrace, via, polylinetrace, polylinetrace, via, pin #22 of component #71, pin #1 of component #24, because the new connection could not be inserted.
2026-09-07 21:45:11.832 DEBUG  InsertFoundConnectionAlgo: insert trace failed for net #36
2026-09-07 21:45:11.832 DEBUG  [7D024B\2CDE84] Autorouter Failed to route connection between pin #20 of component #69 and pin #15 of component #65, because the new connection could not be inserted.
2026-09-07 21:45:11.908 DEBUG  InsertFoundConnectionAlgo: insert trace failed for net #5
2026-09-07 21:45:11.908 DEBUG  [7D024B\2CDE84] Autorouter Failed to route connection between polylinetrace, pin #4 of component #38, pin #3 of component #38, pin #2 of component #38 and polylinetrace, polylinetrace, polylinetrace, polylinetrace, polylinetrace, polylinetrace, polylinetrace, polylinetrace, polylinetrace, polylinetrace, polylinetrace, polylinetrace, polylinetrace, polylinetrace, polylinetrace, polylinetrace, via, polylinetrace, via, polylinetrace, polylinetrace, polylinetrace, polylinetrace, polylinetrace, polylinetrace, polylinetrace, polylinetrace, polylinetrace, polylinetrace, polylinetrace, polylinetrace, polylinetrace, polylinetrace, polylinetrace, polylinetrace, polylinetrace, polylinetrace, polylinetrace, polylinetrace, pin #1 of component #70, pin #2 of component #69, pin of component #68, pin of component #67, pin of component #66, pin #13 of component #65, pin #2 of component #63, pin of component #63, pin #2 of component #62, pin of component #62, pin of component #49, pin of component #32, pin of component #29, pin of component #25, pin of component #24, pin of component #21, pin of component #19, pin of component #18, pin of component #16, pin of component #13, pin of component #10, pin of component #3, pin of component #2, because the new connection could not be inserted.
2026-09-07 21:45:14.821 DEBUG  [7D024B\2CDE84] Autorouter Failed to route connection between polylinetrace, polylinetrace, polylinetrace, polylinetrace, polylinetrace, polylinetrace, polylinetrace, polylinetrace, polylinetrace, polylinetrace, polylinetrace, polylinetrace, polylinetrace, polylinetrace, polylinetrace, polylinetrace, polylinetrace, polylinetrace, polylinetrace, via, polylinetrace, via, polylinetrace, polylinetrace, polylinetrace, polylinetrace, polylinetrace, polylinetrace, polylinetrace, polylinetrace, polylinetrace, polylinetrace, polylinetrace, polylinetrace, polylinetrace, polylinetrace, polylinetrace, polylinetrace, polylinetrace, polylinetrace, polylinetrace, polylinetrace, pin #1 of component #70, pin #2 of component #69, pin of component #68, pin of component #67, pin of component #66, pin #13 of component #65, pin #2 of component #63, pin of component #63, pin #2 of component #62, pin of component #62, pin of component #49, pin #4 of component #38, pin #3 of component #38, pin of component #32, pin of component #29, pin of component #25, pin of component #24, pin of component #21, pin of component #19, pin of component #18, pin of component #16, pin of component #13, pin of component #10, pin of component #3, pin of component #2 and pin #2 of component #38, because no connection was found between their nets.
2026-09-07 21:45:16.057 DEBUG  OptViaAlgo.opt_via_location: probably endless loop
2026-09-07 21:45:16.115 INFO   [7D024B\2CDE84] Restoring an earlier board that has the score of 976.66 (10 unrouted).
2026-09-07 21:45:16.116 INFO   [7D024B\2CDE84] Auto-router pass #16 on board 'f802111628188c481e5199f79d323e62' was completed in 13.55 seconds with the score of 973.83 (12 unrouted), using 4605.89 CPU seconds and 46316 MB memory.
2026-09-07 21:45:17.328 DEBUG  InsertFoundConnectionAlgo: insert trace failed for net #5
2026-09-07 21:45:17.328 DEBUG  [7D024B\2CDE84] Autorouter Failed to route connection between polylinetrace, polylinetrace, polylinetrace, polylinetrace, polylinetrace, polylinetrace, polylinetrace, polylinetrace, polylinetrace, polylinetrace, via, polylinetrace, via, polylinetrace, polylinetrace, polylinetrace, polylinetrace, polylinetrace, polylinetrace, polylinetrace, polylinetrace, polylinetrace, polylinetrace, polylinetrace, polylinetrace, polylinetrace, polylinetrace, polylinetrace, polylinetrace, polylinetrace, polylinetrace, polylinetrace, polylinetrace, polylinetrace, polylinetrace, polylinetrace, polylinetrace, pin #1 of component #70, pin #2 of component #69, pin of component #68, pin of component #67, pin of component #66, pin #13 of component #65, pin #2 of component #63, pin of component #63, pin #2 of component #62, pin of component #62, pin of component #49, pin #2 of component #38, pin of component #32, pin of component #29, pin of component #25, pin of component #24, pin of component #21, pin of component #19, pin of component #18, pin of component #16, pin of component #13, pin of component #10, pin of component #3, pin of component #2 and polylinetrace, pin #4 of component #38, pin #3 of component #38, because the new connection could not be inserted.
2026-09-07 21:45:17.370 DEBUG  InsertFoundConnectionAlgo: insert trace failed for net #10
2026-09-07 21:45:17.371 DEBUG  [7D024B\2CDE84] Autorouter Failed to route connection between polylinetrace, polylinetrace, pin of component #64, pin #7 of component #38 and pin #8 of component #38, because the new connection could not be inserted.
2026-09-07 21:45:17.583 DEBUG  InsertFoundConnectionAlgo: insert trace failed for net #10
2026-09-07 21:45:17.583 DEBUG  [7D024B\2CDE84] Autorouter Failed to route connection between pin #8 of component #38 and polylinetrace, polylinetrace, pin of component #64, pin #7 of component #38, because the new connection could not be inserted.
2026-09-07 21:45:17.919 DEBUG  InsertFoundConnectionAlgo: insert trace failed for net #5
2026-09-07 21:45:17.920 DEBUG  [7D024B\2CDE84] Autorouter Failed to route connection between polylinetrace, pin #4 of component #38, pin #3 of component #38, pin #2 of component #38 and polylinetrace, polylinetrace, polylinetrace, polylinetrace, polylinetrace, polylinetrace, polylinetrace, polylinetrace, polylinetrace, polylinetrace, via, polylinetrace, via, polylinetrace, polylinetrace, polylinetrace, polylinetrace, polylinetrace, polylinetrace, polylinetrace, polylinetrace, polylinetrace, polylinetrace, polylinetrace, polylinetrace, polylinetrace, polylinetrace, polylinetrace, polylinetrace, polylinetrace, polylinetrace, polylinetrace, polylinetrace, polylinetrace, polylinetrace, polylinetrace, polylinetrace, pin #1 of component #70, pin #2 of component #69, pin of component #68, pin of component #67, pin of component #66, pin #13 of component #65, pin #2 of component #63, pin of component #63, pin #2 of component #62, pin of component #62, pin of component #49, pin of component #32, pin of component #29, pin of component #25, pin of component #24, pin of component #21, pin of component #19, pin of component #18, pin of component #16, pin of component #13, pin of component #10, pin of component #3, pin of component #2, because the new connection could not be inserted.
2026-09-07 21:45:17.962 DEBUG  InsertFoundConnectionAlgo: insert trace failed for net #5
2026-09-07 21:45:17.962 DEBUG  [7D024B\2CDE84] Autorouter Failed to route connection between polylinetrace, polylinetrace, polylinetrace, polylinetrace, polylinetrace, polylinetrace, polylinetrace, polylinetrace, polylinetrace, polylinetrace, polylinetrace, polylinetrace, via, polylinetrace, via, polylinetrace, polylinetrace, polylinetrace, polylinetrace, polylinetrace, polylinetrace, polylinetrace, polylinetrace, polylinetrace, polylinetrace, polylinetrace, polylinetrace, polylinetrace, polylinetrace, polylinetrace, polylinetrace, polylinetrace, polylinetrace, polylinetrace, polylinetrace, polylinetrace, polylinetrace, polylinetrace, polylinetrace, polylinetrace, pin #1 of component #70, pin #2 of component #69, pin of component #68, pin of component #67, pin of component #66, pin #13 of component #65, pin #2 of component #63, pin of component #63, pin #2 of component #62, pin of component #62, pin of component #49, pin #4 of component #38, pin #3 of component #38, pin of component #32, pin of component #29, pin of component #25, pin of component #24, pin of component #21, pin of component #19, pin of component #18, pin of component #16, pin of component #13, pin of component #10, pin of component #3, pin of component #2 and pin #2 of component #38, because the new connection could not be inserted.
2026-09-07 21:45:18.876 DEBUG  InsertFoundConnectionAlgo: insert trace failed for net #21
2026-09-07 21:45:18.877 DEBUG  [7D024B\2CDE84] Autorouter Failed to route connection between pin #28 of component #69, pin #1 of component #24 and pin #22 of component #71, because the new connection could not be inserted.
2026-09-07 21:45:18.980 INFO   [7D024B\2CDE84] Auto-router pass #17 on board 'dc2121c35d9b88aea49740bf2aafb9fc' was completed in 2.85 seconds with the score of 976.50 (10 unrouted), using 4888.53 CPU seconds and 48017 MB memory.
2026-09-07 21:45:19.425 DEBUG  InsertFoundConnectionAlgo: insert trace failed for net #5
2026-09-07 21:45:19.425 DEBUG  [7D024B\2CDE84] Autorouter Failed to route connection between polylinetrace, polylinetrace, polylinetrace, polylinetrace, polylinetrace, polylinetrace, polylinetrace, polylinetrace, polylinetrace, polylinetrace, via, polylinetrace, via, polylinetrace, polylinetrace, polylinetrace, polylinetrace, polylinetrace, polylinetrace, polylinetrace, polylinetrace, polylinetrace, polylinetrace, polylinetrace, polylinetrace, polylinetrace, polylinetrace, polylinetrace, polylinetrace, polylinetrace, polylinetrace, polylinetrace, polylinetrace, polylinetrace, polylinetrace, polylinetrace, polylinetrace, polylinetrace, pin #1 of component #70, pin #2 of component #69, pin of component #68, pin of component #67, pin of component #66, pin #13 of component #65, pin #2 of component #63, pin of component #63, pin #2 of component #62, pin of component #62, pin of component #49, pin #4 of component #38, pin #3 of component #38, pin of component #32, pin of component #29, pin of component #25, pin of component #24, pin of component #21, pin of component #19, pin of component #18, pin of component #16, pin of component #13, pin of component #10, pin of component #3, pin of component #2 and pin #2 of component #38, because the new connection could not be inserted.
2026-09-07 21:45:19.761 DEBUG  InsertFoundConnectionAlgo: insert trace failed for net #5
2026-09-07 21:45:19.762 DEBUG  [7D024B\2CDE84] Autorouter Failed to route connection between polylinetrace, polylinetrace, polylinetrace, polylinetrace, polylinetrace, polylinetrace, polylinetrace, polylinetrace, polylinetrace, polylinetrace, via, polylinetrace, via, polylinetrace, polylinetrace, polylinetrace, polylinetrace, polylinetrace, polylinetrace, polylinetrace, polylinetrace, polylinetrace, polylinetrace, polylinetrace, polylinetrace, polylinetrace, polylinetrace, polylinetrace, polylinetrace, polylinetrace, polylinetrace, polylinetrace, polylinetrace, polylinetrace, polylinetrace, polylinetrace, polylinetrace, pin #1 of component #70, pin #2 of component #69, pin of component #68, pin of component #67, pin of component #66, pin #13 of component #65, pin #2 of component #63, pin of component #63, pin #2 of component #62, pin of component #62, pin of component #49, pin #2 of component #38, pin of component #32, pin of component #29, pin of component #25, pin of component #24, pin of component #21, pin of component #19, pin of component #18, pin of component #16, pin of component #13, pin of component #10, pin of component #3, pin of component #2 and polylinetrace, pin #4 of component #38, pin #3 of component #38, because the new connection could not be inserted.
2026-09-07 21:45:20.224 DEBUG  OptViaAlgo.opt_via_location: probably endless loop
2026-09-07 21:45:20.231 DEBUG  OptViaAlgo.opt_via_location: probably endless loop
2026-09-07 21:45:21.156 DEBUG  InsertFoundConnectionAlgo: insert trace failed for net #10
2026-09-07 21:45:21.156 DEBUG  [7D024B\2CDE84] Autorouter Failed to route connection between polylinetrace, polylinetrace, pin of component #64, pin #7 of component #38 and pin #8 of component #38, because the new connection could not be inserted.
2026-09-07 21:45:21.399 DEBUG  OptViaAlgo.opt_via_location: probably endless loop
2026-09-07 21:45:21.411 DEBUG  OptViaAlgo.opt_via_location: probably endless loop
2026-09-07 21:45:21.448 DEBUG  InsertFoundConnectionAlgo: insert trace failed for net #10
2026-09-07 21:45:21.448 DEBUG  [7D024B\2CDE84] Autorouter Failed to route connection between pin #8 of component #38 and polylinetrace, polylinetrace, pin of component #64, pin #7 of component #38, because the new connection could not be inserted.
2026-09-07 21:45:21.680 DEBUG  InsertFoundConnectionAlgo: insert trace failed for net #5
2026-09-07 21:45:21.681 DEBUG  [7D024B\2CDE84] Autorouter Failed to route connection between polylinetrace, pin #4 of component #38, pin #3 of component #38, pin #2 of component #38 and polylinetrace, polylinetrace, polylinetrace, polylinetrace, polylinetrace, polylinetrace, polylinetrace, polylinetrace, polylinetrace, polylinetrace, polylinetrace, polylinetrace, via, polylinetrace, via, polylinetrace, polylinetrace, polylinetrace, polylinetrace, polylinetrace, polylinetrace, polylinetrace, polylinetrace, polylinetrace, polylinetrace, polylinetrace, polylinetrace, polylinetrace, polylinetrace, polylinetrace, polylinetrace, polylinetrace, polylinetrace, polylinetrace, polylinetrace, polylinetrace, polylinetrace, pin #1 of component #70, pin #2 of component #69, pin of component #68, pin of component #67, pin of component #66, pin #13 of component #65, pin #2 of component #63, pin of component #63, pin #2 of component #62, pin of component #62, pin of component #49, pin of component #32, pin of component #29, pin of component #25, pin of component #24, pin of component #21, pin of component #19, pin of component #18, pin of component #16, pin of component #13, pin of component #10, pin of component #3, pin of component #2, because the new connection could not be inserted.
2026-09-07 21:45:21.756 INFO   [7D024B\2CDE84] Auto-router pass #18 on board 'a35cd978b16e81a077f0f5c2745073c0' was completed in 2.73 seconds with the score of 964.81 (18 unrouted), using 5179.58 CPU seconds and 49744 MB memory.
2026-09-07 21:45:22.165 DEBUG  InsertFoundConnectionAlgo: insert trace failed for net #5
2026-09-07 21:45:22.165 DEBUG  [7D024B\2CDE84] Autorouter Failed to route connection between polylinetrace, polylinetrace, polylinetrace, polylinetrace, polylinetrace, polylinetrace, polylinetrace, polylinetrace, polylinetrace, polylinetrace, polylinetrace, polylinetrace, via, polylinetrace, via, polylinetrace, polylinetrace, polylinetrace, polylinetrace, polylinetrace, polylinetrace, polylinetrace, polylinetrace, polylinetrace, polylinetrace, polylinetrace, polylinetrace, polylinetrace, polylinetrace, polylinetrace, polylinetrace, polylinetrace, polylinetrace, polylinetrace, polylinetrace, polylinetrace, polylinetrace, polylinetrace, pin #1 of component #70, pin #2 of component #69, pin of component #68, pin of component #67, pin of component #66, pin #13 of component #65, pin #2 of component #63, pin of component #63, pin #2 of component #62, pin of component #62, pin of component #49, pin #4 of component #38, pin #3 of component #38, pin of component #32, pin of component #29, pin of component #25, pin of component #24, pin of component #21, pin of component #19, pin of component #18, pin of component #16, pin of component #13, pin of component #10, pin of component #3, pin of component #2 and pin #2 of component #38, because the new connection could not be inserted.
2026-09-07 21:45:22.979 DEBUG  InsertFoundConnectionAlgo: insert trace failed for net #5
2026-09-07 21:45:22.980 DEBUG  [7D024B\2CDE84] Autorouter Failed to route connection between polylinetrace, pin #4 of component #38, pin #3 of component #38, pin #2 of component #38 and polylinetrace, polylinetrace, polylinetrace, polylinetrace, polylinetrace, polylinetrace, polylinetrace, polylinetrace, polylinetrace, polylinetrace, polylinetrace, polylinetrace, via, polylinetrace, via, polylinetrace, polylinetrace, polylinetrace, polylinetrace, polylinetrace, polylinetrace, polylinetrace, polylinetrace, polylinetrace, polylinetrace, polylinetrace, polylinetrace, polylinetrace, polylinetrace, polylinetrace, polylinetrace, polylinetrace, polylinetrace, polylinetrace, polylinetrace, polylinetrace, polylinetrace, pin #1 of component #70, pin #2 of component #69, pin of component #68, pin of component #67, pin of component #66, pin #13 of component #65, pin #2 of component #63, pin of component #63, pin #2 of component #62, pin of component #62, pin of component #49, pin of component #32, pin of component #29, pin of component #25, pin of component #24, pin of component #21, pin of component #19, pin of component #18, pin of component #16, pin of component #13, pin of component #10, pin of component #3, pin of component #2, because the new connection could not be inserted.
2026-09-07 21:45:23.208 DEBUG  InsertFoundConnectionAlgo: insert trace failed for net #5
2026-09-07 21:45:23.208 DEBUG  [7D024B\2CDE84] Autorouter Failed to route connection between polylinetrace, polylinetrace, polylinetrace, polylinetrace, polylinetrace, polylinetrace, polylinetrace, polylinetrace, polylinetrace, polylinetrace, polylinetrace, polylinetrace, polylinetrace, polylinetrace, via, polylinetrace, via, polylinetrace, polylinetrace, polylinetrace, polylinetrace, polylinetrace, polylinetrace, polylinetrace, polylinetrace, polylinetrace, polylinetrace, polylinetrace, polylinetrace, polylinetrace, polylinetrace, polylinetrace, polylinetrace, polylinetrace, polylinetrace, polylinetrace, polylinetrace, polylinetrace, polylinetrace, pin #1 of component #70, pin #2 of component #69, pin of component #68, pin of component #67, pin of component #66, pin #13 of component #65, pin #2 of component #63, pin of component #63, pin #2 of component #62, pin of component #62, pin of component #49, pin #2 of component #38, pin of component #32, pin of component #29, pin of component #25, pin of component #24, pin of component #21, pin of component #19, pin of component #18, pin of component #16, pin of component #13, pin of component #10, pin of component #3, pin of component #2 and polylinetrace, pin #4 of component #38, pin #3 of component #38, because the new connection could not be inserted.
2026-09-07 21:45:24.311 DEBUG  InsertFoundConnectionAlgo: insert trace failed for net #10
2026-09-07 21:45:24.313 DEBUG  [7D024B\2CDE84] Autorouter Failed to route connection between pin #8 of component #38 and polylinetrace, polylinetrace, pin of component #64, pin #7 of component #38, because the new connection could not be inserted.
2026-09-07 21:45:24.957 DEBUG  InsertFoundConnectionAlgo: insert trace failed for net #10
2026-09-07 21:45:24.957 DEBUG  [7D024B\2CDE84] Autorouter Failed to route connection between polylinetrace, polylinetrace, polylinetrace, polylinetrace, pin of component #64, pin #7 of component #38 and pin #8 of component #38, because the new connection could not be inserted.
2026-09-07 21:45:25.269 DEBUG  InsertFoundConnectionAlgo: insert trace failed for net #13
2026-09-07 21:45:25.269 DEBUG  [7D024B\2CDE84] Autorouter Failed to route connection between polylinetrace, polylinetrace, via, pin #27 of component #69, pin #1 of component #19 and pin #23 of component #71, because the new connection could not be inserted.
2026-09-07 21:45:25.592 DEBUG  OptViaAlgo.opt_plane_or_fanout_via: probably endless loop
2026-09-07 21:45:25.600 DEBUG  OptViaAlgo.opt_plane_or_fanout_via: probably endless loop
2026-09-07 21:45:25.608 DEBUG  OptViaAlgo.opt_plane_or_fanout_via: probably endless loop
2026-09-07 21:45:26.161 DEBUG  OptViaAlgo.opt_via_location: probably endless loop
2026-09-07 21:45:26.172 DEBUG  OptViaAlgo.opt_via_location: probably endless loop
2026-09-07 21:45:26.256 INFO   [7D024B\2CDE84] Auto-router pass #19 on board '112c385849db72cab1065714b8e457f4' was completed in 4.45 seconds with the score of 974.62 (11 unrouted), using 5581.03 CPU seconds and 51688 MB memory.
2026-09-07 21:45:26.419 DEBUG  InsertFoundConnectionAlgo: insert trace failed for net #5
2026-09-07 21:45:26.420 DEBUG  [7D024B\2CDE84] Autorouter Failed to route connection between polylinetrace, polylinetrace, polylinetrace, polylinetrace, polylinetrace, polylinetrace, polylinetrace, polylinetrace, polylinetrace, polylinetrace, polylinetrace, polylinetrace, polylinetrace, polylinetrace, polylinetrace, via, polylinetrace, via, polylinetrace, polylinetrace, polylinetrace, polylinetrace, polylinetrace, polylinetrace, polylinetrace, polylinetrace, polylinetrace, polylinetrace, polylinetrace, polylinetrace, polylinetrace, polylinetrace, polylinetrace, polylinetrace, polylinetrace, polylinetrace, polylinetrace, pin #1 of component #70, pin #2 of component #69, pin of component #68, pin of component #67, pin of component #66, pin #13 of component #65, pin #2 of component #63, pin of component #63, pin #2 of component #62, pin of component #62, pin of component #49, pin #2 of component #38, pin of component #32, pin of component #29, pin of component #25, pin of component #24, pin of component #21, pin of component #19, pin of component #18, pin of component #16, pin of component #13, pin of component #10, pin of component #3, pin of component #2 and polylinetrace, pin #4 of component #38, pin #3 of component #38, because the new connection could not be inserted.
2026-09-07 21:45:27.289 DEBUG  InsertFoundConnectionAlgo: insert trace failed for net #10
2026-09-07 21:45:27.289 DEBUG  [7D024B\2CDE84] Autorouter Failed to route connection between polylinetrace, polylinetrace, pin of component #64, pin #7 of component #38 and pin #8 of component #38, because the new connection could not be inserted.
2026-09-07 21:45:27.404 DEBUG  InsertFoundConnectionAlgo: insert trace failed for net #5
2026-09-07 21:45:27.405 DEBUG  [7D024B\2CDE84] Autorouter Failed to route connection between polylinetrace, polylinetrace, polylinetrace, polylinetrace, polylinetrace, polylinetrace, polylinetrace, polylinetrace, polylinetrace, polylinetrace, polylinetrace, polylinetrace, polylinetrace, polylinetrace, polylinetrace, via, polylinetrace, via, polylinetrace, polylinetrace, polylinetrace, polylinetrace, polylinetrace, polylinetrace, polylinetrace, polylinetrace, polylinetrace, polylinetrace, polylinetrace, polylinetrace, polylinetrace, polylinetrace, polylinetrace, polylinetrace, polylinetrace, polylinetrace, polylinetrace, polylinetrace, pin #1 of component #70, pin #2 of component #69, pin of component #68, pin of component #67, pin of component #66, pin #13 of component #65, pin #2 of component #63, pin of component #63, pin #2 of component #62, pin of component #62, pin of component #49, pin #4 of component #38, pin #3 of component #38, pin of component #32, pin of component #29, pin of component #25, pin of component #24, pin of component #21, pin of component #19, pin of component #18, pin of component #16, pin of component #13, pin of component #10, pin of component #3, pin of component #2 and pin #2 of component #38, because the new connection could not be inserted.
2026-09-07 21:45:32.188 DEBUG  InsertFoundConnectionAlgo: insert trace failed for net #10
2026-09-07 21:45:32.189 DEBUG  [7D024B\2CDE84] Autorouter Failed to route connection between pin #8 of component #38 and polylinetrace, polylinetrace, pin of component #64, pin #7 of component #38, because the new connection could not be inserted.
2026-09-07 21:45:35.112 DEBUG  [7D024B\2CDE84] Autorouter Failed to route connection between polylinetrace, pin #4 of component #38, pin #3 of component #38, pin #2 of component #38 and polylinetrace, polylinetrace, polylinetrace, polylinetrace, polylinetrace, polylinetrace, polylinetrace, polylinetrace, polylinetrace, polylinetrace, polylinetrace, polylinetrace, polylinetrace, polylinetrace, polylinetrace, via, polylinetrace, via, polylinetrace, polylinetrace, polylinetrace, polylinetrace, polylinetrace, polylinetrace, polylinetrace, polylinetrace, polylinetrace, polylinetrace, polylinetrace, polylinetrace, polylinetrace, polylinetrace, polylinetrace, polylinetrace, polylinetrace, polylinetrace, polylinetrace, pin #1 of component #70, pin #2 of component #69, pin of component #68, pin of component #67, pin of component #66, pin #13 of component #65, pin #2 of component #63, pin of component #63, pin #2 of component #62, pin of component #62, pin of component #49, pin of component #32, pin of component #29, pin of component #25, pin of component #24, pin of component #21, pin of component #19, pin of component #18, pin of component #16, pin of component #13, pin of component #10, pin of component #3, pin of component #2, because no connection was found between their nets.
2026-09-07 21:45:36.372 INFO   [7D024B\2CDE84] Auto-router pass #20 on board '5e9f1c5183100ff27d505deec21d8f09' was completed in 10.05 seconds with the score of 978.04 (9 unrouted), using 6650.41 CPU seconds and 56477 MB memory.
2026-09-07 21:45:37.249 DEBUG  OptViaAlgo.opt_plane_or_fanout_via: probably endless loop
2026-09-07 21:45:37.254 DEBUG  OptViaAlgo.opt_plane_or_fanout_via: probably endless loop
2026-09-07 21:45:37.258 DEBUG  OptViaAlgo.opt_plane_or_fanout_via: probably endless loop
2026-09-07 21:45:37.295 DEBUG  InsertFoundConnectionAlgo: insert trace failed for net #10
2026-09-07 21:45:37.296 DEBUG  [7D024B\2CDE84] Autorouter Failed to route connection between polylinetrace, polylinetrace, pin of component #64, pin #7 of component #38 and pin #8 of component #38, because the new connection could not be inserted.
2026-09-07 21:45:38.139 DEBUG  InsertFoundConnectionAlgo: insert trace failed for net #10
2026-09-07 21:45:38.140 DEBUG  [7D024B\2CDE84] Autorouter Failed to route connection between pin #8 of component #38 and polylinetrace, polylinetrace, pin of component #64, pin #7 of component #38, because the new connection could not be inserted.
2026-09-07 21:45:38.195 DEBUG  InsertFoundConnectionAlgo: insert trace failed for net #5
2026-09-07 21:45:38.196 DEBUG  [7D024B\2CDE84] Autorouter Failed to route connection between polylinetrace, polylinetrace, polylinetrace, polylinetrace, polylinetrace, polylinetrace, polylinetrace, polylinetrace, polylinetrace, polylinetrace, polylinetrace, polylinetrace, polylinetrace, polylinetrace, polylinetrace, polylinetrace, polylinetrace, via, polylinetrace, via, polylinetrace, polylinetrace, polylinetrace, polylinetrace, polylinetrace, polylinetrace, polylinetrace, polylinetrace, polylinetrace, polylinetrace, polylinetrace, polylinetrace, polylinetrace, polylinetrace, polylinetrace, polylinetrace, polylinetrace, pin #1 of component #70, pin #2 of component #69, pin of component #68, pin of component #67, pin of component #66, pin #13 of component #65, pin #2 of component #63, pin of component #63, pin #2 of component #62, pin of component #62, pin of component #49, pin #2 of component #38, pin of component #32, pin of component #29, pin of component #25, pin of component #24, pin of component #21, pin of component #19, pin of component #18, pin of component #16, pin of component #13, pin of component #10, pin of component #3, pin of component #2 and polylinetrace, pin #4 of component #38, pin #3 of component #38, because the new connection could not be inserted.
2026-09-07 21:45:38.282 DEBUG  InsertFoundConnectionAlgo: insert trace failed for net #5
2026-09-07 21:45:38.282 DEBUG  [7D024B\2CDE84] Autorouter Failed to route connection between polylinetrace, pin #4 of component #38, pin #3 of component #38, pin #2 of component #38 and polylinetrace, polylinetrace, polylinetrace, polylinetrace, polylinetrace, polylinetrace, polylinetrace, polylinetrace, polylinetrace, polylinetrace, polylinetrace, polylinetrace, polylinetrace, polylinetrace, polylinetrace, polylinetrace, polylinetrace, via, polylinetrace, via, polylinetrace, polylinetrace, polylinetrace, polylinetrace, polylinetrace, polylinetrace, polylinetrace, polylinetrace, polylinetrace, polylinetrace, polylinetrace, polylinetrace, polylinetrace, polylinetrace, polylinetrace, polylinetrace, polylinetrace, pin #1 of component #70, pin #2 of component #69, pin of component #68, pin of component #67, pin of component #66, pin #13 of component #65, pin #2 of component #63, pin of component #63, pin #2 of component #62, pin of component #62, pin of component #49, pin of component #32, pin of component #29, pin of component #25, pin of component #24, pin of component #21, pin of component #19, pin of component #18, pin of component #16, pin of component #13, pin of component #10, pin of component #3, pin of component #2, because the new connection could not be inserted.
2026-09-07 21:45:39.129 DEBUG  InsertFoundConnectionAlgo: insert trace failed for net #5
2026-09-07 21:45:39.129 DEBUG  [7D024B\2CDE84] Autorouter Failed to route connection between polylinetrace, polylinetrace, polylinetrace, polylinetrace, polylinetrace, polylinetrace, polylinetrace, polylinetrace, polylinetrace, polylinetrace, polylinetrace, polylinetrace, polylinetrace, polylinetrace, polylinetrace, polylinetrace, polylinetrace, polylinetrace, polylinetrace, via, polylinetrace, via, polylinetrace, polylinetrace, polylinetrace, polylinetrace, polylinetrace, polylinetrace, polylinetrace, polylinetrace, polylinetrace, polylinetrace, polylinetrace, polylinetrace, polylinetrace, polylinetrace, polylinetrace, polylinetrace, polylinetrace, polylinetrace, pin #1 of component #70, pin #2 of component #69, pin of component #68, pin of component #67, pin of component #66, pin #13 of component #65, pin #2 of component #63, pin of component #63, pin #2 of component #62, pin of component #62, pin of component #49, pin #4 of component #38, pin #3 of component #38, pin of component #32, pin of component #29, pin of component #25, pin of component #24, pin of component #21, pin of component #19, pin of component #18, pin of component #16, pin of component #13, pin of component #10, pin of component #3, pin of component #2 and pin #2 of component #38, because the new connection could not be inserted.
2026-09-07 21:45:39.249 INFO   [7D024B\2CDE84] Auto-router pass #21 on board 'a53d91fcb685c33096123c0daeada7a7' was completed in 2.82 seconds with the score of 981.31 (7 unrouted), using 6989.53 CPU seconds and 58212 MB memory.
2026-09-07 21:45:39.321 DEBUG  InsertFoundConnectionAlgo: insert trace failed for net #10
2026-09-07 21:45:39.321 DEBUG  [7D024B\2CDE84] Autorouter Failed to route connection between polylinetrace, polylinetrace, pin of component #64, pin #7 of component #38 and pin #8 of component #38, because the new connection could not be inserted.
2026-09-07 21:45:39.355 DEBUG  InsertFoundConnectionAlgo: insert trace failed for net #5
2026-09-07 21:45:39.355 DEBUG  [7D024B\2CDE84] Autorouter Failed to route connection between polylinetrace, polylinetrace, polylinetrace, polylinetrace, polylinetrace, polylinetrace, polylinetrace, polylinetrace, polylinetrace, polylinetrace, polylinetrace, polylinetrace, polylinetrace, polylinetrace, polylinetrace, polylinetrace, polylinetrace, via, polylinetrace, via, polylinetrace, polylinetrace, polylinetrace, polylinetrace, polylinetrace, polylinetrace, polylinetrace, polylinetrace, polylinetrace, polylinetrace, polylinetrace, polylinetrace, polylinetrace, polylinetrace, polylinetrace, polylinetrace, polylinetrace, polylinetrace, pin #1 of component #70, pin #2 of component #69, pin of component #68, pin of component #67, pin of component #66, pin #13 of component #65, pin #2 of component #63, pin of component #63, pin #2 of component #62, pin of component #62, pin of component #49, pin #4 of component #38, pin #3 of component #38, pin of component #32, pin of component #29, pin of component #25, pin of component #24, pin of component #21, pin of component #19, pin of component #18, pin of component #16, pin of component #13, pin of component #10, pin of component #3, pin of component #2 and pin #2 of component #38, because the new connection could not be inserted.
2026-09-07 21:45:39.924 DEBUG  InsertFoundConnectionAlgo: insert trace failed for net #5
2026-09-07 21:45:39.925 DEBUG  [7D024B\2CDE84] Autorouter Failed to route connection between polylinetrace, pin #4 of component #38, pin #3 of component #38, pin #2 of component #38 and polylinetrace, polylinetrace, polylinetrace, polylinetrace, polylinetrace, polylinetrace, polylinetrace, polylinetrace, polylinetrace, polylinetrace, polylinetrace, polylinetrace, polylinetrace, polylinetrace, polylinetrace, polylinetrace, polylinetrace, via, polylinetrace, via, polylinetrace, polylinetrace, polylinetrace, polylinetrace, polylinetrace, polylinetrace, polylinetrace, polylinetrace, polylinetrace, polylinetrace, polylinetrace, polylinetrace, polylinetrace, polylinetrace, polylinetrace, polylinetrace, polylinetrace, pin #1 of component #70, pin #2 of component #69, pin of component #68, pin of component #67, pin of component #66, pin #13 of component #65, pin #2 of component #63, pin of component #63, pin #2 of component #62, pin of component #62, pin of component #49, pin of component #32, pin of component #29, pin of component #25, pin of component #24, pin of component #21, pin of component #19, pin of component #18, pin of component #16, pin of component #13, pin of component #10, pin of component #3, pin of component #2, because the new connection could not be inserted.
2026-09-07 21:45:40.466 DEBUG  InsertFoundConnectionAlgo: insert trace failed for net #5
2026-09-07 21:45:40.466 DEBUG  [7D024B\2CDE84] Autorouter Failed to route connection between polylinetrace, polylinetrace, polylinetrace, polylinetrace, polylinetrace, polylinetrace, polylinetrace, polylinetrace, polylinetrace, polylinetrace, polylinetrace, polylinetrace, polylinetrace, polylinetrace, polylinetrace, polylinetrace, polylinetrace, polylinetrace, polylinetrace, via, polylinetrace, via, polylinetrace, polylinetrace, polylinetrace, polylinetrace, polylinetrace, polylinetrace, polylinetrace, polylinetrace, polylinetrace, polylinetrace, polylinetrace, polylinetrace, polylinetrace, polylinetrace, polylinetrace, polylinetrace, polylinetrace, pin #1 of component #70, pin #2 of component #69, pin of component #68, pin of component #67, pin of component #66, pin #13 of component #65, pin #2 of component #63, pin of component #63, pin #2 of component #62, pin of component #62, pin of component #49, pin #2 of component #38, pin of component #32, pin of component #29, pin of component #25, pin of component #24, pin of component #21, pin of component #19, pin of component #18, pin of component #16, pin of component #13, pin of component #10, pin of component #3, pin of component #2 and polylinetrace, pin #4 of component #38, pin #3 of component #38, because the new connection could not be inserted.
2026-09-07 21:45:40.986 DEBUG  InsertFoundConnectionAlgo: insert trace failed for net #10
2026-09-07 21:45:40.987 DEBUG  [7D024B\2CDE84] Autorouter Failed to route connection between pin #8 of component #38 and polylinetrace, polylinetrace, pin of component #64, pin #7 of component #38, because the new connection could not be inserted.
2026-09-07 21:45:41.049 INFO   [7D024B\2CDE84] Auto-router pass #22 on board 'acb875d3195208b1b51ef012eda3f81b' was completed in 1.76 seconds with the score of 974.05 (12 unrouted), using 7220.33 CPU seconds and 59441 MB memory.
2026-09-07 21:45:41.161 DEBUG  InsertFoundConnectionAlgo: insert trace failed for net #5
2026-09-07 21:45:41.162 DEBUG  [7D024B\2CDE84] Autorouter Failed to route connection between polylinetrace, pin #4 of component #38, pin #3 of component #38, pin #2 of component #38 and polylinetrace, polylinetrace, polylinetrace, polylinetrace, polylinetrace, polylinetrace, polylinetrace, polylinetrace, polylinetrace, polylinetrace, polylinetrace, polylinetrace, polylinetrace, polylinetrace, polylinetrace, polylinetrace, polylinetrace, via, polylinetrace, via, polylinetrace, polylinetrace, polylinetrace, polylinetrace, polylinetrace, polylinetrace, polylinetrace, polylinetrace, polylinetrace, polylinetrace, polylinetrace, polylinetrace, polylinetrace, polylinetrace, polylinetrace, polylinetrace, polylinetrace, pin #1 of component #70, pin #2 of component #69, pin of component #68, pin of component #67, pin of component #66, pin #13 of component #65, pin #2 of component #63, pin of component #63, pin #2 of component #62, pin of component #62, pin of component #49, pin of component #32, pin of component #29, pin of component #25, pin of component #24, pin of component #21, pin of component #19, pin of component #18, pin of component #16, pin of component #13, pin of component #10, pin of component #3, pin of component #2, because the new connection could not be inserted.
2026-09-07 21:45:41.824 DEBUG  InsertFoundConnectionAlgo: insert trace failed for net #10
2026-09-07 21:45:41.825 DEBUG  [7D024B\2CDE84] Autorouter Failed to route connection between pin #8 of component #38 and polylinetrace, polylinetrace, pin of component #64, pin #7 of component #38, because the new connection could not be inserted.
2026-09-07 21:45:42.664 DEBUG  InsertFoundConnectionAlgo: insert trace failed for net #5
2026-09-07 21:45:42.665 DEBUG  [7D024B\2CDE84] Autorouter Failed to route connection between polylinetrace, polylinetrace, polylinetrace, polylinetrace, polylinetrace, polylinetrace, polylinetrace, polylinetrace, polylinetrace, polylinetrace, polylinetrace, polylinetrace, polylinetrace, polylinetrace, polylinetrace, polylinetrace, polylinetrace, polylinetrace, polylinetrace, via, polylinetrace, via, polylinetrace, polylinetrace, polylinetrace, polylinetrace, polylinetrace, polylinetrace, polylinetrace, polylinetrace, polylinetrace, polylinetrace, polylinetrace, polylinetrace, polylinetrace, polylinetrace, polylinetrace, polylinetrace, polylinetrace, polylinetrace, pin #1 of component #70, pin #2 of component #69, pin of component #68, pin of component #67, pin of component #66, pin #13 of component #65, pin #2 of component #63, pin of component #63, pin #2 of component #62, pin of component #62, pin of component #49, pin #4 of component #38, pin #3 of component #38, pin of component #32, pin of component #29, pin of component #25, pin of component #24, pin of component #21, pin of component #19, pin of component #18, pin of component #16, pin of component #13, pin of component #10, pin of component #3, pin of component #2 and pin #2 of component #38, because the new connection could not be inserted.
2026-09-07 21:45:42.861 DEBUG  InsertFoundConnectionAlgo: insert trace failed for net #10
2026-09-07 21:45:42.862 DEBUG  [7D024B\2CDE84] Autorouter Failed to route connection between polylinetrace, polylinetrace, polylinetrace, polylinetrace, pin of component #64, pin #7 of component #38 and pin #8 of component #38, because the new connection could not be inserted.
2026-09-07 21:45:43.413 DEBUG  InsertFoundConnectionAlgo: insert trace failed for net #5
2026-09-07 21:45:43.413 DEBUG  [7D024B\2CDE84] Autorouter Failed to route connection between polylinetrace, polylinetrace, polylinetrace, polylinetrace, polylinetrace, polylinetrace, polylinetrace, polylinetrace, polylinetrace, polylinetrace, polylinetrace, polylinetrace, polylinetrace, polylinetrace, polylinetrace, polylinetrace, polylinetrace, polylinetrace, polylinetrace, via, polylinetrace, via, polylinetrace, polylinetrace, polylinetrace, polylinetrace, polylinetrace, polylinetrace, polylinetrace, polylinetrace, polylinetrace, polylinetrace, polylinetrace, polylinetrace, polylinetrace, polylinetrace, polylinetrace, polylinetrace, polylinetrace, pin #1 of component #70, pin #2 of component #69, pin of component #68, pin of component #67, pin of component #66, pin #13 of component #65, pin #2 of component #63, pin of component #63, pin #2 of component #62, pin of component #62, pin of component #49, pin #2 of component #38, pin of component #32, pin of component #29, pin of component #25, pin of component #24, pin of component #21, pin of component #19, pin of component #18, pin of component #16, pin of component #13, pin of component #10, pin of component #3, pin of component #2 and polylinetrace, pin #4 of component #38, pin #3 of component #38, because the new connection could not be inserted.
2026-09-07 21:45:43.601 DEBUG  OptViaAlgo.opt_via_location: probably endless loop
2026-09-07 21:45:43.618 DEBUG  OptViaAlgo.opt_via_location: probably endless loop
2026-09-07 21:45:43.632 DEBUG  OptViaAlgo.opt_via_location: probably endless loop
2026-09-07 21:45:44.813 INFO   [7D024B\2CDE84] Auto-router pass #23 on board '8155c027acdab0acb166c339b0bd4dd5' was completed in 3.71 seconds with the score of 977.58 (10 unrouted), using 7692.95 CPU seconds and 61476 MB memory.
2026-09-07 21:45:49.428 DEBUG  InsertFoundConnectionAlgo: insert trace failed for net #10
2026-09-07 21:45:49.429 DEBUG  [7D024B\2CDE84] Autorouter Failed to route connection between pin #8 of component #38 and polylinetrace, polylinetrace, pin of component #64, pin #7 of component #38, because the new connection could not be inserted.
2026-09-07 21:45:53.454 DEBUG  InsertFoundConnectionAlgo: insert trace failed for net #34
2026-09-07 21:45:53.454 DEBUG  [7D024B\2CDE84] Autorouter Failed to route connection between pin #17 of component #69 and pin #10 of component #65, because the new connection could not be inserted.
2026-09-07 21:45:53.501 DEBUG  InsertFoundConnectionAlgo: insert trace failed for net #10
2026-09-07 21:45:53.501 DEBUG  [7D024B\2CDE84] Autorouter Failed to route connection between polylinetrace, polylinetrace, polylinetrace, polylinetrace, pin of component #64, pin #7 of component #38 and pin #8 of component #38, because the new connection could not be inserted.
2026-09-07 21:45:53.539 DEBUG  [7D024B\2CDE84] Autorouter Failed to route connection between polylinetrace, pin #4 of component #38, pin #3 of component #38, pin #2 of component #38 and polylinetrace, polylinetrace, polylinetrace, polylinetrace, polylinetrace, polylinetrace, polylinetrace, polylinetrace, polylinetrace, polylinetrace, polylinetrace, polylinetrace, polylinetrace, polylinetrace, polylinetrace, polylinetrace, polylinetrace, polylinetrace, via, polylinetrace, via, polylinetrace, polylinetrace, polylinetrace, polylinetrace, polylinetrace, polylinetrace, polylinetrace, polylinetrace, polylinetrace, polylinetrace, polylinetrace, polylinetrace, polylinetrace, polylinetrace, polylinetrace, polylinetrace, pin #1 of component #70, pin #2 of component #69, pin of component #68, pin of component #67, pin of component #66, pin #13 of component #65, pin #2 of component #63, pin of component #63, pin #2 of component #62, pin of component #62, pin of component #49, pin of component #32, pin of component #29, pin of component #25, pin of component #24, pin of component #21, pin of component #19, pin of component #18, pin of component #16, pin of component #13, pin of component #10, pin of component #3, pin of component #2, because the maze search algorithm could not be created.
2026-09-07 21:45:53.669 INFO   [7D024B\2CDE84] Restoring an earlier board that has the score of 981.31 (7 unrouted).
2026-09-07 21:45:53.670 INFO   [7D024B\2CDE84] Auto-router pass #24 on board 'e96b93e57a886445a0505e38f80b7fcb' was completed in 8.81 seconds with the score of 970.54 (15 unrouted), using 8810.30 CPU seconds and 66019 MB memory.
2026-09-07 21:45:53.746 DEBUG  InsertFoundConnectionAlgo: insert trace failed for net #5
2026-09-07 21:45:53.746 DEBUG  [7D024B\2CDE84] Autorouter Failed to route connection between polylinetrace, pin #4 of component #38, pin #3 of component #38, pin #2 of component #38 and polylinetrace, polylinetrace, polylinetrace, polylinetrace, polylinetrace, polylinetrace, polylinetrace, polylinetrace, polylinetrace, polylinetrace, polylinetrace, polylinetrace, polylinetrace, polylinetrace, polylinetrace, polylinetrace, polylinetrace, via, polylinetrace, via, polylinetrace, polylinetrace, polylinetrace, polylinetrace, polylinetrace, polylinetrace, polylinetrace, polylinetrace, polylinetrace, polylinetrace, polylinetrace, polylinetrace, polylinetrace, polylinetrace, polylinetrace, polylinetrace, polylinetrace, pin #1 of component #70, pin #2 of component #69, pin of component #68, pin of component #67, pin of component #66, pin #13 of component #65, pin #2 of component #63, pin of component #63, pin #2 of component #62, pin of component #62, pin of component #49, pin of component #32, pin of component #29, pin of component #25, pin of component #24, pin of component #21, pin of component #19, pin of component #18, pin of component #16, pin of component #13, pin of component #10, pin of component #3, pin of component #2, because the new connection could not be inserted.
2026-09-07 21:45:53.917 DEBUG  InsertFoundConnectionAlgo: insert trace failed for net #5
2026-09-07 21:45:53.918 DEBUG  [7D024B\2CDE84] Autorouter Failed to route connection between polylinetrace, polylinetrace, polylinetrace, polylinetrace, polylinetrace, polylinetrace, polylinetrace, polylinetrace, polylinetrace, polylinetrace, polylinetrace, polylinetrace, polylinetrace, polylinetrace, polylinetrace, polylinetrace, polylinetrace, polylinetrace, polylinetrace, via, polylinetrace, via, polylinetrace, polylinetrace, polylinetrace, polylinetrace, polylinetrace, polylinetrace, polylinetrace, polylinetrace, polylinetrace, polylinetrace, polylinetrace, polylinetrace, polylinetrace, polylinetrace, polylinetrace, polylinetrace, polylinetrace, polylinetrace, pin #1 of component #70, pin #2 of component #69, pin of component #68, pin of component #67, pin of component #66, pin #13 of component #65, pin #2 of component #63, pin of component #63, pin #2 of component #62, pin of component #62, pin of component #49, pin #4 of component #38, pin #3 of component #38, pin of component #32, pin of component #29, pin of component #25, pin of component #24, pin of component #21, pin of component #19, pin of component #18, pin of component #16, pin of component #13, pin of component #10, pin of component #3, pin of component #2 and pin #2 of component #38, because the new connection could not be inserted.
2026-09-07 21:45:53.969 DEBUG  InsertFoundConnectionAlgo: insert trace failed for net #5
2026-09-07 21:45:53.969 DEBUG  [7D024B\2CDE84] Autorouter Failed to route connection between polylinetrace, polylinetrace, polylinetrace, polylinetrace, polylinetrace, polylinetrace, polylinetrace, polylinetrace, polylinetrace, polylinetrace, polylinetrace, polylinetrace, polylinetrace, polylinetrace, polylinetrace, polylinetrace, polylinetrace, polylinetrace, polylinetrace, via, polylinetrace, via, polylinetrace, polylinetrace, polylinetrace, polylinetrace, polylinetrace, polylinetrace, polylinetrace, polylinetrace, polylinetrace, polylinetrace, polylinetrace, polylinetrace, polylinetrace, polylinetrace, polylinetrace, polylinetrace, polylinetrace, pin #1 of component #70, pin #2 of component #69, pin of component #68, pin of component #67, pin of component #66, pin #13 of component #65, pin #2 of component #63, pin of component #63, pin #2 of component #62, pin of component #62, pin of component #49, pin #2 of component #38, pin of component #32, pin of component #29, pin of component #25, pin of component #24, pin of component #21, pin of component #19, pin of component #18, pin of component #16, pin of component #13, pin of component #10, pin of component #3, pin of component #2 and polylinetrace, pin #4 of component #38, pin #3 of component #38, because the new connection could not be inserted.
2026-09-07 21:45:54.016 DEBUG  InsertFoundConnectionAlgo: insert trace failed for net #10
2026-09-07 21:45:54.017 DEBUG  [7D024B\2CDE84] Autorouter Failed to route connection between polylinetrace, polylinetrace, pin of component #64, pin #7 of component #38 and pin #8 of component #38, because the new connection could not be inserted.
2026-09-07 21:45:55.227 DEBUG  InsertFoundConnectionAlgo: insert trace failed for net #10
2026-09-07 21:45:55.227 DEBUG  [7D024B\2CDE84] Autorouter Failed to route connection between pin #8 of component #38 and polylinetrace, polylinetrace, pin of component #64, pin #7 of component #38, because the new connection could not be inserted.
2026-09-07 21:45:55.513 INFO   [7D024B\2CDE84] Auto-router pass #25 on board 'acb875d3195208b1b51ef012eda3f81b' was completed in 1.82 seconds with the score of 973.85 (12 unrouted), using 8939.06 CPU seconds and 66573 MB memory.
2026-09-07 21:45:55.611 DEBUG  InsertFoundConnectionAlgo: insert trace failed for net #10
2026-09-07 21:45:55.612 DEBUG  [7D024B\2CDE84] Autorouter Failed to route connection between pin #8 of component #38 and polylinetrace, polylinetrace, pin of component #64, pin #7 of component #38, because the new connection could not be inserted.
2026-09-07 21:45:55.652 DEBUG  InsertFoundConnectionAlgo: insert trace failed for net #10
2026-09-07 21:45:55.653 DEBUG  [7D024B\2CDE84] Autorouter Failed to route connection between polylinetrace, polylinetrace, polylinetrace, polylinetrace, pin of component #64, pin #7 of component #38 and pin #8 of component #38, because the new connection could not be inserted.
2026-09-07 21:45:55.915 DEBUG  OptViaAlgo.opt_plane_or_fanout_via: probably endless loop
2026-09-07 21:45:56.679 DEBUG  InsertFoundConnectionAlgo: insert trace failed for net #5
2026-09-07 21:45:56.679 DEBUG  [7D024B\2CDE84] Autorouter Failed to route connection between polylinetrace, polylinetrace, polylinetrace, polylinetrace, polylinetrace, polylinetrace, polylinetrace, polylinetrace, polylinetrace, polylinetrace, polylinetrace, polylinetrace, polylinetrace, polylinetrace, polylinetrace, polylinetrace, polylinetrace, via, polylinetrace, via, polylinetrace, polylinetrace, polylinetrace, polylinetrace, polylinetrace, polylinetrace, polylinetrace, polylinetrace, polylinetrace, polylinetrace, polylinetrace, polylinetrace, polylinetrace, polylinetrace, polylinetrace, polylinetrace, polylinetrace, pin #1 of component #70, pin #2 of component #69, pin of component #68, pin of component #67, pin of component #66, pin #13 of component #65, pin #2 of component #63, pin of component #63, pin #2 of component #62, pin of component #62, pin of component #49, pin #2 of component #38, pin of component #32, pin of component #29, pin of component #25, pin of component #24, pin of component #21, pin of component #19, pin of component #18, pin of component #16, pin of component #13, pin of component #10, pin of component #3, pin of component #2 and polylinetrace, pin #4 of component #38, pin #3 of component #38, because the new connection could not be inserted.
2026-09-07 21:45:57.887 DEBUG  InsertFoundConnectionAlgo: insert trace failed for net #5
2026-09-07 21:45:57.887 DEBUG  [7D024B\2CDE84] Autorouter Failed to route connection between polylinetrace, polylinetrace, polylinetrace, polylinetrace, polylinetrace, polylinetrace, polylinetrace, polylinetrace, polylinetrace, polylinetrace, polylinetrace, polylinetrace, polylinetrace, polylinetrace, polylinetrace, polylinetrace, polylinetrace, via, polylinetrace, via, polylinetrace, polylinetrace, polylinetrace, polylinetrace, polylinetrace, polylinetrace, polylinetrace, polylinetrace, polylinetrace, polylinetrace, polylinetrace, polylinetrace, polylinetrace, polylinetrace, polylinetrace, polylinetrace, polylinetrace, polylinetrace, pin #1 of component #70, pin #2 of component #69, pin of component #68, pin of component #67, pin of component #66, pin #13 of component #65, pin #2 of component #63, pin of component #63, pin #2 of component #62, pin of component #62, pin of component #49, pin #4 of component #38, pin #3 of component #38, pin of component #32, pin of component #29, pin of component #25, pin of component #24, pin of component #21, pin of component #19, pin of component #18, pin of component #16, pin of component #13, pin of component #10, pin of component #3, pin of component #2 and pin #2 of component #38, because the new connection could not be inserted.
2026-09-07 21:45:57.963 DEBUG  InsertFoundConnectionAlgo: insert trace failed for net #5
2026-09-07 21:45:57.964 DEBUG  [7D024B\2CDE84] Autorouter Failed to route connection between polylinetrace, pin #4 of component #38, pin #3 of component #38, pin #2 of component #38 and polylinetrace, polylinetrace, polylinetrace, polylinetrace, polylinetrace, polylinetrace, polylinetrace, polylinetrace, polylinetrace, polylinetrace, polylinetrace, polylinetrace, polylinetrace, polylinetrace, polylinetrace, polylinetrace, polylinetrace, via, polylinetrace, via, polylinetrace, polylinetrace, polylinetrace, polylinetrace, polylinetrace, polylinetrace, polylinetrace, polylinetrace, polylinetrace, polylinetrace, polylinetrace, polylinetrace, polylinetrace, polylinetrace, polylinetrace, polylinetrace, polylinetrace, pin #1 of component #70, pin #2 of component #69, pin of component #68, pin of component #67, pin of component #66, pin #13 of component #65, pin #2 of component #63, pin of component #63, pin #2 of component #62, pin of component #62, pin of component #49, pin of component #32, pin of component #29, pin of component #25, pin of component #24, pin of component #21, pin of component #19, pin of component #18, pin of component #16, pin of component #13, pin of component #10, pin of component #3, pin of component #2, because the new connection could not be inserted.
2026-09-07 21:45:58.904 INFO   [7D024B\2CDE84] Auto-router pass #26 on board 'c4cca8676834ca9b127fa88427377d85' was completed in 3.33 seconds with the score of 973.95 (12 unrouted), using 9463.39 CPU seconds and 68667 MB memory.
2026-09-07 21:45:59.011 DEBUG  InsertFoundConnectionAlgo: insert trace failed for net #10
2026-09-07 21:45:59.011 DEBUG  [7D024B\2CDE84] Autorouter Failed to route connection between polylinetrace, polylinetrace, pin of component #64, pin #7 of component #38 and pin #8 of component #38, because the new connection could not be inserted.
2026-09-07 21:45:59.910 DEBUG  InsertFoundConnectionAlgo: insert trace failed for net #11
2026-09-07 21:45:59.911 DEBUG  [7D024B\2CDE84] Autorouter Failed to route connection between polylinetrace, polylinetrace, polylinetrace, polylinetrace, polylinetrace, polylinetrace, via, polylinetrace, polylinetrace, via, pin #8 of component #69, pin #21 of component #65 and pin #1 of component #18, because the new connection could not be inserted.
2026-09-07 21:46:00.368 DEBUG  InsertFoundConnectionAlgo: insert trace failed for net #5
2026-09-07 21:46:00.368 DEBUG  [7D024B\2CDE84] Autorouter Failed to route connection between polylinetrace, pin #4 of component #38, pin #3 of component #38, pin #2 of component #38 and polylinetrace, polylinetrace, polylinetrace, polylinetrace, polylinetrace, polylinetrace, polylinetrace, polylinetrace, polylinetrace, polylinetrace, polylinetrace, polylinetrace, polylinetrace, polylinetrace, polylinetrace, polylinetrace, polylinetrace, polylinetrace, polylinetrace, via, polylinetrace, via, polylinetrace, polylinetrace, polylinetrace, polylinetrace, polylinetrace, polylinetrace, polylinetrace, polylinetrace, polylinetrace, polylinetrace, polylinetrace, polylinetrace, polylinetrace, polylinetrace, polylinetrace, polylinetrace, polylinetrace, pin #1 of component #70, pin #2 of component #69, pin of component #68, pin of component #67, pin of component #66, pin #13 of component #65, pin #2 of component #63, pin of component #63, pin #2 of component #62, pin of component #62, pin of component #49, pin of component #32, pin of component #29, pin of component #25, pin of component #24, pin of component #21, pin of component #19, pin of component #18, pin of component #16, pin of component #13, pin of component #10, pin of component #3, pin of component #2, because the new connection could not be inserted.
2026-09-07 21:46:00.846 DEBUG  InsertFoundConnectionAlgo: insert trace failed for net #5
2026-09-07 21:46:00.848 DEBUG  [7D024B\2CDE84] Autorouter Failed to route connection between polylinetrace, polylinetrace, polylinetrace, polylinetrace, polylinetrace, polylinetrace, polylinetrace, polylinetrace, polylinetrace, polylinetrace, polylinetrace, polylinetrace, polylinetrace, polylinetrace, polylinetrace, polylinetrace, polylinetrace, polylinetrace, polylinetrace, polylinetrace, polylinetrace, via, polylinetrace, via, polylinetrace, polylinetrace, polylinetrace, polylinetrace, polylinetrace, polylinetrace, polylinetrace, polylinetrace, polylinetrace, polylinetrace, polylinetrace, polylinetrace, polylinetrace, polylinetrace, polylinetrace, polylinetrace, polylinetrace, pin #1 of component #70, pin #2 of component #69, pin of component #68, pin of component #67, pin of component #66, pin #13 of component #65, pin #2 of component #63, pin of component #63, pin #2 of component #62, pin of component #62, pin of component #49, pin #2 of component #38, pin of component #32, pin of component #29, pin of component #25, pin of component #24, pin of component #21, pin of component #19, pin of component #18, pin of component #16, pin of component #13, pin of component #10, pin of component #3, pin of component #2 and polylinetrace, pin #4 of component #38, pin #3 of component #38, because the new connection could not be inserted.
2026-09-07 21:46:02.355 DEBUG  InsertFoundConnectionAlgo: insert trace failed for net #5
2026-09-07 21:46:02.356 DEBUG  [7D024B\2CDE84] Autorouter Failed to route connection between polylinetrace, polylinetrace, polylinetrace, polylinetrace, polylinetrace, polylinetrace, polylinetrace, polylinetrace, polylinetrace, polylinetrace, polylinetrace, polylinetrace, polylinetrace, polylinetrace, polylinetrace, polylinetrace, polylinetrace, polylinetrace, polylinetrace, polylinetrace, polylinetrace, via, polylinetrace, via, polylinetrace, polylinetrace, polylinetrace, polylinetrace, polylinetrace, polylinetrace, polylinetrace, polylinetrace, polylinetrace, polylinetrace, polylinetrace, polylinetrace, polylinetrace, polylinetrace, polylinetrace, polylinetrace, polylinetrace, polylinetrace, pin #1 of component #70, pin #2 of component #69, pin of component #68, pin of component #67, pin of component #66, pin #13 of component #65, pin #2 of component #63, pin of component #63, pin #2 of component #62, pin of component #62, pin of component #49, pin #4 of component #38, pin #3 of component #38, pin of component #32, pin of component #29, pin of component #25, pin of component #24, pin of component #21, pin of component #19, pin of component #18, pin of component #16, pin of component #13, pin of component #10, pin of component #3, pin of component #2 and pin #2 of component #38, because the new connection could not be inserted.
2026-09-07 21:46:03.320 DEBUG  InsertFoundConnectionAlgo: insert trace failed for net #10
2026-09-07 21:46:03.321 DEBUG  [7D024B\2CDE84] Autorouter Failed to route connection between pin #8 of component #38 and polylinetrace, polylinetrace, pin of component #64, pin #7 of component #38, because the new connection could not be inserted.
2026-09-07 21:46:03.441 INFO   [7D024B\2CDE84] Auto-router pass #27 on board '04f61f0ec8a217d044754d7f4a3a12ae' was completed in 4.47 seconds with the score of 975.88 (11 unrouted), using 10002.78 CPU seconds and 70423 MB memory.
2026-09-07 21:46:03.767 DEBUG  InsertFoundConnectionAlgo: insert trace failed for net #10
2026-09-07 21:46:03.767 DEBUG  [7D024B\2CDE84] Autorouter Failed to route connection between polylinetrace, polylinetrace, pin of component #64, pin #7 of component #38 and pin #8 of component #38, because the new connection could not be inserted.
2026-09-07 21:46:03.849 DEBUG  InsertFoundConnectionAlgo: insert trace failed for net #5
2026-09-07 21:46:03.849 DEBUG  [7D024B\2CDE84] Autorouter Failed to route connection between polylinetrace, polylinetrace, polylinetrace, polylinetrace, polylinetrace, polylinetrace, polylinetrace, polylinetrace, polylinetrace, polylinetrace, polylinetrace, polylinetrace, polylinetrace, polylinetrace, polylinetrace, polylinetrace, polylinetrace, via, polylinetrace, via, polylinetrace, polylinetrace, polylinetrace, polylinetrace, polylinetrace, polylinetrace, polylinetrace, polylinetrace, polylinetrace, polylinetrace, polylinetrace, polylinetrace, polylinetrace, polylinetrace, polylinetrace, polylinetrace, polylinetrace, pin #1 of component #70, pin #2 of component #69, pin of component #68, pin of component #67, pin of component #66, pin #13 of component #65, pin #2 of component #63, pin of component #63, pin #2 of component #62, pin of component #62, pin of component #49, pin #2 of component #38, pin of component #32, pin of component #29, pin of component #25, pin of component #24, pin of component #21, pin of component #19, pin of component #18, pin of component #16, pin of component #13, pin of component #10, pin of component #3, pin of component #2 and polylinetrace, pin #4 of component #38, pin #3 of component #38, because the new connection could not be inserted.
2026-09-07 21:46:03.886 DEBUG  InsertFoundConnectionAlgo: insert trace failed for net #10
2026-09-07 21:46:03.886 DEBUG  [7D024B\2CDE84] Autorouter Failed to route connection between pin #8 of component #38 and polylinetrace, polylinetrace, pin of component #64, pin #7 of component #38, because the new connection could not be inserted.
2026-09-07 21:46:05.670 DEBUG  InsertFoundConnectionAlgo: insert trace failed for net #5
2026-09-07 21:46:05.670 DEBUG  [7D024B\2CDE84] Autorouter Failed to route connection between polylinetrace, polylinetrace, polylinetrace, polylinetrace, polylinetrace, polylinetrace, polylinetrace, polylinetrace, polylinetrace, polylinetrace, polylinetrace, polylinetrace, polylinetrace, polylinetrace, polylinetrace, polylinetrace, polylinetrace, via, polylinetrace, via, polylinetrace, polylinetrace, polylinetrace, polylinetrace, polylinetrace, polylinetrace, polylinetrace, polylinetrace, polylinetrace, polylinetrace, polylinetrace, polylinetrace, polylinetrace, polylinetrace, polylinetrace, polylinetrace, polylinetrace, polylinetrace, pin #1 of component #70, pin #2 of component #69, pin of component #68, pin of component #67, pin of component #66, pin #13 of component #65, pin #2 of component #63, pin of component #63, pin #2 of component #62, pin of component #62, pin of component #49, pin #4 of component #38, pin #3 of component #38, pin of component #32, pin of component #29, pin of component #25, pin of component #24, pin of component #21, pin of component #19, pin of component #18, pin of component #16, pin of component #13, pin of component #10, pin of component #3, pin of component #2 and pin #2 of component #38, because the new connection could not be inserted.
2026-09-07 21:46:06.462 DEBUG  [7D024B\2CDE84] Autorouter Failed to route connection between polylinetrace, pin #4 of component #38, pin #3 of component #38, pin #2 of component #38 and polylinetrace, polylinetrace, polylinetrace, polylinetrace, polylinetrace, polylinetrace, polylinetrace, polylinetrace, polylinetrace, polylinetrace, polylinetrace, polylinetrace, polylinetrace, polylinetrace, polylinetrace, polylinetrace, polylinetrace, via, polylinetrace, via, polylinetrace, polylinetrace, polylinetrace, polylinetrace, polylinetrace, polylinetrace, polylinetrace, polylinetrace, polylinetrace, polylinetrace, polylinetrace, polylinetrace, polylinetrace, polylinetrace, polylinetrace, polylinetrace, polylinetrace, pin #1 of component #70, pin #2 of component #69, pin of component #68, pin of component #67, pin of component #66, pin #13 of component #65, pin #2 of component #63, pin of component #63, pin #2 of component #62, pin of component #62, pin of component #49, pin of component #32, pin of component #29, pin of component #25, pin of component #24, pin of component #21, pin of component #19, pin of component #18, pin of component #16, pin of component #13, pin of component #10, pin of component #3, pin of component #2, because no connection was found between their nets.
2026-09-07 21:46:07.913 DEBUG  OptViaAlgo.opt_via_location: probably endless loop
2026-09-07 21:46:07.929 DEBUG  OptViaAlgo.opt_via_location: probably endless loop
2026-09-07 21:46:07.944 DEBUG  OptViaAlgo.opt_via_location: probably endless loop
2026-09-07 21:46:07.951 DEBUG  OptViaAlgo.opt_plane_or_fanout_via: probably endless loop
2026-09-07 21:46:07.958 DEBUG  OptViaAlgo.opt_plane_or_fanout_via: probably endless loop
2026-09-07 21:46:07.961 DEBUG  OptViaAlgo.opt_plane_or_fanout_via: probably endless loop
2026-09-07 21:46:09.407 DEBUG  InsertFoundConnectionAlgo: insert trace failed for net #33
2026-09-07 21:46:09.408 DEBUG  [7D024B\2CDE84] Autorouter Failed to route connection between pin #16 of component #69 and pin #8 of component #65, because the new connection could not be inserted.
2026-09-07 21:46:11.607 INFO   [7D024B\2CDE84] Restoring an earlier board that has the score of 981.31 (7 unrouted).
2026-09-07 21:46:11.609 INFO   [7D024B\2CDE84] Auto-router pass #28 on board '37ad34b6119b3c9f8f17232bea87d52e' was completed in 8.12 seconds with the score of 973.98 (12 unrouted), using 11126.33 CPU seconds and 74127 MB memory.
2026-09-07 21:46:11.861 DEBUG  InsertFoundConnectionAlgo: insert trace failed for net #10
2026-09-07 21:46:11.863 DEBUG  [7D024B\2CDE84] Autorouter Failed to route connection between polylinetrace, polylinetrace, pin of component #64, pin #7 of component #38 and pin #8 of component #38, because the new connection could not be inserted.
2026-09-07 21:46:11.974 DEBUG  InsertFoundConnectionAlgo: insert trace failed for net #5
2026-09-07 21:46:11.974 DEBUG  [7D024B\2CDE84] Autorouter Failed to route connection between polylinetrace, polylinetrace, polylinetrace, polylinetrace, polylinetrace, polylinetrace, polylinetrace, polylinetrace, polylinetrace, polylinetrace, polylinetrace, polylinetrace, polylinetrace, polylinetrace, polylinetrace, polylinetrace, polylinetrace, via, polylinetrace, via, polylinetrace, polylinetrace, polylinetrace, polylinetrace, polylinetrace, polylinetrace, polylinetrace, polylinetrace, polylinetrace, polylinetrace, polylinetrace, polylinetrace, polylinetrace, polylinetrace, polylinetrace, polylinetrace, polylinetrace, pin #1 of component #70, pin #2 of component #69, pin of component #68, pin of component #67, pin of component #66, pin #13 of component #65, pin #2 of component #63, pin of component #63, pin #2 of component #62, pin of component #62, pin of component #49, pin #2 of component #38, pin of component #32, pin of component #29, pin of component #25, pin of component #24, pin of component #21, pin of component #19, pin of component #18, pin of component #16, pin of component #13, pin of component #10, pin of component #3, pin of component #2 and polylinetrace, pin #4 of component #38, pin #3 of component #38, because the new connection could not be inserted.
2026-09-07 21:46:12.016 DEBUG  InsertFoundConnectionAlgo: insert trace failed for net #10
2026-09-07 21:46:12.017 DEBUG  [7D024B\2CDE84] Autorouter Failed to route connection between pin #8 of component #38 and polylinetrace, polylinetrace, pin of component #64, pin #7 of component #38, because the new connection could not be inserted.
2026-09-07 21:46:13.036 DEBUG  InsertFoundConnectionAlgo: insert trace failed for net #5
2026-09-07 21:46:13.037 DEBUG  [7D024B\2CDE84] Autorouter Failed to route connection between polylinetrace, pin #4 of component #38, pin #3 of component #38, pin #2 of component #38 and polylinetrace, polylinetrace, polylinetrace, polylinetrace, polylinetrace, polylinetrace, polylinetrace, polylinetrace, polylinetrace, polylinetrace, polylinetrace, polylinetrace, polylinetrace, polylinetrace, polylinetrace, polylinetrace, polylinetrace, via, polylinetrace, via, polylinetrace, polylinetrace, polylinetrace, polylinetrace, polylinetrace, polylinetrace, polylinetrace, polylinetrace, polylinetrace, polylinetrace, polylinetrace, polylinetrace, polylinetrace, polylinetrace, polylinetrace, polylinetrace, polylinetrace, pin #1 of component #70, pin #2 of component #69, pin of component #68, pin of component #67, pin of component #66, pin #13 of component #65, pin #2 of component #63, pin of component #63, pin #2 of component #62, pin of component #62, pin of component #49, pin of component #32, pin of component #29, pin of component #25, pin of component #24, pin of component #21, pin of component #19, pin of component #18, pin of component #16, pin of component #13, pin of component #10, pin of component #3, pin of component #2, because the new connection could not be inserted.
2026-09-07 21:46:13.359 DEBUG  InsertFoundConnectionAlgo: insert trace failed for net #27
2026-09-07 21:46:13.360 DEBUG  [7D024B\2CDE84] Autorouter Failed to route connection between pin #2 of component #65 and polylinetrace, polylinetrace, polylinetrace, polylinetrace, via, pin #13 of component #69, because the new connection could not be inserted.
2026-09-07 21:46:13.403 DEBUG  InsertFoundConnectionAlgo: insert trace failed for net #5
2026-09-07 21:46:13.404 DEBUG  [7D024B\2CDE84] Autorouter Failed to route connection between polylinetrace, polylinetrace, polylinetrace, polylinetrace, polylinetrace, polylinetrace, polylinetrace, polylinetrace, polylinetrace, polylinetrace, polylinetrace, polylinetrace, polylinetrace, polylinetrace, polylinetrace, polylinetrace, polylinetrace, polylinetrace, polylinetrace, via, polylinetrace, via, polylinetrace, polylinetrace, polylinetrace, polylinetrace, polylinetrace, polylinetrace, polylinetrace, polylinetrace, polylinetrace, polylinetrace, polylinetrace, polylinetrace, polylinetrace, polylinetrace, polylinetrace, polylinetrace, polylinetrace, polylinetrace, pin #1 of component #70, pin #2 of component #69, pin of component #68, pin of component #67, pin of component #66, pin #13 of component #65, pin #2 of component #63, pin of component #63, pin #2 of component #62, pin of component #62, pin of component #49, pin #4 of component #38, pin #3 of component #38, pin of component #32, pin of component #29, pin of component #25, pin of component #24, pin of component #21, pin of component #19, pin of component #18, pin of component #16, pin of component #13, pin of component #10, pin of component #3, pin of component #2 and pin #2 of component #38, because the new connection could not be inserted.
2026-09-07 21:46:13.497 INFO   [7D024B\2CDE84] Auto-router pass #29 on board 'acb875d3195208b1b51ef012eda3f81b' was completed in 1.86 seconds with the score of 978.88 (9 unrouted), using 11416.56 CPU seconds and 75092 MB memory.
2026-09-07 21:46:14.169 DEBUG  InsertFoundConnectionAlgo: insert trace failed for net #5
2026-09-07 21:46:14.170 DEBUG  [7D024B\2CDE84] Autorouter Failed to route connection between polylinetrace, pin #4 of component #38, pin #3 of component #38, pin #2 of component #38 and polylinetrace, polylinetrace, polylinetrace, polylinetrace, polylinetrace, polylinetrace, polylinetrace, polylinetrace, polylinetrace, polylinetrace, polylinetrace, polylinetrace, polylinetrace, polylinetrace, polylinetrace, polylinetrace, polylinetrace, via, polylinetrace, via, polylinetrace, polylinetrace, polylinetrace, polylinetrace, polylinetrace, polylinetrace, polylinetrace, polylinetrace, polylinetrace, polylinetrace, polylinetrace, polylinetrace, polylinetrace, polylinetrace, polylinetrace, polylinetrace, polylinetrace, pin #1 of component #70, pin #2 of component #69, pin of component #68, pin of component #67, pin of component #66, pin #13 of component #65, pin #2 of component #63, pin of component #63, pin #2 of component #62, pin of component #62, pin of component #49, pin of component #32, pin of component #29, pin of component #25, pin of component #24, pin of component #21, pin of component #19, pin of component #18, pin of component #16, pin of component #13, pin of component #10, pin of component #3, pin of component #2, because the new connection could not be inserted.
2026-09-07 21:46:14.215 DEBUG  InsertFoundConnectionAlgo: insert trace failed for net #10
2026-09-07 21:46:14.215 DEBUG  [7D024B\2CDE84] Autorouter Failed to route connection between polylinetrace, polylinetrace, pin of component #64, pin #7 of component #38 and pin #8 of component #38, because the new connection could not be inserted.
2026-09-07 21:46:14.250 DEBUG  InsertFoundConnectionAlgo: insert trace failed for net #10
2026-09-07 21:46:14.251 DEBUG  [7D024B\2CDE84] Autorouter Failed to route connection between pin #8 of component #38 and polylinetrace, polylinetrace, pin of component #64, pin #7 of component #38, because the new connection could not be inserted.
2026-09-07 21:46:15.420 DEBUG  InsertFoundConnectionAlgo: insert trace failed for net #5
2026-09-07 21:46:15.421 DEBUG  [7D024B\2CDE84] Autorouter Failed to route connection between polylinetrace, polylinetrace, polylinetrace, polylinetrace, polylinetrace, polylinetrace, polylinetrace, polylinetrace, polylinetrace, polylinetrace, polylinetrace, polylinetrace, polylinetrace, polylinetrace, polylinetrace, polylinetrace, polylinetrace, polylinetrace, polylinetrace, via, polylinetrace, via, polylinetrace, polylinetrace, polylinetrace, polylinetrace, polylinetrace, polylinetrace, polylinetrace, polylinetrace, polylinetrace, polylinetrace, polylinetrace, polylinetrace, polylinetrace, polylinetrace, polylinetrace, polylinetrace, polylinetrace, pin #1 of component #70, pin #2 of component #69, pin of component #68, pin of component #67, pin of component #66, pin #13 of component #65, pin #2 of component #63, pin of component #63, pin #2 of component #62, pin of component #62, pin of component #49, pin #2 of component #38, pin of component #32, pin of component #29, pin of component #25, pin of component #24, pin of component #21, pin of component #19, pin of component #18, pin of component #16, pin of component #13, pin of component #10, pin of component #3, pin of component #2 and polylinetrace, pin #4 of component #38, pin #3 of component #38, because the new connection could not be inserted.
2026-09-07 21:46:15.802 DEBUG  InsertFoundConnectionAlgo: insert trace failed for net #5
2026-09-07 21:46:15.803 DEBUG  [7D024B\2CDE84] Autorouter Failed to route connection between polylinetrace, polylinetrace, polylinetrace, polylinetrace, polylinetrace, polylinetrace, polylinetrace, polylinetrace, polylinetrace, polylinetrace, polylinetrace, polylinetrace, polylinetrace, polylinetrace, polylinetrace, polylinetrace, polylinetrace, polylinetrace, polylinetrace, via, polylinetrace, via, polylinetrace, polylinetrace, polylinetrace, polylinetrace, polylinetrace, polylinetrace, polylinetrace, polylinetrace, polylinetrace, polylinetrace, polylinetrace, polylinetrace, polylinetrace, polylinetrace, polylinetrace, polylinetrace, polylinetrace, polylinetrace, pin #1 of component #70, pin #2 of component #69, pin of component #68, pin of component #67, pin of component #66, pin #13 of component #65, pin #2 of component #63, pin of component #63, pin #2 of component #62, pin of component #62, pin of component #49, pin #4 of component #38, pin #3 of component #38, pin of component #32, pin of component #29, pin of component #25, pin of component #24, pin of component #21, pin of component #19, pin of component #18, pin of component #16, pin of component #13, pin of component #10, pin of component #3, pin of component #2 and pin #2 of component #38, because the new connection could not be inserted.
2026-09-07 21:46:15.906 INFO   [7D024B\2CDE84] Auto-router pass #30 on board 'a9dd2be959d9e9b87952d24f60000c0a' was completed in 2.36 seconds with the score of 975.70 (11 unrouted), using 11858.80 CPU seconds and 76770 MB memory.
2026-09-07 21:46:16.408 DEBUG  InsertFoundConnectionAlgo: insert trace failed for net #28
2026-09-07 21:46:16.409 DEBUG  [7D024B\2CDE84] Autorouter Failed to route connection between polylinetrace, pin #3 of component #65 and pin #12 of component #69, because the new connection could not be inserted.
2026-09-07 21:46:16.997 DEBUG  InsertFoundConnectionAlgo: insert trace failed for net #10
2026-09-07 21:46:16.998 DEBUG  [7D024B\2CDE84] Autorouter Failed to route connection between pin #8 of component #38 and polylinetrace, polylinetrace, pin of component #64, pin #7 of component #38, because the new connection could not be inserted.
2026-09-07 21:46:17.035 DEBUG  InsertFoundConnectionAlgo: insert trace failed for net #5
2026-09-07 21:46:17.035 DEBUG  [7D024B\2CDE84] Autorouter Failed to route connection between polylinetrace, polylinetrace, polylinetrace, polylinetrace, polylinetrace, polylinetrace, polylinetrace, polylinetrace, polylinetrace, polylinetrace, polylinetrace, polylinetrace, polylinetrace, polylinetrace, polylinetrace, polylinetrace, polylinetrace, via, polylinetrace, via, polylinetrace, polylinetrace, polylinetrace, polylinetrace, polylinetrace, polylinetrace, polylinetrace, polylinetrace, polylinetrace, polylinetrace, polylinetrace, polylinetrace, polylinetrace, polylinetrace, polylinetrace, polylinetrace, polylinetrace, pin #1 of component #70, pin #2 of component #69, pin of component #68, pin of component #67, pin of component #66, pin #13 of component #65, pin #2 of component #63, pin of component #63, pin #2 of component #62, pin of component #62, pin of component #49, pin #2 of component #38, pin of component #32, pin of component #29, pin of component #25, pin of component #24, pin of component #21, pin of component #19, pin of component #18, pin of component #16, pin of component #13, pin of component #10, pin of component #3, pin of component #2 and polylinetrace, pin #4 of component #38, pin #3 of component #38, because the new connection could not be inserted.
2026-09-07 21:46:18.183 DEBUG  InsertFoundConnectionAlgo: insert trace failed for net #28
2026-09-07 21:46:18.183 DEBUG  [7D024B\2CDE84] Autorouter Failed to route connection between pin #12 of component #69 and polylinetrace, pin #3 of component #65, because the new connection could not be inserted.
2026-09-07 21:46:18.242 DEBUG  InsertFoundConnectionAlgo: insert trace failed for net #10
2026-09-07 21:46:18.244 DEBUG  [7D024B\2CDE84] Autorouter Failed to route connection between polylinetrace, polylinetrace, polylinetrace, polylinetrace, pin of component #64, pin #7 of component #38 and pin #8 of component #38, because the new connection could not be inserted.
2026-09-07 21:46:19.397 DEBUG  InsertFoundConnectionAlgo: insert trace failed for net #5
2026-09-07 21:46:19.398 DEBUG  [7D024B\2CDE84] Autorouter Failed to route connection between polylinetrace, polylinetrace, polylinetrace, polylinetrace, polylinetrace, polylinetrace, polylinetrace, polylinetrace, polylinetrace, polylinetrace, polylinetrace, polylinetrace, polylinetrace, polylinetrace, polylinetrace, polylinetrace, polylinetrace, via, polylinetrace, via, polylinetrace, polylinetrace, polylinetrace, polylinetrace, polylinetrace, polylinetrace, polylinetrace, polylinetrace, polylinetrace, polylinetrace, polylinetrace, polylinetrace, polylinetrace, polylinetrace, polylinetrace, polylinetrace, polylinetrace, polylinetrace, pin #1 of component #70, pin #2 of component #69, pin of component #68, pin of component #67, pin of component #66, pin #13 of component #65, pin #2 of component #63, pin of component #63, pin #2 of component #62, pin of component #62, pin of component #49, pin #4 of component #38, pin #3 of component #38, pin of component #32, pin of component #29, pin of component #25, pin of component #24, pin of component #21, pin of component #19, pin of component #18, pin of component #16, pin of component #13, pin of component #10, pin of component #3, pin of component #2 and pin #2 of component #38, because the new connection could not be inserted.
2026-09-07 21:46:21.540 DEBUG  InsertFoundConnectionAlgo: insert trace failed for net #5
2026-09-07 21:46:21.540 DEBUG  [7D024B\2CDE84] Autorouter Failed to route connection between polylinetrace, pin #4 of component #38, pin #3 of component #38, pin #2 of component #38 and polylinetrace, polylinetrace, polylinetrace, polylinetrace, polylinetrace, polylinetrace, polylinetrace, polylinetrace, polylinetrace, polylinetrace, polylinetrace, polylinetrace, polylinetrace, polylinetrace, polylinetrace, polylinetrace, polylinetrace, via, polylinetrace, via, polylinetrace, polylinetrace, polylinetrace, polylinetrace, polylinetrace, polylinetrace, polylinetrace, polylinetrace, polylinetrace, polylinetrace, polylinetrace, polylinetrace, polylinetrace, polylinetrace, polylinetrace, polylinetrace, polylinetrace, pin #1 of component #70, pin #2 of component #69, pin of component #68, pin of component #67, pin of component #66, pin #13 of component #65, pin #2 of component #63, pin of component #63, pin #2 of component #62, pin of component #62, pin of component #49, pin of component #32, pin of component #29, pin of component #25, pin of component #24, pin of component #21, pin of component #19, pin of component #18, pin of component #16, pin of component #13, pin of component #10, pin of component #3, pin of component #2, because the new connection could not be inserted.
2026-09-07 21:46:21.617 INFO   [7D024B\2CDE84] Auto-router pass #31 on board '694454f7c618423dcf1038633cd0077c' was completed in 5.66 seconds with the score of 976.13 (11 unrouted), using 12614.20 CPU seconds and 78816 MB memory.
2026-09-07 21:46:25.117 DEBUG  InsertFoundConnectionAlgo: insert trace failed for net #10
2026-09-07 21:46:25.117 DEBUG  [7D024B\2CDE84] Autorouter Failed to route connection between polylinetrace, polylinetrace, pin of component #64, pin #7 of component #38 and pin #8 of component #38, because the new connection could not be inserted.
2026-09-07 21:46:25.192 DEBUG  InsertFoundConnectionAlgo: insert trace failed for net #5
2026-09-07 21:46:25.192 DEBUG  [7D024B\2CDE84] Autorouter Failed to route connection between polylinetrace, polylinetrace, polylinetrace, polylinetrace, polylinetrace, polylinetrace, polylinetrace, polylinetrace, polylinetrace, polylinetrace, polylinetrace, polylinetrace, polylinetrace, polylinetrace, polylinetrace, polylinetrace, polylinetrace, polylinetrace, via, polylinetrace, via, polylinetrace, polylinetrace, polylinetrace, polylinetrace, polylinetrace, polylinetrace, polylinetrace, polylinetrace, polylinetrace, polylinetrace, polylinetrace, polylinetrace, polylinetrace, polylinetrace, polylinetrace, polylinetrace, polylinetrace, pin #1 of component #70, pin #2 of component #69, pin of component #68, pin of component #67, pin of component #66, pin #13 of component #65, pin #2 of component #63, pin of component #63, pin #2 of component #62, pin of component #62, pin of component #49, pin #4 of component #38, pin #3 of component #38, pin of component #32, pin of component #29, pin of component #25, pin of component #24, pin of component #21, pin of component #19, pin of component #18, pin of component #16, pin of component #13, pin of component #10, pin of component #3, pin of component #2 and pin #2 of component #38, because the new connection could not be inserted.
2026-09-07 21:46:26.406 DEBUG  InsertFoundConnectionAlgo: insert trace failed for net #10
2026-09-07 21:46:26.406 DEBUG  [7D024B\2CDE84] Autorouter Failed to route connection between pin #8 of component #38 and polylinetrace, polylinetrace, pin of component #64, pin #7 of component #38, because the new connection could not be inserted.
2026-09-07 21:46:26.467 DEBUG  InsertFoundConnectionAlgo: insert trace failed for net #5
2026-09-07 21:46:26.467 DEBUG  [7D024B\2CDE84] Autorouter Failed to route connection between polylinetrace, polylinetrace, polylinetrace, polylinetrace, polylinetrace, polylinetrace, polylinetrace, polylinetrace, polylinetrace, polylinetrace, polylinetrace, polylinetrace, polylinetrace, polylinetrace, polylinetrace, polylinetrace, polylinetrace, polylinetrace, via, polylinetrace, via, polylinetrace, polylinetrace, polylinetrace, polylinetrace, polylinetrace, polylinetrace, polylinetrace, polylinetrace, polylinetrace, polylinetrace, polylinetrace, polylinetrace, polylinetrace, polylinetrace, polylinetrace, polylinetrace, pin #1 of component #70, pin #2 of component #69, pin of component #68, pin of component #67, pin of component #66, pin #13 of component #65, pin #2 of component #63, pin of component #63, pin #2 of component #62, pin of component #62, pin of component #49, pin #2 of component #38, pin of component #32, pin of component #29, pin of component #25, pin of component #24, pin of component #21, pin of component #19, pin of component #18, pin of component #16, pin of component #13, pin of component #10, pin of component #3, pin of component #2 and polylinetrace, pin #4 of component #38, pin #3 of component #38, because the new connection could not be inserted.
2026-09-07 21:46:27.814 DEBUG  [7D024B\2CDE84] Autorouter Failed to route connection between polylinetrace, pin #4 of component #38, pin #3 of component #38, pin #2 of component #38 and polylinetrace, polylinetrace, polylinetrace, polylinetrace, polylinetrace, polylinetrace, polylinetrace, polylinetrace, polylinetrace, polylinetrace, polylinetrace, polylinetrace, polylinetrace, polylinetrace, polylinetrace, polylinetrace, polylinetrace, polylinetrace, via, polylinetrace, via, polylinetrace, polylinetrace, polylinetrace, polylinetrace, polylinetrace, polylinetrace, polylinetrace, polylinetrace, polylinetrace, polylinetrace, polylinetrace, polylinetrace, polylinetrace, polylinetrace, polylinetrace, polylinetrace, pin #1 of component #70, pin #2 of component #69, pin of component #68, pin of component #67, pin of component #66, pin #13 of component #65, pin #2 of component #63, pin of component #63, pin #2 of component #62, pin of component #62, pin of component #49, pin of component #32, pin of component #29, pin of component #25, pin of component #24, pin of component #21, pin of component #19, pin of component #18, pin of component #16, pin of component #13, pin of component #10, pin of component #3, pin of component #2, because no connection was found between their nets.
2026-09-07 21:46:28.307 INFO   [7D024B\2CDE84] Restoring an earlier board that has the score of 981.31 (7 unrouted).
2026-09-07 21:46:28.308 INFO   [7D024B\2CDE84] Auto-router pass #32 on board '7428fc95bc26e466e331fc3ff7dfffa1' was completed in 6.64 seconds with the score of 973.90 (12 unrouted), using 13710.33 CPU seconds and 82448 MB memory.
2026-09-07 21:46:28.701 DEBUG  InsertFoundConnectionAlgo: insert trace failed for net #10
2026-09-07 21:46:28.701 DEBUG  [7D024B\2CDE84] Autorouter Failed to route connection between pin #8 of component #38 and polylinetrace, polylinetrace, pin of component #64, pin #7 of component #38, because the new connection could not be inserted.
2026-09-07 21:46:28.908 DEBUG  InsertFoundConnectionAlgo: insert trace failed for net #5
2026-09-07 21:46:28.909 DEBUG  [7D024B\2CDE84] Autorouter Failed to route connection between polylinetrace, polylinetrace, polylinetrace, polylinetrace, polylinetrace, polylinetrace, polylinetrace, polylinetrace, polylinetrace, polylinetrace, polylinetrace, polylinetrace, polylinetrace, polylinetrace, polylinetrace, polylinetrace, polylinetrace, via, polylinetrace, via, polylinetrace, polylinetrace, polylinetrace, polylinetrace, polylinetrace, polylinetrace, polylinetrace, polylinetrace, polylinetrace, polylinetrace, polylinetrace, polylinetrace, polylinetrace, polylinetrace, polylinetrace, polylinetrace, polylinetrace, polylinetrace, pin #1 of component #70, pin #2 of component #69, pin of component #68, pin of component #67, pin of component #66, pin #13 of component #65, pin #2 of component #63, pin of component #63, pin #2 of component #62, pin of component #62, pin of component #49, pin #4 of component #38, pin #3 of component #38, pin of component #32, pin of component #29, pin of component #25, pin of component #24, pin of component #21, pin of component #19, pin of component #18, pin of component #16, pin of component #13, pin of component #10, pin of component #3, pin of component #2 and pin #2 of component #38, because the new connection could not be inserted.
2026-09-07 21:46:28.951 DEBUG  InsertFoundConnectionAlgo: insert trace failed for net #5
2026-09-07 21:46:28.951 DEBUG  [7D024B\2CDE84] Autorouter Failed to route connection between polylinetrace, polylinetrace, polylinetrace, polylinetrace, polylinetrace, polylinetrace, polylinetrace, polylinetrace, polylinetrace, polylinetrace, polylinetrace, polylinetrace, polylinetrace, polylinetrace, polylinetrace, polylinetrace, polylinetrace, via, polylinetrace, via, polylinetrace, polylinetrace, polylinetrace, polylinetrace, polylinetrace, polylinetrace, polylinetrace, polylinetrace, polylinetrace, polylinetrace, polylinetrace, polylinetrace, polylinetrace, polylinetrace, polylinetrace, polylinetrace, polylinetrace, pin #1 of component #70, pin #2 of component #69, pin of component #68, pin of component #67, pin of component #66, pin #13 of component #65, pin #2 of component #63, pin of component #63, pin #2 of component #62, pin of component #62, pin of component #49, pin #2 of component #38, pin of component #32, pin of component #29, pin of component #25, pin of component #24, pin of component #21, pin of component #19, pin of component #18, pin of component #16, pin of component #13, pin of component #10, pin of component #3, pin of component #2 and polylinetrace, pin #4 of component #38, pin #3 of component #38, because the new connection could not be inserted.
2026-09-07 21:46:28.983 DEBUG  InsertFoundConnectionAlgo: insert trace failed for net #10
2026-09-07 21:46:28.984 DEBUG  [7D024B\2CDE84] Autorouter Failed to route connection between polylinetrace, polylinetrace, polylinetrace, polylinetrace, pin of component #64, pin #7 of component #38 and pin #8 of component #38, because the new connection could not be inserted.
2026-09-07 21:46:29.031 DEBUG  InsertFoundConnectionAlgo: insert trace failed for net #5
2026-09-07 21:46:29.032 DEBUG  [7D024B\2CDE84] Autorouter Failed to route connection between polylinetrace, pin #4 of component #38, pin #3 of component #38, pin #2 of component #38 and polylinetrace, polylinetrace, polylinetrace, polylinetrace, polylinetrace, polylinetrace, polylinetrace, polylinetrace, polylinetrace, polylinetrace, polylinetrace, polylinetrace, polylinetrace, polylinetrace, polylinetrace, polylinetrace, polylinetrace, via, polylinetrace, via, polylinetrace, polylinetrace, polylinetrace, polylinetrace, polylinetrace, polylinetrace, polylinetrace, polylinetrace, polylinetrace, polylinetrace, polylinetrace, polylinetrace, polylinetrace, polylinetrace, polylinetrace, polylinetrace, polylinetrace, pin #1 of component #70, pin #2 of component #69, pin of component #68, pin of component #67, pin of component #66, pin #13 of component #65, pin #2 of component #63, pin of component #63, pin #2 of component #62, pin of component #62, pin of component #49, pin of component #32, pin of component #29, pin of component #25, pin of component #24, pin of component #21, pin of component #19, pin of component #18, pin of component #16, pin of component #13, pin of component #10, pin of component #3, pin of component #2, because the new connection could not be inserted.
2026-09-07 21:46:29.689 INFO   [7D024B\2CDE84] Auto-router pass #33 on board 'acb875d3195208b1b51ef012eda3f81b' was completed in 1.36 seconds with the score of 974.02 (12 unrouted), using 13870.70 CPU seconds and 83022 MB memory.
2026-09-07 21:46:29.887 DEBUG  InsertFoundConnectionAlgo: insert trace failed for net #10
2026-09-07 21:46:29.887 DEBUG  [7D024B\2CDE84] Autorouter Failed to route connection between polylinetrace, polylinetrace, pin of component #64, pin #7 of component #38 and pin #8 of component #38, because the new connection could not be inserted.
2026-09-07 21:46:29.930 DEBUG  InsertFoundConnectionAlgo: insert trace failed for net #10
2026-09-07 21:46:29.930 DEBUG  [7D024B\2CDE84] Autorouter Failed to route connection between pin #8 of component #38 and polylinetrace, polylinetrace, pin of component #64, pin #7 of component #38, because the new connection could not be inserted.
2026-09-07 21:46:31.069 DEBUG  InsertFoundConnectionAlgo: insert trace failed for net #5
2026-09-07 21:46:31.069 DEBUG  [7D024B\2CDE84] Autorouter Failed to route connection between polylinetrace, polylinetrace, polylinetrace, polylinetrace, polylinetrace, polylinetrace, polylinetrace, polylinetrace, polylinetrace, polylinetrace, polylinetrace, polylinetrace, polylinetrace, polylinetrace, polylinetrace, polylinetrace, polylinetrace, via, polylinetrace, via, polylinetrace, polylinetrace, polylinetrace, polylinetrace, polylinetrace, polylinetrace, polylinetrace, polylinetrace, polylinetrace, polylinetrace, polylinetrace, polylinetrace, polylinetrace, polylinetrace, polylinetrace, polylinetrace, polylinetrace, polylinetrace, pin #1 of component #70, pin #2 of component #69, pin of component #68, pin of component #67, pin of component #66, pin #13 of component #65, pin #2 of component #63, pin of component #63, pin #2 of component #62, pin of component #62, pin of component #49, pin #4 of component #38, pin #3 of component #38, pin of component #32, pin of component #29, pin of component #25, pin of component #24, pin of component #21, pin of component #19, pin of component #18, pin of component #16, pin of component #13, pin of component #10, pin of component #3, pin of component #2 and pin #2 of component #38, because the new connection could not be inserted.
2026-09-07 21:46:31.268 DEBUG  InsertFoundConnectionAlgo: insert trace failed for net #5
2026-09-07 21:46:31.268 DEBUG  [7D024B\2CDE84] Autorouter Failed to route connection between polylinetrace, pin #4 of component #38, pin #3 of component #38, pin #2 of component #38 and polylinetrace, polylinetrace, polylinetrace, polylinetrace, polylinetrace, polylinetrace, polylinetrace, polylinetrace, polylinetrace, polylinetrace, polylinetrace, polylinetrace, polylinetrace, polylinetrace, polylinetrace, polylinetrace, polylinetrace, via, polylinetrace, via, polylinetrace, polylinetrace, polylinetrace, polylinetrace, polylinetrace, polylinetrace, polylinetrace, polylinetrace, polylinetrace, polylinetrace, polylinetrace, polylinetrace, polylinetrace, polylinetrace, polylinetrace, polylinetrace, polylinetrace, pin #1 of component #70, pin #2 of component #69, pin of component #68, pin of component #67, pin of component #66, pin #13 of component #65, pin #2 of component #63, pin of component #63, pin #2 of component #62, pin of component #62, pin of component #49, pin of component #32, pin of component #29, pin of component #25, pin of component #24, pin of component #21, pin of component #19, pin of component #18, pin of component #16, pin of component #13, pin of component #10, pin of component #3, pin of component #2, because the new connection could not be inserted.
2026-09-07 21:46:32.999 DEBUG  InsertFoundConnectionAlgo: insert trace failed for net #5
2026-09-07 21:46:32.999 DEBUG  [7D024B\2CDE84] Autorouter Failed to route connection between polylinetrace, polylinetrace, polylinetrace, polylinetrace, polylinetrace, polylinetrace, polylinetrace, polylinetrace, polylinetrace, polylinetrace, polylinetrace, polylinetrace, polylinetrace, polylinetrace, polylinetrace, polylinetrace, polylinetrace, polylinetrace, polylinetrace, via, polylinetrace, via, polylinetrace, polylinetrace, polylinetrace, polylinetrace, polylinetrace, polylinetrace, polylinetrace, polylinetrace, polylinetrace, polylinetrace, polylinetrace, polylinetrace, polylinetrace, polylinetrace, polylinetrace, polylinetrace, polylinetrace, pin #1 of component #70, pin #2 of component #69, pin of component #68, pin of component #67, pin of component #66, pin #13 of component #65, pin #2 of component #63, pin of component #63, pin #2 of component #62, pin of component #62, pin of component #49, pin #2 of component #38, pin of component #32, pin of component #29, pin of component #25, pin of component #24, pin of component #21, pin of component #19, pin of component #18, pin of component #16, pin of component #13, pin of component #10, pin of component #3, pin of component #2 and polylinetrace, pin #4 of component #38, pin #3 of component #38, because the new connection could not be inserted.
2026-09-07 21:46:33.446 DEBUG  InsertFoundConnectionAlgo: insert trace failed for net #11
2026-09-07 21:46:33.446 DEBUG  [7D024B\2CDE84] Autorouter Failed to route connection between polylinetrace, polylinetrace, polylinetrace, polylinetrace, polylinetrace, polylinetrace, via, via, polylinetrace, pin #21 of component #65, pin #1 of component #18 and pin #8 of component #69, because the new connection could not be inserted.
2026-09-07 21:46:33.738 INFO   [7D024B\2CDE84] Auto-router pass #34 on board '532af6cebd70950a0334ae7a8a54c04c' was completed in 4.00 seconds with the score of 972.41 (13 unrouted), using 14521.27 CPU seconds and 85303 MB memory.
2026-09-07 21:46:34.588 DEBUG  InsertFoundConnectionAlgo: insert trace failed for net #10
2026-09-07 21:46:34.589 DEBUG  [7D024B\2CDE84] Autorouter Failed to route connection between pin #8 of component #38 and polylinetrace, polylinetrace, pin of component #64, pin #7 of component #38, because the new connection could not be inserted.
2026-09-07 21:46:35.844 ERROR  AutorouteEngine.autoroute_connection: Exception in maze_search_algo.find_connection
java.lang.NullPointerException: Cannot read the array length because "drill_shapes" is null
	at app.freerouting.autoroute.DrillPage.get_drills(DrillPage.java:129) ~[freerouting.jar:unspecified]
	at app.freerouting.autoroute.MazeSearchAlgo.expand_to_drills_of_page(MazeSearchAlgo.java:757) ~[freerouting.jar:unspecified]
	at app.freerouting.autoroute.MazeSearchAlgo.occupy_next_element(MazeSearchAlgo.java:258) ~[freerouting.jar:unspecified]
	at app.freerouting.autoroute.MazeSearchAlgo.find_connection(MazeSearchAlgo.java:206) ~[freerouting.jar:unspecified]
	at app.freerouting.autoroute.AutorouteEngine.autoroute_connection(AutorouteEngine.java:155) [freerouting.jar:unspecified]
	at app.freerouting.autoroute.BatchAutorouter.autoroute_item(BatchAutorouter.java:610) [freerouting.jar:unspecified]
	at app.freerouting.autoroute.BatchAutorouter.autoroute_pass(BatchAutorouter.java:332) [freerouting.jar:unspecified]
	at app.freerouting.autoroute.BatchAutorouter.runBatchLoop(BatchAutorouter.java:447) [freerouting.jar:unspecified]
	at app.freerouting.management.RoutingJobSchedulerActionThread.thread_action(RoutingJobSchedulerActionThread.java:131) [freerouting.jar:unspecified]
	at app.freerouting.core.StoppableThread.run(StoppableThread.java:26) [freerouting.jar:unspecified]
2026-09-07 21:46:35.866 DEBUG  [7D024B\2CDE84] Autorouter Failed to route connection between pin #5 of component #65 and pin #11 of component #69, because no connection was found between their nets.
2026-09-07 21:46:35.974 INFO   [7D024B\2CDE84] Restoring an earlier board that has the score of 981.31 (7 unrouted).
2026-09-07 21:46:35.975 INFO   [7D024B\2CDE84] Auto-router pass #35 on board '009bdf89d87c059449d3dc924c8b4a0d' was completed in 2.19 seconds with the score of 967.08 (16 unrouted), using 15018.95 CPU seconds and 86862 MB memory.
2026-09-07 21:49:18.314 INFO   Freerouting v2.1.0 (build-date: 2025-04-12)
2026-09-07 21:49:26.419 WARN   No default constructor found for field: currentLocale
2026-09-07 21:49:26.422 INFO   Settings were loaded from freerouting.json
2026-09-07 21:49:26.423 DEBUG  Version: 2.1.0,2025-04-12
2026-09-07 21:49:26.424 DEBUG  Command line arguments: '--gui.enabled=false --router.max_passes=15 --router.optimizer.enabled=false --router.job_timeout=00:02:00 -da -de design\DroneFC.dsn -do design\DroneFC-pass2.ses'
2026-09-07 21:49:26.427 DEBUG  Architecture: Windows 11,amd64,10.0
2026-09-07 21:49:26.428 DEBUG  Java: 21.0.12.1,Eclipse Adoptium
2026-09-07 21:49:26.428 DEBUG  System Language: en,en_US
2026-09-07 21:49:26.429 DEBUG  Hardware: 4 CPU cores,2048 MB RAM
2026-09-07 21:49:26.429 DEBUG  UTC Time: 2026-09-07T18:19:26.422878Z
2026-09-07 21:49:26.430 DEBUG  GUI Language: en_US
2026-09-07 21:49:26.430 DEBUG  Host: N/A
2026-09-07 21:49:26.431 DEBUG  Analytics are disabled
2026-09-07 21:49:28.378 INFO   [A7F2D2\C7D3D7] Job 'A7F2D2\C7D3D7' started at 2026-09-07T18:19:28.378875Z
2026-09-07 21:49:30.538 DEBUG  InsertFoundConnectionAlgo: insert trace failed for net #36
2026-09-07 21:49:30.539 DEBUG  [A7F2D2\C7D3D7] Autorouter Failed to route connection between pin #15 of component #65 and via, via, polylinetrace, polylinetrace, polylinetrace, pin #20 of component #69, because the new connection could not be inserted.
2026-09-07 21:49:32.392 DEBUG  InsertFoundConnectionAlgo: insert trace failed for net #30
2026-09-07 21:49:32.394 DEBUG  [A7F2D2\C7D3D7] Autorouter Failed to route connection between pin #5 of component #65 and pin #11 of component #69, because the new connection could not be inserted.
2026-09-07 21:49:33.379 DEBUG  InsertFoundConnectionAlgo: insert trace failed for net #29
2026-09-07 21:49:33.379 DEBUG  [A7F2D2\C7D3D7] Autorouter Failed to route connection between pin #14 of component #69 and pin #4 of component #65, because the new connection could not be inserted.
2026-09-07 21:49:33.507 DEBUG  ShapeSearchTree45Degree.complete_shape: cannot convert Simplex to IntOctagon
2026-09-07 21:49:33.539 DEBUG  InsertFoundConnectionAlgo: insert trace failed for net #36
2026-09-07 21:49:33.539 DEBUG  [A7F2D2\C7D3D7] Autorouter Failed to route connection between via, via, polylinetrace, polylinetrace, polylinetrace, pin #20 of component #69 and pin #15 of component #65, because the new connection could not be inserted.
2026-09-07 21:49:35.429 DEBUG  ShapeSearchTree45Degree.complete_shape: cannot convert Simplex to IntOctagon
2026-09-07 21:49:35.861 DEBUG  InsertFoundConnectionAlgo: insert trace failed for net #38
2026-09-07 21:49:35.861 DEBUG  [A7F2D2\C7D3D7] Autorouter Failed to route connection between polylinetrace, via, pin #21 of component #69 and polylinetrace, polylinetrace, polylinetrace, polylinetrace, polylinetrace, polylinetrace, via, pin #17 of component #65, because the new connection could not be inserted.
2026-09-07 21:49:36.472 DEBUG  InsertFoundConnectionAlgo: insert trace failed for net #29
2026-09-07 21:49:36.473 DEBUG  [A7F2D2\C7D3D7] Autorouter Failed to route connection between pin #4 of component #65 and pin #14 of component #69, because the new connection could not be inserted.
2026-09-07 21:49:36.622 DEBUG  ShapeSearchTree45Degree.complete_shape: cannot convert Simplex to IntOctagon
2026-09-07 21:49:36.623 DEBUG  ShapeSearchTree45Degree.complete_shape: cannot convert Simplex to IntOctagon
2026-09-07 21:49:37.386 DEBUG  InsertFoundConnectionAlgo: insert trace failed for net #30
2026-09-07 21:49:37.386 DEBUG  [A7F2D2\C7D3D7] Autorouter Failed to route connection between pin #11 of component #69 and pin #5 of component #65, because the new connection could not be inserted.
2026-09-07 21:49:38.794 INFO   [A7F2D2\C7D3D7] Auto-router pass #1 on board 'bf34cbd40338aff18e0a6334a46d5168' was completed in 10.07 seconds with the score of 975.68 (10 unrouted), using 48.70 CPU seconds and 2712 MB memory.
2026-09-07 21:49:39.403 DEBUG  InsertFoundConnectionAlgo: insert trace failed for net #13
2026-09-07 21:49:39.404 DEBUG  [A7F2D2\C7D3D7] Autorouter Failed to route connection between polylinetrace, polylinetrace, polylinetrace, polylinetrace, polylinetrace, via, via, polylinetrace, polylinetrace, polylinetrace, polylinetrace, pin #23 of component #71, pin #1 of component #19 and pin #27 of component #69, because the new connection could not be inserted.
2026-09-07 21:49:39.687 DEBUG  InsertFoundConnectionAlgo: insert trace failed for net #29
2026-09-07 21:49:39.688 DEBUG  [A7F2D2\C7D3D7] Autorouter Failed to route connection between pin #4 of component #65 and pin #14 of component #69, because the new connection could not be inserted.
2026-09-07 21:49:40.038 DEBUG  InsertFoundConnectionAlgo: insert trace failed for net #32
2026-09-07 21:49:40.039 DEBUG  [A7F2D2\C7D3D7] Autorouter Failed to route connection between pin #7 of component #65 and polylinetrace, pin #19 of component #69, because the new connection could not be inserted.
2026-09-07 21:49:40.081 DEBUG  ShapeSearchTree45Degree.complete_shape: cannot convert Simplex to IntOctagon
2026-09-07 21:49:40.084 DEBUG  ShapeSearchTree45Degree.complete_shape: cannot convert Simplex to IntOctagon
2026-09-07 21:49:40.119 DEBUG  InsertFoundConnectionAlgo: insert trace failed for net #36
2026-09-07 21:49:40.120 DEBUG  [A7F2D2\C7D3D7] Autorouter Failed to route connection between via, via, polylinetrace, polylinetrace, pin #20 of component #69 and pin #15 of component #65, because the new connection could not be inserted.
2026-09-07 21:49:40.686 DEBUG  InsertFoundConnectionAlgo: insert trace failed for net #30
2026-09-07 21:49:40.686 DEBUG  [A7F2D2\C7D3D7] Autorouter Failed to route connection between pin #11 of component #69 and pin #5 of component #65, because the new connection could not be inserted.
2026-09-07 21:49:40.945 DEBUG  InsertFoundConnectionAlgo: insert trace failed for net #30
2026-09-07 21:49:40.945 DEBUG  [A7F2D2\C7D3D7] Autorouter Failed to route connection between polylinetrace, via, polylinetrace, pin #5 of component #65 and pin #11 of component #69, because the new connection could not be inserted.
2026-09-07 21:49:40.986 DEBUG  ShapeSearchTree45Degree.complete_shape: cannot convert Simplex to IntOctagon
2026-09-07 21:49:40.988 DEBUG  [A7F2D2\C7D3D7] Autorouter Failed to route connection between polylinetrace, via, pin #21 of component #69 and polylinetrace, polylinetrace, polylinetrace, polylinetrace, polylinetrace, via, polylinetrace, polylinetrace, via, pin #17 of component #65, because some of their layers are disabled.
2026-09-07 21:49:41.072 DEBUG  InsertFoundConnectionAlgo: insert trace failed for net #36
2026-09-07 21:49:41.073 DEBUG  [A7F2D2\C7D3D7] Autorouter Failed to route connection between pin #15 of component #65 and via, via, polylinetrace, polylinetrace, pin #20 of component #69, because the new connection could not be inserted.
2026-09-07 21:49:41.838 DEBUG  InsertFoundConnectionAlgo: insert trace failed for net #31
2026-09-07 21:49:41.839 DEBUG  [A7F2D2\C7D3D7] Autorouter Failed to route connection between polylinetrace, polylinetrace, via, polylinetrace, polylinetrace, polylinetrace, polylinetrace, pin #6 of component #65 and pin #15 of component #69, because the new connection could not be inserted.
2026-09-07 21:49:42.620 DEBUG  InsertFoundConnectionAlgo: insert trace failed for net #29
2026-09-07 21:49:42.621 DEBUG  [A7F2D2\C7D3D7] Autorouter Failed to route connection between pin #14 of component #69 and pin #4 of component #65, because the new connection could not be inserted.
2026-09-07 21:49:42.685 INFO   [A7F2D2\C7D3D7] Auto-router pass #2 on board '0cb5ed632f521132b50d59a9e1777b27' was completed in 3.82 seconds with the score of 980.31 (7 unrouted), using 93.27 CPU seconds and 4153 MB memory.
2026-09-07 21:49:43.013 DEBUG  InsertFoundConnectionAlgo: insert trace failed for net #29
2026-09-07 21:49:43.014 DEBUG  [A7F2D2\C7D3D7] Autorouter Failed to route connection between pin #4 of component #65 and pin #14 of component #69, because the new connection could not be inserted.
2026-09-07 21:49:43.073 DEBUG  InsertFoundConnectionAlgo: insert trace failed for net #36
2026-09-07 21:49:43.074 DEBUG  [A7F2D2\C7D3D7] Autorouter Failed to route connection between pin #15 of component #65 and polylinetrace, via, via, polylinetrace, pin #20 of component #69, because the new connection could not be inserted.
2026-09-07 21:49:43.387 DEBUG  InsertFoundConnectionAlgo: insert trace failed for net #38
2026-09-07 21:49:43.387 DEBUG  [A7F2D2\C7D3D7] Autorouter Failed to route connection between polylinetrace, polylinetrace, via, pin #17 of component #65 and polylinetrace, via, pin #21 of component #69, because the new connection could not be inserted.
2026-09-07 21:49:43.887 DEBUG  InsertFoundConnectionAlgo: insert trace failed for net #30
2026-09-07 21:49:43.888 DEBUG  [A7F2D2\C7D3D7] Autorouter Failed to route connection between pin #5 of component #65 and pin #11 of component #69, because the new connection could not be inserted.
2026-09-07 21:49:44.177 DEBUG  InsertFoundConnectionAlgo: insert trace failed for net #30
2026-09-07 21:49:44.178 DEBUG  [A7F2D2\C7D3D7] Autorouter Failed to route connection between pin #11 of component #69 and pin #5 of component #65, because the new connection could not be inserted.
2026-09-07 21:49:44.343 DEBUG  InsertFoundConnectionAlgo: insert trace failed for net #31
2026-09-07 21:49:44.348 DEBUG  [A7F2D2\C7D3D7] Autorouter Failed to route connection between polylinetrace, pin #15 of component #69 and polylinetrace, via, polylinetrace, polylinetrace, polylinetrace, polylinetrace, pin #6 of component #65, because the new connection could not be inserted.
2026-09-07 21:49:44.461 DEBUG  InsertFoundConnectionAlgo: insert trace failed for net #11
2026-09-07 21:49:44.462 DEBUG  [A7F2D2\C7D3D7] Autorouter Failed to route connection between pin #8 of component #69 and polylinetrace, via, via, polylinetrace, polylinetrace, pin #21 of component #65, pin #1 of component #18, because the new connection could not be inserted.
2026-09-07 21:49:44.514 DEBUG  ShapeSearchTree45Degree.complete_shape: cannot convert Simplex to IntOctagon
2026-09-07 21:49:44.685 DEBUG  InsertFoundConnectionAlgo: insert trace failed for net #38
2026-09-07 21:49:44.685 DEBUG  [A7F2D2\C7D3D7] Autorouter Failed to route connection between polylinetrace, polylinetrace, via, polylinetrace, via, pin #21 of component #69 and pin #17 of component #65, because the new connection could not be inserted.
2026-09-07 21:49:44.756 DEBUG  InsertFoundConnectionAlgo: insert trace failed for net #31
2026-09-07 21:49:44.757 DEBUG  [A7F2D2\C7D3D7] Autorouter Failed to route connection between polylinetrace, polylinetrace, polylinetrace, polylinetrace, via, polylinetrace, polylinetrace, polylinetrace, polylinetrace, pin #6 of component #65 and polylinetrace, pin #15 of component #69, because the new connection could not be inserted.
2026-09-07 21:49:44.895 DEBUG  InsertFoundConnectionAlgo: insert trace failed for net #32
2026-09-07 21:49:44.895 DEBUG  [A7F2D2\C7D3D7] Autorouter Failed to route connection between pin #7 of component #65 and polylinetrace, polylinetrace, polylinetrace, polylinetrace, polylinetrace, polylinetrace, via, polylinetrace, polylinetrace, pin #19 of component #69, because the new connection could not be inserted.
2026-09-07 21:49:45.405 DEBUG  InsertFoundConnectionAlgo: insert trace failed for net #29
2026-09-07 21:49:45.408 DEBUG  [A7F2D2\C7D3D7] Autorouter Failed to route connection between pin #14 of component #69 and pin #4 of component #65, because the new connection could not be inserted.
2026-09-07 21:49:45.513 DEBUG  InsertFoundConnectionAlgo: insert trace failed for net #11
2026-09-07 21:49:45.516 DEBUG  [A7F2D2\C7D3D7] Autorouter Failed to route connection between polylinetrace, polylinetrace, polylinetrace, via, via, polylinetrace, polylinetrace, pin #21 of component #65, pin #1 of component #18 and pin #8 of component #69, because the new connection could not be inserted.
2026-09-07 21:49:45.562 DEBUG  ShapeSearchTree45Degree.complete_shape: cannot convert Simplex to IntOctagon
2026-09-07 21:49:45.564 DEBUG  ShapeSearchTree45Degree.complete_shape: cannot convert Simplex to IntOctagon
2026-09-07 21:49:45.578 DEBUG  InsertFoundConnectionAlgo: insert trace failed for net #36
2026-09-07 21:49:45.578 DEBUG  [A7F2D2\C7D3D7] Autorouter Failed to route connection between polylinetrace, via, via, polylinetrace, pin #20 of component #69 and pin #15 of component #65, because the new connection could not be inserted.
2026-09-07 21:49:45.628 INFO   [A7F2D2\C7D3D7] Auto-router pass #3 on board '623a099d890b5194d64698d3c7281779' was completed in 2.88 seconds with the score of 973.94 (11 unrouted), using 136.23 CPU seconds and 5197 MB memory.
2026-09-07 21:49:46.845 DEBUG  [A7F2D2\C7D3D7] Autorouter Failed to route connection between polylinetrace, polylinetrace, via, pin #17 of component #65 and polylinetrace, via, pin #21 of component #69, because some of their layers are disabled.
2026-09-07 21:49:48.352 DEBUG  InsertFoundConnectionAlgo: insert trace failed for net #31
2026-09-07 21:49:48.353 DEBUG  [A7F2D2\C7D3D7] Autorouter Failed to route connection between pin #15 of component #69 and polylinetrace, via, polylinetrace, polylinetrace, polylinetrace, polylinetrace, pin #6 of component #65, because the new connection could not be inserted.
2026-09-07 21:49:54.557 DEBUG  OptViaAlgo.opt_via_location: probably endless loop
2026-09-07 21:49:57.008 DEBUG  InsertFoundConnectionAlgo: insert trace failed for net #32
2026-09-07 21:49:57.008 DEBUG  [A7F2D2\C7D3D7] Autorouter Failed to route connection between polylinetrace, polylinetrace, polylinetrace, polylinetrace, polylinetrace, polylinetrace, via, pin #7 of component #65 and polylinetrace, pin #19 of component #69, because the new connection could not be inserted.
2026-09-07 21:49:57.774 INFO   [A7F2D2\C7D3D7] Auto-router pass #4 on board '5b17b601875c39870cf4d5db17b81411' was completed in 12.09 seconds with the score of 984.81 (4 unrouted), using 389.73 CPU seconds and 9557 MB memory.
2026-09-07 21:49:58.298 DEBUG  InsertFoundConnectionAlgo: insert trace failed for net #32
2026-09-07 21:49:58.300 DEBUG  [A7F2D2\C7D3D7] Autorouter Failed to route connection between pin #7 of component #65 and polylinetrace, pin #19 of component #69, because the new connection could not be inserted.
2026-09-07 21:49:58.574 DEBUG  InsertFoundConnectionAlgo: insert trace failed for net #30
2026-09-07 21:49:58.575 DEBUG  [A7F2D2\C7D3D7] Autorouter Failed to route connection between pin #5 of component #65 and pin #11 of component #69, because the new connection could not be inserted.
2026-09-07 21:49:58.602 DEBUG  ShapeSearchTree45Degree.complete_shape: cannot convert Simplex to IntOctagon
2026-09-07 21:49:59.075 DEBUG  InsertFoundConnectionAlgo: insert trace failed for net #38
2026-09-07 21:49:59.075 DEBUG  [A7F2D2\C7D3D7] Autorouter Failed to route connection between polylinetrace, via, pin #21 of component #69 and pin #17 of component #65, because the new connection could not be inserted.
2026-09-07 21:49:59.491 DEBUG  InsertFoundConnectionAlgo: insert trace failed for net #38
2026-09-07 21:49:59.492 DEBUG  [A7F2D2\C7D3D7] Autorouter Failed to route connection between pin #17 of component #65 and polylinetrace, via, pin #21 of component #69, because the new connection could not be inserted.
2026-09-07 21:49:59.819 DEBUG  InsertFoundConnectionAlgo: insert trace failed for net #30
2026-09-07 21:49:59.820 DEBUG  [A7F2D2\C7D3D7] Autorouter Failed to route connection between pin #11 of component #69 and pin #5 of component #65, because the new connection could not be inserted.
2026-09-07 21:50:00.035 DEBUG  InsertFoundConnectionAlgo: insert trace failed for net #31
2026-09-07 21:50:00.035 DEBUG  [A7F2D2\C7D3D7] Autorouter Failed to route connection between polylinetrace, polylinetrace, polylinetrace, via, polylinetrace, polylinetrace, polylinetrace, polylinetrace, pin #6 of component #65 and pin #15 of component #69, because the new connection could not be inserted.
2026-09-07 21:50:00.083 INFO   [A7F2D2\C7D3D7] Auto-router pass #5 on board '2556545ed2091324b06cf3891242657d' was completed in 2.26 seconds with the score of 981.53 (6 unrouted), using 445.03 CPU seconds and 10430 MB memory.
2026-09-07 21:50:00.319 DEBUG  InsertFoundConnectionAlgo: insert trace failed for net #31
2026-09-07 21:50:00.320 DEBUG  [A7F2D2\C7D3D7] Autorouter Failed to route connection between pin #15 of component #69 and polylinetrace, via, polylinetrace, polylinetrace, polylinetrace, polylinetrace, pin #6 of component #65, because the new connection could not be inserted.
2026-09-07 21:50:00.829 DEBUG  InsertFoundConnectionAlgo: insert trace failed for net #30
2026-09-07 21:50:00.829 DEBUG  [A7F2D2\C7D3D7] Autorouter Failed to route connection between pin #5 of component #65 and pin #11 of component #69, because the new connection could not be inserted.
2026-09-07 21:50:00.885 DEBUG  InsertFoundConnectionAlgo: insert trace failed for net #29
2026-09-07 21:50:00.886 DEBUG  [A7F2D2\C7D3D7] Autorouter Failed to route connection between pin #14 of component #69 and polylinetrace, polylinetrace, polylinetrace, polylinetrace, polylinetrace, polylinetrace, polylinetrace, via, via, pin #4 of component #65, because the new connection could not be inserted.
2026-09-07 21:50:01.195 DEBUG  InsertFoundConnectionAlgo: insert trace failed for net #31
2026-09-07 21:50:01.196 DEBUG  [A7F2D2\C7D3D7] Autorouter Failed to route connection between polylinetrace, polylinetrace, polylinetrace, via, polylinetrace, polylinetrace, polylinetrace, polylinetrace, pin #6 of component #65 and pin #15 of component #69, because the new connection could not be inserted.
2026-09-07 21:50:01.516 DEBUG  ShapeSearchTree45Degree.complete_shape: cannot convert Simplex to IntOctagon
2026-09-07 21:50:02.145 DEBUG  InsertFoundConnectionAlgo: insert trace failed for net #38
2026-09-07 21:50:02.145 DEBUG  [A7F2D2\C7D3D7] Autorouter Failed to route connection between polylinetrace, via, pin #21 of component #69 and pin #17 of component #65, because the new connection could not be inserted.
2026-09-07 21:50:02.321 DEBUG  InsertFoundConnectionAlgo: insert trace failed for net #38
2026-09-07 21:50:02.322 DEBUG  [A7F2D2\C7D3D7] Autorouter Failed to route connection between via, polylinetrace, polylinetrace, via, polylinetrace, pin #17 of component #65 and polylinetrace, via, pin #21 of component #69, because the new connection could not be inserted.
2026-09-07 21:50:02.917 DEBUG  InsertFoundConnectionAlgo: insert trace failed for net #30
2026-09-07 21:50:02.917 DEBUG  [A7F2D2\C7D3D7] Autorouter Failed to route connection between pin #11 of component #69 and pin #5 of component #65, because the new connection could not be inserted.
2026-09-07 21:50:03.051 INFO   [A7F2D2\C7D3D7] Auto-router pass #6 on board '7eb270d54ed70c8c0d6ae154ebe1db01' was completed in 2.92 seconds with the score of 983.18 (5 unrouted), using 534.94 CPU seconds and 11535 MB memory.
2026-09-07 21:50:03.488 DEBUG  InsertFoundConnectionAlgo: insert trace failed for net #30
2026-09-07 21:50:03.489 DEBUG  [A7F2D2\C7D3D7] Autorouter Failed to route connection between polylinetrace, polylinetrace, pin #5 of component #65 and pin #11 of component #69, because the new connection could not be inserted.
2026-09-07 21:50:03.526 DEBUG  ShapeSearchTree45Degree.complete_shape: cannot convert Simplex to IntOctagon
2026-09-07 21:50:03.876 DEBUG  InsertFoundConnectionAlgo: insert trace failed for net #38
2026-09-07 21:50:03.877 DEBUG  [A7F2D2\C7D3D7] Autorouter Failed to route connection between polylinetrace, via, pin #21 of component #69 and pin #17 of component #65, because the new connection could not be inserted.
2026-09-07 21:50:04.079 DEBUG  InsertFoundConnectionAlgo: insert trace failed for net #31
2026-09-07 21:50:04.081 DEBUG  [A7F2D2\C7D3D7] Autorouter Failed to route connection between polylinetrace, via, polylinetrace, polylinetrace, polylinetrace, polylinetrace, pin #6 of component #65 and pin #15 of component #69, because the new connection could not be inserted.
2026-09-07 21:50:04.557 DEBUG  InsertFoundConnectionAlgo: insert trace failed for net #31
2026-09-07 21:50:04.558 DEBUG  [A7F2D2\C7D3D7] Autorouter Failed to route connection between pin #15 of component #69 and polylinetrace, via, polylinetrace, polylinetrace, polylinetrace, polylinetrace, pin #6 of component #65, because the new connection could not be inserted.
2026-09-07 21:50:04.883 DEBUG  InsertFoundConnectionAlgo: insert trace failed for net #30
2026-09-07 21:50:04.883 DEBUG  [A7F2D2\C7D3D7] Autorouter Failed to route connection between pin #11 of component #69 and polylinetrace, polylinetrace, pin #5 of component #65, because the new connection could not be inserted.
2026-09-07 21:50:05.170 DEBUG  InsertFoundConnectionAlgo: insert trace failed for net #29
2026-09-07 21:50:05.172 DEBUG  [A7F2D2\C7D3D7] Autorouter Failed to route connection between pin #14 of component #69 and pin #4 of component #65, because the new connection could not be inserted.
2026-09-07 21:50:05.717 DEBUG  InsertFoundConnectionAlgo: insert trace failed for net #38
2026-09-07 21:50:05.718 DEBUG  [A7F2D2\C7D3D7] Autorouter Failed to route connection between polylinetrace, polylinetrace, polylinetrace, polylinetrace, via, pin #17 of component #65 and polylinetrace, via, pin #21 of component #69, because the new connection could not be inserted.
2026-09-07 21:50:05.775 INFO   [A7F2D2\C7D3D7] Auto-router pass #7 on board '57948121053f550d456a59856c913670' was completed in 2.68 seconds with the score of 984.82 (4 unrouted), using 633.52 CPU seconds and 12794 MB memory.
2026-09-07 21:50:08.158 DEBUG  InsertFoundConnectionAlgo: insert trace failed for net #30
2026-09-07 21:50:08.159 DEBUG  [A7F2D2\C7D3D7] Autorouter Failed to route connection between pin #5 of component #65 and pin #11 of component #69, because the new connection could not be inserted.
2026-09-07 21:50:09.110 DEBUG  InsertFoundConnectionAlgo: insert trace failed for net #30
2026-09-07 21:50:09.110 DEBUG  [A7F2D2\C7D3D7] Autorouter Failed to route connection between via, polylinetrace, pin #11 of component #69 and pin #5 of component #65, because the new connection could not be inserted.
2026-09-07 21:50:10.523 INFO   [A7F2D2\C7D3D7] Auto-router pass #8 on board '27ba4e279d8dd468007078d78537797a' was completed in 4.70 seconds with the score of 986.31 (3 unrouted), using 777.84 CPU seconds and 14579 MB memory.
2026-09-07 21:50:12.324 INFO   [A7F2D2\C7D3D7] Auto-router pass #9 on board 'c183a1b579976722b22ed8c7cb99df13' was completed in 1.76 seconds with the score of 986.19 (3 unrouted), using 855.66 CPU seconds and 15373 MB memory.
2026-09-07 21:50:13.308 DEBUG  ShapeSearchTree45Degree.complete_shape: cannot convert Simplex to IntOctagon
2026-09-07 21:50:13.816 DEBUG  InsertFoundConnectionAlgo: insert trace failed for net #38
2026-09-07 21:50:13.816 DEBUG  [A7F2D2\C7D3D7] Autorouter Failed to route connection between polylinetrace, via, pin #21 of component #69 and pin #17 of component #65, because the new connection could not be inserted.
2026-09-07 21:50:14.364 DEBUG  InsertFoundConnectionAlgo: insert trace failed for net #32
2026-09-07 21:50:14.364 DEBUG  [A7F2D2\C7D3D7] Autorouter Failed to route connection between polylinetrace, pin #19 of component #69 and pin #7 of component #65, because the new connection could not be inserted.
2026-09-07 21:50:14.901 INFO   [A7F2D2\C7D3D7] Auto-router pass #10 on board '3c19dd083feb57f7575e550915a7f64d' was completed in 2.52 seconds with the score of 986.09 (3 unrouted), using 979.08 CPU seconds and 16486 MB memory.
2026-09-07 21:50:15.346 DEBUG  InsertFoundConnectionAlgo: insert trace failed for net #29
2026-09-07 21:50:15.348 DEBUG  [A7F2D2\C7D3D7] Autorouter Failed to route connection between pin #4 of component #65 and pin #14 of component #69, because the new connection could not be inserted.
2026-09-07 21:50:15.382 DEBUG  ShapeSearchTree45Degree.complete_shape: cannot convert Simplex to IntOctagon
2026-09-07 21:50:15.692 DEBUG  InsertFoundConnectionAlgo: insert trace failed for net #38
2026-09-07 21:50:15.693 DEBUG  [A7F2D2\C7D3D7] Autorouter Failed to route connection between polylinetrace, via, pin #21 of component #69 and polylinetrace, pin #17 of component #65, because the new connection could not be inserted.
2026-09-07 21:50:15.933 DEBUG  InsertFoundConnectionAlgo: insert trace failed for net #38
2026-09-07 21:50:15.934 DEBUG  [A7F2D2\C7D3D7] Autorouter Failed to route connection between via, polylinetrace, polylinetrace, polylinetrace, pin #17 of component #65 and polylinetrace, via, pin #21 of component #69, because the new connection could not be inserted.
2026-09-07 21:50:16.549 DEBUG  InsertFoundConnectionAlgo: insert trace failed for net #29
2026-09-07 21:50:16.549 DEBUG  [A7F2D2\C7D3D7] Autorouter Failed to route connection between pin #14 of component #69 and pin #4 of component #65, because the new connection could not be inserted.
2026-09-07 21:50:16.603 INFO   [A7F2D2\C7D3D7] Auto-router pass #11 on board 'd4e355ad1387b6b7a276f3080ea194ae' was completed in 1.65 seconds with the score of 983.13 (5 unrouted), using 1022.06 CPU seconds and 16905 MB memory.
2026-09-07 21:50:18.292 DEBUG  InsertFoundConnectionAlgo: insert trace failed for net #32
2026-09-07 21:50:18.293 DEBUG  [A7F2D2\C7D3D7] Autorouter Failed to route connection between polylinetrace, pin #19 of component #69 and pin #7 of component #65, because the new connection could not be inserted.
2026-09-07 21:50:18.856 DEBUG  InsertFoundConnectionAlgo: insert trace failed for net #29
2026-09-07 21:50:18.857 DEBUG  [A7F2D2\C7D3D7] Autorouter Failed to route connection between pin #4 of component #65 and pin #14 of component #69, because the new connection could not be inserted.
2026-09-07 21:50:19.740 DEBUG  InsertFoundConnectionAlgo: insert trace failed for net #29
2026-09-07 21:50:19.748 DEBUG  [A7F2D2\C7D3D7] Autorouter Failed to route connection between pin #14 of component #69 and pin #4 of component #65, because the new connection could not be inserted.
2026-09-07 21:50:20.671 DEBUG  InsertFoundConnectionAlgo: insert trace failed for net #38
2026-09-07 21:50:20.672 DEBUG  [A7F2D2\C7D3D7] Autorouter Failed to route connection between pin #17 of component #65 and polylinetrace, via, pin #21 of component #69, because the new connection could not be inserted.
2026-09-07 21:50:22.608 DEBUG  InsertFoundConnectionAlgo: insert trace failed for net #32
2026-09-07 21:50:22.608 DEBUG  [A7F2D2\C7D3D7] Autorouter Failed to route connection between pin #7 of component #65 and polylinetrace, pin #19 of component #69, because the new connection could not be inserted.
2026-09-07 21:50:24.249 INFO   [A7F2D2\C7D3D7] Restoring an earlier board that has the score of 986.31 (3 unrouted).
2026-09-07 21:50:24.250 INFO   [A7F2D2\C7D3D7] Auto-router pass #12 on board 'c197e5763b27399d8c97d29e35352353' was completed in 7.61 seconds with the score of 986.13 (3 unrouted), using 1400.48 CPU seconds and 20294 MB memory.
2026-09-07 21:50:24.762 DEBUG  InsertFoundConnectionAlgo: insert trace failed for net #35
2026-09-07 21:50:24.763 DEBUG  [A7F2D2\C7D3D7] Autorouter Failed to route connection between pin #18 of component #69 and pin #12 of component #65, because the new connection could not be inserted.
2026-09-07 21:50:25.091 DEBUG  OptViaAlgo.opt_via_location: probably endless loop
2026-09-07 21:50:25.099 DEBUG  OptViaAlgo.opt_via_location: probably endless loop
2026-09-07 21:50:25.757 INFO   [A7F2D2\C7D3D7] Auto-router pass #13 on board 'c183a1b579976722b22ed8c7cb99df13' was completed in 1.48 seconds with the score of 986.12 (3 unrouted), using 1451.95 CPU seconds and 20716 MB memory.
2026-09-07 21:50:27.962 DEBUG  InsertFoundConnectionAlgo: insert trace failed for net #31
2026-09-07 21:50:27.963 DEBUG  [A7F2D2\C7D3D7] Autorouter Failed to route connection between polylinetrace, polylinetrace, via, polylinetrace, polylinetrace, polylinetrace, pin #6 of component #65 and pin #15 of component #69, because the new connection could not be inserted.
2026-09-07 21:50:28.030 INFO   [A7F2D2\C7D3D7] Auto-router pass #14 on board '5ca64504cb70ad33af01509655a4cb08' was completed in 2.21 seconds with the score of 984.54 (4 unrouted), using 1611.89 CPU seconds and 21888 MB memory.
2026-09-07 21:50:28.536 DEBUG  InsertFoundConnectionAlgo: insert trace failed for net #35
2026-09-07 21:50:28.536 DEBUG  [A7F2D2\C7D3D7] Autorouter Failed to route connection between pin #12 of component #65 and pin #18 of component #69, because the new connection could not be inserted.
2026-09-07 21:50:29.713 INFO   [A7F2D2\C7D3D7] Auto-router pass #15 on board '0915cac55b03e7da8d2f23874887767c' was completed in 1.62 seconds with the score of 986.00 (3 unrouted), using 1667.02 CPU seconds and 22260 MB memory.
2026-09-07 21:50:30.048 DEBUG  InsertFoundConnectionAlgo: insert trace failed for net #31
2026-09-07 21:50:30.048 DEBUG  [A7F2D2\C7D3D7] Autorouter Failed to route connection between polylinetrace, polylinetrace, via, polylinetrace, pin #15 of component #69 and polylinetrace, polylinetrace, polylinetrace, via, polylinetrace, polylinetrace, via, polylinetrace, polylinetrace, polylinetrace, pin #6 of component #65, because the new connection could not be inserted.
2026-09-07 21:50:33.919 DEBUG  InsertFoundConnectionAlgo: insert trace failed for net #31
2026-09-07 21:50:33.920 DEBUG  [A7F2D2\C7D3D7] Autorouter Failed to route connection between polylinetrace, polylinetrace, via, polylinetrace, polylinetrace, polylinetrace, pin #6 of component #65 and polylinetrace, polylinetrace, via, polylinetrace, pin #15 of component #69, because the new connection could not be inserted.
2026-09-07 21:50:33.987 INFO   [A7F2D2\C7D3D7] Auto-router pass #16 on board '04810882211d10c00a291ceb05e50bdc' was completed in 4.24 seconds with the score of 987.26 (2 unrouted), using 1956.81 CPU seconds and 24362 MB memory.
2026-09-07 21:50:34.939 DEBUG  InsertFoundConnectionAlgo: insert trace failed for net #29
2026-09-07 21:50:34.940 DEBUG  [A7F2D2\C7D3D7] Autorouter Failed to route connection between pin #14 of component #69 and pin #4 of component #65, because the new connection could not be inserted.
2026-09-07 21:50:35.322 INFO   [A7F2D2\C7D3D7] Auto-router pass #17 on board '7f7eeafe40fec83aecc889d45dbfb11f' was completed in 1.28 seconds with the score of 988.85 (1 unrouted), using 2017.62 CPU seconds and 24760 MB memory.
2026-09-07 21:50:35.711 DEBUG  InsertFoundConnectionAlgo: insert trace failed for net #32
2026-09-07 21:50:35.712 DEBUG  [A7F2D2\C7D3D7] Autorouter Failed to route connection between polylinetrace, pin #19 of component #69 and polylinetrace, polylinetrace, via, polylinetrace, pin #7 of component #65, because the new connection could not be inserted.
2026-09-07 21:50:36.457 DEBUG  OptViaAlgo.opt_via_location: probably endless loop
2026-09-07 21:50:36.470 DEBUG  OptViaAlgo.opt_via_location: probably endless loop
2026-09-07 21:50:36.494 DEBUG  OptViaAlgo.opt_plane_or_fanout_via: probably endless loop
2026-09-07 21:50:36.506 DEBUG  OptViaAlgo.opt_plane_or_fanout_via: probably endless loop
2026-09-07 21:50:36.519 DEBUG  OptViaAlgo.opt_plane_or_fanout_via: probably endless loop
2026-09-07 21:50:36.610 INFO   [A7F2D2\C7D3D7] Auto-router pass #18 on board 'a360c1f448d4837dcc8a029c6a8b1bb5' was completed in 1.25 seconds with the score of 988.80 (1 unrouted), using 2079.36 CPU seconds and 25180 MB memory.
2026-09-07 21:50:37.014 DEBUG  InsertFoundConnectionAlgo: insert trace failed for net #32
2026-09-07 21:50:37.014 DEBUG  [A7F2D2\C7D3D7] Autorouter Failed to route connection between polylinetrace, polylinetrace, via, polylinetrace, pin #7 of component #65 and polylinetrace, pin #19 of component #69, because the new connection could not be inserted.
2026-09-07 21:50:37.051 DEBUG  InsertFoundConnectionAlgo: insert trace failed for net #32
2026-09-07 21:50:37.052 DEBUG  [A7F2D2\C7D3D7] Autorouter Failed to route connection between via, polylinetrace, via, polylinetrace, polylinetrace, polylinetrace, pin #19 of component #69 and polylinetrace, polylinetrace, via, polylinetrace, pin #7 of component #65, because the new connection could not be inserted.
2026-09-07 21:50:37.113 INFO   [A7F2D2\C7D3D7] Auto-router pass #19 on board 'f678739ff9608f78937a0164e2c6adcc' was completed in 0.46 seconds with the score of 986.15 (3 unrouted), using 2142.02 CPU seconds and 25599 MB memory.
2026-09-07 21:50:38.353 DEBUG  InsertFoundConnectionAlgo: insert trace failed for net #32
2026-09-07 21:50:38.353 DEBUG  [A7F2D2\C7D3D7] Autorouter Failed to route connection between polylinetrace, pin #19 of component #69 and polylinetrace, polylinetrace, via, polylinetrace, pin #7 of component #65, because the new connection could not be inserted.
2026-09-07 21:50:40.205 DEBUG  OptViaAlgo.opt_via_location: probably endless loop
2026-09-07 21:50:40.213 DEBUG  OptViaAlgo.opt_via_location: probably endless loop
2026-09-07 21:50:43.673 INFO   [A7F2D2\C7D3D7] Restoring an earlier board that has the score of 988.85 (1 unrouted).
2026-09-07 21:50:43.674 INFO   [A7F2D2\C7D3D7] Auto-router pass #20 on board '56c3efa42018d0f3b93463545df86727' was completed in 6.51 seconds with the score of 986.03 (3 unrouted), using 2537.89 CPU seconds and 28052 MB memory.
2026-09-07 21:50:44.049 DEBUG  InsertFoundConnectionAlgo: insert trace failed for net #32
2026-09-07 21:50:44.050 DEBUG  [A7F2D2\C7D3D7] Autorouter Failed to route connection between polylinetrace, pin #19 of component #69 and polylinetrace, polylinetrace, via, polylinetrace, pin #7 of component #65, because the new connection could not be inserted.
2026-09-07 21:50:44.342 DEBUG  InsertFoundConnectionAlgo: insert trace failed for net #32
2026-09-07 21:50:44.343 DEBUG  [A7F2D2\C7D3D7] Autorouter Failed to route connection between polylinetrace, polylinetrace, via, polylinetrace, pin #7 of component #65 and polylinetrace, pin #19 of component #69, because the new connection could not be inserted.
2026-09-07 21:50:44.399 INFO   [A7F2D2\C7D3D7] Auto-router pass #21 on board 'a360c1f448d4837dcc8a029c6a8b1bb5' was completed in 0.70 seconds with the score of 988.73 (1 unrouted), using 2607.16 CPU seconds and 28438 MB memory.
2026-09-07 21:50:44.954 DEBUG  InsertFoundConnectionAlgo: insert trace failed for net #32
2026-09-07 21:50:44.954 DEBUG  [A7F2D2\C7D3D7] Autorouter Failed to route connection between polylinetrace, pin #7 of component #65 and polylinetrace, pin #19 of component #69, because the new connection could not be inserted.
2026-09-07 21:50:45.394 DEBUG  InsertFoundConnectionAlgo: insert trace failed for net #32
2026-09-07 21:50:45.395 DEBUG  [A7F2D2\C7D3D7] Autorouter Failed to route connection between polylinetrace, polylinetrace, polylinetrace, polylinetrace, pin #19 of component #69 and polylinetrace, pin #7 of component #65, because the new connection could not be inserted.
2026-09-07 21:50:45.442 INFO   [A7F2D2\C7D3D7] Auto-router pass #22 on board '8d66e2185316ca41f03ddabac3eb65ef' was completed in 0.97 seconds with the score of 987.22 (2 unrouted), using 2677.36 CPU seconds and 28850 MB memory.
2026-09-07 21:50:46.283 DEBUG  InsertFoundConnectionAlgo: insert trace failed for net #32
2026-09-07 21:50:46.284 DEBUG  [A7F2D2\C7D3D7] Autorouter Failed to route connection between polylinetrace, pin #19 of component #69 and polylinetrace, pin #7 of component #65, because the new connection could not be inserted.
2026-09-07 21:50:46.493 DEBUG  ShapeSearchTree45Degree.complete_shape: cannot convert Simplex to IntOctagon
2026-09-07 21:50:46.985 DEBUG  InsertFoundConnectionAlgo: insert trace failed for net #38
2026-09-07 21:50:46.986 DEBUG  [A7F2D2\C7D3D7] Autorouter Failed to route connection between polylinetrace, via, pin #21 of component #69 and pin #17 of component #65, because the new connection could not be inserted.
2026-09-07 21:50:47.795 DEBUG  InsertFoundConnectionAlgo: insert trace failed for net #38
2026-09-07 21:50:47.796 DEBUG  [A7F2D2\C7D3D7] Autorouter Failed to route connection between pin #17 of component #65 and polylinetrace, via, pin #21 of component #69, because the new connection could not be inserted.
2026-09-07 21:50:47.860 INFO   [A7F2D2\C7D3D7] Auto-router pass #23 on board '3f592b684b5e070a9a4ecae474108e27' was completed in 2.37 seconds with the score of 984.53 (4 unrouted), using 2820.41 CPU seconds and 29484 MB memory.
2026-09-07 21:50:53.089 DEBUG  InsertFoundConnectionAlgo: insert trace failed for net #31
2026-09-07 21:50:53.090 DEBUG  [A7F2D2\C7D3D7] Autorouter Failed to route connection between polylinetrace, polylinetrace, via, polylinetrace, polylinetrace, polylinetrace, pin #6 of component #65 and pin #15 of component #69, because the new connection could not be inserted.
2026-09-07 21:50:53.221 INFO   [A7F2D2\C7D3D7] Restoring an earlier board that has the score of 988.85 (1 unrouted).
2026-09-07 21:50:53.222 INFO   [A7F2D2\C7D3D7] Auto-router pass #24 on board '657a26ba760e6080fd7bfcbb27acd231' was completed in 5.30 seconds with the score of 985.95 (3 unrouted), using 3270.89 CPU seconds and 31434 MB memory.
2026-09-07 21:50:53.646 DEBUG  InsertFoundConnectionAlgo: insert trace failed for net #32
2026-09-07 21:50:53.646 DEBUG  [A7F2D2\C7D3D7] Autorouter Failed to route connection between polylinetrace, pin #19 of component #69 and polylinetrace, polylinetrace, via, polylinetrace, pin #7 of component #65, because the new connection could not be inserted.
2026-09-07 21:50:53.996 DEBUG  InsertFoundConnectionAlgo: insert trace failed for net #32
2026-09-07 21:50:53.996 DEBUG  [A7F2D2\C7D3D7] Autorouter Failed to route connection between polylinetrace, polylinetrace, via, polylinetrace, pin #7 of component #65 and polylinetrace, pin #19 of component #69, because the new connection could not be inserted.
2026-09-07 21:50:54.047 INFO   [A7F2D2\C7D3D7] Auto-router pass #25 on board 'a360c1f448d4837dcc8a029c6a8b1bb5' was completed in 0.81 seconds with the score of 988.73 (1 unrouted), using 3270.89 CPU seconds and 31434 MB memory.
2026-09-07 21:50:54.666 DEBUG  InsertFoundConnectionAlgo: insert trace failed for net #32
2026-09-07 21:50:54.668 DEBUG  [A7F2D2\C7D3D7] Autorouter Failed to route connection between polylinetrace, pin #7 of component #65 and polylinetrace, pin #19 of component #69, because the new connection could not be inserted.
2026-09-07 21:50:55.145 DEBUG  InsertFoundConnectionAlgo: insert trace failed for net #32
2026-09-07 21:50:55.145 DEBUG  [A7F2D2\C7D3D7] Autorouter Failed to route connection between polylinetrace, polylinetrace, polylinetrace, polylinetrace, pin #19 of component #69 and polylinetrace, pin #7 of component #65, because the new connection could not be inserted.
2026-09-07 21:50:55.201 INFO   [A7F2D2\C7D3D7] Auto-router pass #26 on board 'dfa3933f1813f5d1bc1e0764d10fbd21' was completed in 1.09 seconds with the score of 987.22 (2 unrouted), using 3428.30 CPU seconds and 32164 MB memory.
2026-09-07 21:50:56.191 INFO   [A7F2D2\C7D3D7] Auto-router pass #27 on board '43a50cc97fd56caa378b18b60edb6754' was completed in 0.93 seconds with the score of 990.08, using 3508.38 CPU seconds and 32491 MB memory.
2026-09-07 21:50:56.335 INFO   [A7F2D2\C7D3D7] Restoring an earlier board that has the score of 990.08.
2026-09-07 21:50:56.336 INFO   [A7F2D2\C7D3D7] Auto-router pass #28 on board '4cea26c979e2df915c66850df7cccdc4' was completed in 0.06 seconds with the score of 990.08, using 3508.38 CPU seconds and 32491 MB memory.
2026-09-07 21:52:27.848 INFO   Freerouting v2.1.0 (build-date: 2025-04-12)
2026-09-07 21:52:35.950 WARN   No default constructor found for field: currentLocale
2026-09-07 21:52:35.952 INFO   Settings were loaded from freerouting.json
2026-09-07 21:52:35.953 DEBUG  Version: 2.1.0,2025-04-12
2026-09-07 21:52:35.954 DEBUG  Command line arguments: '--gui.enabled=false --router.optimizer.enabled=false --router.job_timeout=00:01:00 -da -de design\DroneFC.dsn -do design\DroneFC-pass3.ses'
2026-09-07 21:52:35.955 DEBUG  Architecture: Windows 11,amd64,10.0
2026-09-07 21:52:35.956 DEBUG  Java: 21.0.12.1,Eclipse Adoptium
2026-09-07 21:52:35.958 DEBUG  System Language: en,en_US
2026-09-07 21:52:35.958 DEBUG  Hardware: 4 CPU cores,2048 MB RAM
2026-09-07 21:52:35.959 DEBUG  UTC Time: 2026-09-07T18:22:35.952455600Z
2026-09-07 21:52:35.963 DEBUG  GUI Language: en_US
2026-09-07 21:52:35.963 DEBUG  Host: N/A
2026-09-07 21:52:35.965 DEBUG  Analytics are disabled
2026-09-07 21:52:38.037 INFO   [1D05A9\EA6158] Job '1D05A9\EA6158' started at 2026-09-07T18:22:38.037526100Z
2026-09-07 21:52:40.093 DEBUG  InsertFoundConnectionAlgo: insert trace failed for net #32
2026-09-07 21:52:40.095 DEBUG  [1D05A9\EA6158] Autorouter Failed to route connection between polylinetrace, polylinetrace, polylinetrace, polylinetrace, pin #19 of component #69 and pin #7 of component #65, because the new connection could not be inserted.
2026-09-07 21:52:41.193 DEBUG  [1D05A9\EA6158] Autorouter Failed to route connection between via, polylinetrace, polylinetrace, polylinetrace, polylinetrace, polylinetrace, pin #1 of component #16, pin of component #9 and pin #18 of component #65, because no connection was found between their nets.
2026-09-07 21:52:41.508 DEBUG  ShapeSearchTree45Degree.complete_shape: cannot convert Simplex to IntOctagon
2026-09-07 21:52:41.510 DEBUG  ShapeSearchTree45Degree.complete_shape: cannot convert Simplex to IntOctagon
2026-09-07 21:52:41.738 DEBUG  [1D05A9\EA6158] Autorouter Failed to route connection between pin #14 of component #69 and pin #4 of component #65, because no connection was found between their nets.
2026-09-07 21:52:42.351 DEBUG  [1D05A9\EA6158] Autorouter Failed to route connection between pin #4 of component #65 and pin #14 of component #69, because no connection was found between their nets.
2026-09-07 21:52:42.538 DEBUG  [1D05A9\EA6158] Autorouter Failed to route connection between pin #18 of component #65 and via, polylinetrace, polylinetrace, polylinetrace, polylinetrace, polylinetrace, pin #1 of component #16, pin of component #9, because the maze search algorithm could not be created.
2026-09-07 21:52:43.016 DEBUG  [1D05A9\EA6158] Autorouter Failed to route connection between polylinetrace, polylinetrace, polylinetrace, polylinetrace, via, pin #7 of component #65 and polylinetrace, polylinetrace, polylinetrace, polylinetrace, pin #19 of component #69, because no connection was found between their nets.
2026-09-07 21:52:43.616 INFO   [1D05A9\EA6158] Auto-router pass #1 on board '0c18392b847b47e8ca527a8db5e89773' was completed in 5.22 seconds with the score of 983.09 (5 unrouted), using 13.53 CPU seconds and 1364 MB memory.
2026-09-07 21:52:43.844 DEBUG  [1D05A9\EA6158] Autorouter Failed to route connection between pin #14 of component #69 and pin #4 of component #65, because the maze search algorithm could not be created.
2026-09-07 21:52:43.927 DEBUG  [1D05A9\EA6158] Autorouter Failed to route connection between polylinetrace, polylinetrace, pin #7 of component #65 and polylinetrace, pin #19 of component #69, because the maze search algorithm could not be created.
2026-09-07 21:52:43.986 DEBUG  [1D05A9\EA6158] Autorouter Failed to route connection between polylinetrace, pin #19 of component #69 and polylinetrace, polylinetrace, pin #7 of component #65, because no connection was found between their nets.
2026-09-07 21:52:44.035 DEBUG  [1D05A9\EA6158] Autorouter Failed to route connection between via, polylinetrace, polylinetrace, polylinetrace, pin #1 of component #16, pin of component #9 and pin #18 of component #65, because the maze search algorithm could not be created.
2026-09-07 21:52:44.121 DEBUG  [1D05A9\EA6158] Autorouter Failed to route connection between pin #4 of component #65 and pin #14 of component #69, because the maze search algorithm could not be created.
2026-09-07 21:52:44.161 DEBUG  [1D05A9\EA6158] Autorouter Failed to route connection between pin #18 of component #65 and via, polylinetrace, polylinetrace, polylinetrace, pin #1 of component #16, pin of component #9, because the maze search algorithm could not be created.
2026-09-07 21:52:44.218 INFO   [1D05A9\EA6158] Auto-router pass #2 on board 'ff67c4db3b41ded28356024764cb1745' was completed in 0.52 seconds with the score of 986.08 (3 unrouted), using 18.95 CPU seconds and 1750 MB memory.
2026-09-07 21:52:44.345 DEBUG  [1D05A9\EA6158] Autorouter Failed to route connection between pin #18 of component #65 and via, polylinetrace, polylinetrace, polylinetrace, pin #1 of component #16, pin of component #9, because the maze search algorithm could not be created.
2026-09-07 21:52:44.387 DEBUG  [1D05A9\EA6158] Autorouter Failed to route connection between pin #4 of component #65 and pin #14 of component #69, because the maze search algorithm could not be created.
2026-09-07 21:52:44.428 DEBUG  [1D05A9\EA6158] Autorouter Failed to route connection between polylinetrace, pin #19 of component #69 and pin #7 of component #65, because the maze search algorithm could not be created.
2026-09-07 21:52:44.469 DEBUG  [1D05A9\EA6158] Autorouter Failed to route connection between pin #7 of component #65 and polylinetrace, pin #19 of component #69, because the maze search algorithm could not be created.
2026-09-07 21:52:44.504 DEBUG  [1D05A9\EA6158] Autorouter Failed to route connection between pin #14 of component #69 and pin #4 of component #65, because the maze search algorithm could not be created.
2026-09-07 21:52:44.548 DEBUG  [1D05A9\EA6158] Autorouter Failed to route connection between via, polylinetrace, polylinetrace, polylinetrace, pin #1 of component #16, pin of component #9 and pin #18 of component #65, because the maze search algorithm could not be created.
2026-09-07 21:52:44.611 INFO   [1D05A9\EA6158] Auto-router pass #3 on board '4685d7e2ba0295c92e9888dfae1ee9b4' was completed in 0.31 seconds with the score of 986.08 (3 unrouted), using 18.95 CPU seconds and 1750 MB memory.
2026-09-07 21:52:47.269 DEBUG  InsertFoundConnectionAlgo: insert trace failed for net #32
2026-09-07 21:52:47.269 DEBUG  [1D05A9\EA6158] Autorouter Failed to route connection between polylinetrace, pin #19 of component #69 and pin #7 of component #65, because the new connection could not be inserted.
2026-09-07 21:52:47.767 DEBUG  InsertFoundConnectionAlgo: insert trace failed for net #32
2026-09-07 21:52:47.767 DEBUG  [1D05A9\EA6158] Autorouter Failed to route connection between polylinetrace, via, polylinetrace, polylinetrace, pin #7 of component #65 and polylinetrace, pin #19 of component #69, because the new connection could not be inserted.
2026-09-07 21:52:49.159 DEBUG  [1D05A9\EA6158] Autorouter Failed to route connection between pin #18 of component #65 and via, polylinetrace, polylinetrace, polylinetrace, pin #1 of component #16, pin of component #9, because no connection was found between their nets.
2026-09-07 21:52:51.484 DEBUG  [1D05A9\EA6158] Autorouter Failed to route connection between via, polylinetrace, polylinetrace, polylinetrace, pin #1 of component #16, pin of component #9 and pin #18 of component #65, because no connection was found between their nets.
2026-09-07 21:52:51.560 INFO   [1D05A9\EA6158] Auto-router pass #4 on board '4685d7e2ba0295c92e9888dfae1ee9b4' was completed in 6.93 seconds with the score of 987.55 (2 unrouted), using 82.58 CPU seconds and 3965 MB memory.
2026-09-07 21:52:51.685 DEBUG  [1D05A9\EA6158] Autorouter Failed to route connection between via, polylinetrace, polylinetrace, polylinetrace, pin #1 of component #16, pin of component #9 and pin #18 of component #65, because the maze search algorithm could not be created.
2026-09-07 21:52:51.733 DEBUG  [1D05A9\EA6158] Autorouter Failed to route connection between polylinetrace, pin #19 of component #69 and pin #7 of component #65, because the maze search algorithm could not be created.
2026-09-07 21:52:51.776 DEBUG  [1D05A9\EA6158] Autorouter Failed to route connection between pin #7 of component #65 and polylinetrace, pin #19 of component #69, because the maze search algorithm could not be created.
2026-09-07 21:52:51.817 DEBUG  [1D05A9\EA6158] Autorouter Failed to route connection between pin #18 of component #65 and via, polylinetrace, polylinetrace, polylinetrace, pin #1 of component #16, pin of component #9, because the maze search algorithm could not be created.
2026-09-07 21:52:51.859 INFO   [1D05A9\EA6158] Auto-router pass #5 on board '376627ef6543b3d02b7c900e85ae5ac6' was completed in 0.22 seconds with the score of 987.55 (2 unrouted), using 82.58 CPU seconds and 3965 MB memory.
2026-09-07 21:52:51.929 DEBUG  [1D05A9\EA6158] Autorouter Failed to route connection between polylinetrace, pin #19 of component #69 and pin #7 of component #65, because the maze search algorithm could not be created.
2026-09-07 21:52:51.967 DEBUG  [1D05A9\EA6158] Autorouter Failed to route connection between via, polylinetrace, polylinetrace, polylinetrace, pin #1 of component #16, pin of component #9 and pin #18 of component #65, because the maze search algorithm could not be created.
2026-09-07 21:52:52.000 DEBUG  [1D05A9\EA6158] Autorouter Failed to route connection between pin #7 of component #65 and polylinetrace, pin #19 of component #69, because the maze search algorithm could not be created.
2026-09-07 21:52:52.052 DEBUG  [1D05A9\EA6158] Autorouter Failed to route connection between pin #18 of component #65 and via, polylinetrace, polylinetrace, polylinetrace, pin #1 of component #16, pin of component #9, because the maze search algorithm could not be created.
2026-09-07 21:52:52.091 INFO   [1D05A9\EA6158] Auto-router pass #6 on board '376627ef6543b3d02b7c900e85ae5ac6' was completed in 0.20 seconds with the score of 987.55 (2 unrouted), using 82.58 CPU seconds and 3965 MB memory.
2026-09-07 21:52:52.150 DEBUG  [1D05A9\EA6158] Autorouter Failed to route connection between polylinetrace, pin #19 of component #69 and pin #7 of component #65, because the maze search algorithm could not be created.
2026-09-07 21:52:52.187 DEBUG  [1D05A9\EA6158] Autorouter Failed to route connection between pin #7 of component #65 and polylinetrace, pin #19 of component #69, because the maze search algorithm could not be created.
2026-09-07 21:52:52.229 DEBUG  [1D05A9\EA6158] Autorouter Failed to route connection between pin #18 of component #65 and via, polylinetrace, polylinetrace, polylinetrace, pin #1 of component #16, pin of component #9, because the maze search algorithm could not be created.
2026-09-07 21:52:52.268 DEBUG  [1D05A9\EA6158] Autorouter Failed to route connection between via, polylinetrace, polylinetrace, polylinetrace, pin #1 of component #16, pin of component #9 and pin #18 of component #65, because the maze search algorithm could not be created.
2026-09-07 21:52:52.313 INFO   [1D05A9\EA6158] Auto-router pass #7 on board '376627ef6543b3d02b7c900e85ae5ac6' was completed in 0.20 seconds with the score of 987.55 (2 unrouted), using 95.27 CPU seconds and 4381 MB memory.
2026-09-07 21:52:52.398 DEBUG  [1D05A9\EA6158] Autorouter Failed to route connection between polylinetrace, pin #19 of component #69 and pin #7 of component #65, because no connection was found between their nets.
2026-09-07 21:52:52.435 DEBUG  [1D05A9\EA6158] Autorouter Failed to route connection between pin #18 of component #65 and via, polylinetrace, polylinetrace, polylinetrace, pin #1 of component #16, pin of component #9, because the maze search algorithm could not be created.
2026-09-07 21:52:52.479 DEBUG  [1D05A9\EA6158] Autorouter Failed to route connection between via, polylinetrace, polylinetrace, polylinetrace, pin #1 of component #16, pin of component #9 and pin #18 of component #65, because the maze search algorithm could not be created.
2026-09-07 21:52:52.536 DEBUG  [1D05A9\EA6158] Autorouter Failed to route connection between pin #7 of component #65 and polylinetrace, pin #19 of component #69, because no connection was found between their nets.
2026-09-07 21:52:52.590 INFO   [1D05A9\EA6158] Auto-router pass #8 on board '376627ef6543b3d02b7c900e85ae5ac6' was completed in 0.25 seconds with the score of 987.55 (2 unrouted), using 95.27 CPU seconds and 4381 MB memory.
2026-09-07 21:52:52.651 DEBUG  [1D05A9\EA6158] Autorouter Failed to route connection between polylinetrace, pin #19 of component #69 and pin #7 of component #65, because the maze search algorithm could not be created.
2026-09-07 21:52:52.692 DEBUG  [1D05A9\EA6158] Autorouter Failed to route connection between pin #18 of component #65 and via, polylinetrace, polylinetrace, polylinetrace, pin #1 of component #16, pin of component #9, because the maze search algorithm could not be created.
2026-09-07 21:52:52.742 DEBUG  [1D05A9\EA6158] Autorouter Failed to route connection between pin #7 of component #65 and polylinetrace, pin #19 of component #69, because the maze search algorithm could not be created.
2026-09-07 21:52:52.779 DEBUG  [1D05A9\EA6158] Autorouter Failed to route connection between via, polylinetrace, polylinetrace, polylinetrace, pin #1 of component #16, pin of component #9 and pin #18 of component #65, because the maze search algorithm could not be created.
2026-09-07 21:52:52.834 INFO   [1D05A9\EA6158] Auto-router pass #9 on board '376627ef6543b3d02b7c900e85ae5ac6' was completed in 0.23 seconds with the score of 987.55 (2 unrouted), using 95.27 CPU seconds and 4381 MB memory.
2026-09-07 21:52:52.884 DEBUG  [1D05A9\EA6158] Autorouter Failed to route connection between polylinetrace, pin #19 of component #69 and pin #7 of component #65, because the maze search algorithm could not be created.
2026-09-07 21:52:52.924 DEBUG  [1D05A9\EA6158] Autorouter Failed to route connection between pin #7 of component #65 and polylinetrace, pin #19 of component #69, because the maze search algorithm could not be created.
2026-09-07 21:52:52.968 DEBUG  [1D05A9\EA6158] Autorouter Failed to route connection between via, polylinetrace, polylinetrace, polylinetrace, pin #1 of component #16, pin of component #9 and pin #18 of component #65, because the maze search algorithm could not be created.
2026-09-07 21:52:53.003 DEBUG  [1D05A9\EA6158] Autorouter Failed to route connection between pin #18 of component #65 and via, polylinetrace, polylinetrace, polylinetrace, pin #1 of component #16, pin of component #9, because the maze search algorithm could not be created.
2026-09-07 21:52:53.053 INFO   [1D05A9\EA6158] Auto-router pass #10 on board '376627ef6543b3d02b7c900e85ae5ac6' was completed in 0.20 seconds with the score of 987.55 (2 unrouted), using 95.27 CPU seconds and 4381 MB memory.
2026-09-07 21:52:53.142 DEBUG  [1D05A9\EA6158] Autorouter Failed to route connection between via, polylinetrace, polylinetrace, polylinetrace, pin #1 of component #16, pin of component #9 and pin #18 of component #65, because the maze search algorithm could not be created.
2026-09-07 21:52:53.193 DEBUG  [1D05A9\EA6158] Autorouter Failed to route connection between pin #18 of component #65 and via, polylinetrace, polylinetrace, polylinetrace, pin #1 of component #16, pin of component #9, because the maze search algorithm could not be created.
2026-09-07 21:52:53.226 DEBUG  [1D05A9\EA6158] Autorouter Failed to route connection between polylinetrace, pin #19 of component #69 and pin #7 of component #65, because the maze search algorithm could not be created.
2026-09-07 21:52:53.259 DEBUG  [1D05A9\EA6158] Autorouter Failed to route connection between pin #7 of component #65 and polylinetrace, pin #19 of component #69, because the maze search algorithm could not be created.
2026-09-07 21:52:53.308 INFO   [1D05A9\EA6158] Auto-router pass #11 on board '376627ef6543b3d02b7c900e85ae5ac6' was completed in 0.23 seconds with the score of 987.55 (2 unrouted), using 108.86 CPU seconds and 4841 MB memory.
2026-09-07 21:52:53.362 DEBUG  [1D05A9\EA6158] Autorouter Failed to route connection between via, polylinetrace, polylinetrace, polylinetrace, pin #1 of component #16, pin of component #9 and pin #18 of component #65, because the maze search algorithm could not be created.
2026-09-07 21:52:53.402 DEBUG  [1D05A9\EA6158] Autorouter Failed to route connection between polylinetrace, pin #19 of component #69 and pin #7 of component #65, because the maze search algorithm could not be created.
2026-09-07 21:52:53.462 DEBUG  [1D05A9\EA6158] Autorouter Failed to route connection between pin #18 of component #65 and via, polylinetrace, polylinetrace, polylinetrace, pin #1 of component #16, pin of component #9, because the maze search algorithm could not be created.
2026-09-07 21:52:53.500 DEBUG  [1D05A9\EA6158] Autorouter Failed to route connection between pin #7 of component #65 and polylinetrace, pin #19 of component #69, because the maze search algorithm could not be created.
2026-09-07 21:52:53.538 INFO   [1D05A9\EA6158] Auto-router pass #12 on board '376627ef6543b3d02b7c900e85ae5ac6' was completed in 0.22 seconds with the score of 987.55 (2 unrouted), using 108.86 CPU seconds and 4841 MB memory.
2026-09-07 21:52:53.592 DEBUG  [1D05A9\EA6158] Autorouter Failed to route connection between pin #18 of component #65 and via, polylinetrace, polylinetrace, polylinetrace, pin #1 of component #16, pin of component #9, because the maze search algorithm could not be created.
2026-09-07 21:52:53.636 DEBUG  [1D05A9\EA6158] Autorouter Failed to route connection between polylinetrace, pin #19 of component #69 and pin #7 of component #65, because the maze search algorithm could not be created.
2026-09-07 21:52:53.676 DEBUG  [1D05A9\EA6158] Autorouter Failed to route connection between pin #7 of component #65 and polylinetrace, pin #19 of component #69, because the maze search algorithm could not be created.
2026-09-07 21:52:53.710 DEBUG  [1D05A9\EA6158] Autorouter Failed to route connection between via, polylinetrace, polylinetrace, polylinetrace, pin #1 of component #16, pin of component #9 and pin #18 of component #65, because the maze search algorithm could not be created.
2026-09-07 21:52:53.771 INFO   [1D05A9\EA6158] Auto-router pass #13 on board '376627ef6543b3d02b7c900e85ae5ac6' was completed in 0.22 seconds with the score of 987.55 (2 unrouted), using 108.86 CPU seconds and 4841 MB memory.
2026-09-07 21:52:53.834 DEBUG  [1D05A9\EA6158] Autorouter Failed to route connection between via, polylinetrace, polylinetrace, polylinetrace, pin #1 of component #16, pin of component #9 and pin #18 of component #65, because the maze search algorithm could not be created.
2026-09-07 21:52:53.870 DEBUG  [1D05A9\EA6158] Autorouter Failed to route connection between pin #7 of component #65 and polylinetrace, pin #19 of component #69, because the maze search algorithm could not be created.
2026-09-07 21:52:53.908 DEBUG  [1D05A9\EA6158] Autorouter Failed to route connection between polylinetrace, pin #19 of component #69 and pin #7 of component #65, because the maze search algorithm could not be created.
2026-09-07 21:52:53.945 DEBUG  [1D05A9\EA6158] Autorouter Failed to route connection between pin #18 of component #65 and via, polylinetrace, polylinetrace, polylinetrace, pin #1 of component #16, pin of component #9, because the maze search algorithm could not be created.
2026-09-07 21:52:53.991 INFO   [1D05A9\EA6158] Auto-router pass #14 on board '376627ef6543b3d02b7c900e85ae5ac6' was completed in 0.20 seconds with the score of 987.55 (2 unrouted), using 108.86 CPU seconds and 4841 MB memory.
2026-09-07 21:52:54.043 DEBUG  [1D05A9\EA6158] Autorouter Failed to route connection between via, polylinetrace, polylinetrace, polylinetrace, pin #1 of component #16, pin of component #9 and pin #18 of component #65, because the maze search algorithm could not be created.
2026-09-07 21:52:54.088 DEBUG  [1D05A9\EA6158] Autorouter Failed to route connection between pin #7 of component #65 and polylinetrace, pin #19 of component #69, because the maze search algorithm could not be created.
2026-09-07 21:52:54.126 DEBUG  [1D05A9\EA6158] Autorouter Failed to route connection between polylinetrace, pin #19 of component #69 and pin #7 of component #65, because the maze search algorithm could not be created.
2026-09-07 21:52:54.159 DEBUG  [1D05A9\EA6158] Autorouter Failed to route connection between pin #18 of component #65 and via, polylinetrace, polylinetrace, polylinetrace, pin #1 of component #16, pin of component #9, because the maze search algorithm could not be created.
2026-09-07 21:52:54.201 INFO   [1D05A9\EA6158] Auto-router pass #15 on board '376627ef6543b3d02b7c900e85ae5ac6' was completed in 0.20 seconds with the score of 987.55 (2 unrouted), using 123.39 CPU seconds and 5309 MB memory.
2026-09-07 21:52:54.258 DEBUG  [1D05A9\EA6158] Autorouter Failed to route connection between via, polylinetrace, polylinetrace, polylinetrace, pin #1 of component #16, pin of component #9 and pin #18 of component #65, because the maze search algorithm could not be created.
2026-09-07 21:52:54.294 DEBUG  [1D05A9\EA6158] Autorouter Failed to route connection between pin #18 of component #65 and via, polylinetrace, polylinetrace, polylinetrace, pin #1 of component #16, pin of component #9, because the maze search algorithm could not be created.
2026-09-07 21:52:54.335 DEBUG  [1D05A9\EA6158] Autorouter Failed to route connection between polylinetrace, pin #19 of component #69 and pin #7 of component #65, because the maze search algorithm could not be created.
2026-09-07 21:52:54.376 DEBUG  [1D05A9\EA6158] Autorouter Failed to route connection between pin #7 of component #65 and polylinetrace, pin #19 of component #69, because the maze search algorithm could not be created.
2026-09-07 21:52:54.415 INFO   [1D05A9\EA6158] Auto-router pass #16 on board '376627ef6543b3d02b7c900e85ae5ac6' was completed in 0.19 seconds with the score of 987.55 (2 unrouted), using 123.39 CPU seconds and 5309 MB memory.
2026-09-07 21:52:54.477 DEBUG  [1D05A9\EA6158] Autorouter Failed to route connection between pin #18 of component #65 and via, polylinetrace, polylinetrace, polylinetrace, pin #1 of component #16, pin of component #9, because the maze search algorithm could not be created.
2026-09-07 21:52:54.518 DEBUG  [1D05A9\EA6158] Autorouter Failed to route connection between via, polylinetrace, polylinetrace, polylinetrace, pin #1 of component #16, pin of component #9 and pin #18 of component #65, because the maze search algorithm could not be created.
2026-09-07 21:52:54.549 DEBUG  [1D05A9\EA6158] Autorouter Failed to route connection between polylinetrace, pin #19 of component #69 and pin #7 of component #65, because the maze search algorithm could not be created.
2026-09-07 21:52:54.584 DEBUG  [1D05A9\EA6158] Autorouter Failed to route connection between pin #7 of component #65 and polylinetrace, pin #19 of component #69, because the maze search algorithm could not be created.
2026-09-07 21:52:54.626 INFO   [1D05A9\EA6158] Auto-router pass #17 on board '376627ef6543b3d02b7c900e85ae5ac6' was completed in 0.20 seconds with the score of 987.55 (2 unrouted), using 123.39 CPU seconds and 5309 MB memory.
2026-09-07 21:52:54.693 DEBUG  [1D05A9\EA6158] Autorouter Failed to route connection between pin #18 of component #65 and via, polylinetrace, polylinetrace, polylinetrace, pin #1 of component #16, pin of component #9, because the maze search algorithm could not be created.
2026-09-07 21:52:54.725 DEBUG  [1D05A9\EA6158] Autorouter Failed to route connection between polylinetrace, pin #19 of component #69 and pin #7 of component #65, because the maze search algorithm could not be created.
2026-09-07 21:52:54.752 DEBUG  [1D05A9\EA6158] Autorouter Failed to route connection between pin #7 of component #65 and polylinetrace, pin #19 of component #69, because the maze search algorithm could not be created.
2026-09-07 21:52:54.785 DEBUG  [1D05A9\EA6158] Autorouter Failed to route connection between via, polylinetrace, polylinetrace, polylinetrace, pin #1 of component #16, pin of component #9 and pin #18 of component #65, because the maze search algorithm could not be created.
2026-09-07 21:52:54.828 INFO   [1D05A9\EA6158] Auto-router pass #18 on board '376627ef6543b3d02b7c900e85ae5ac6' was completed in 0.18 seconds with the score of 987.55 (2 unrouted), using 123.39 CPU seconds and 5309 MB memory.
2026-09-07 21:52:54.875 DEBUG  [1D05A9\EA6158] Autorouter Failed to route connection between polylinetrace, pin #19 of component #69 and pin #7 of component #65, because the maze search algorithm could not be created.
2026-09-07 21:52:54.909 DEBUG  [1D05A9\EA6158] Autorouter Failed to route connection between via, polylinetrace, polylinetrace, polylinetrace, pin #1 of component #16, pin of component #9 and pin #18 of component #65, because the maze search algorithm could not be created.
2026-09-07 21:52:54.947 DEBUG  [1D05A9\EA6158] Autorouter Failed to route connection between pin #18 of component #65 and via, polylinetrace, polylinetrace, polylinetrace, pin #1 of component #16, pin of component #9, because the maze search algorithm could not be created.
2026-09-07 21:52:54.986 DEBUG  [1D05A9\EA6158] Autorouter Failed to route connection between pin #7 of component #65 and polylinetrace, pin #19 of component #69, because the maze search algorithm could not be created.
2026-09-07 21:52:55.029 INFO   [1D05A9\EA6158] Auto-router pass #19 on board '376627ef6543b3d02b7c900e85ae5ac6' was completed in 0.18 seconds with the score of 987.55 (2 unrouted), using 123.39 CPU seconds and 5309 MB memory.
2026-09-07 21:52:55.093 DEBUG  [1D05A9\EA6158] Autorouter Failed to route connection between polylinetrace, pin #19 of component #69 and pin #7 of component #65, because the maze search algorithm could not be created.
2026-09-07 21:52:55.129 DEBUG  [1D05A9\EA6158] Autorouter Failed to route connection between via, polylinetrace, polylinetrace, polylinetrace, pin #1 of component #16, pin of component #9 and pin #18 of component #65, because the maze search algorithm could not be created.
2026-09-07 21:52:55.166 DEBUG  [1D05A9\EA6158] Autorouter Failed to route connection between pin #18 of component #65 and via, polylinetrace, polylinetrace, polylinetrace, pin #1 of component #16, pin of component #9, because the maze search algorithm could not be created.
2026-09-07 21:52:55.199 DEBUG  [1D05A9\EA6158] Autorouter Failed to route connection between pin #7 of component #65 and polylinetrace, pin #19 of component #69, because the maze search algorithm could not be created.
2026-09-07 21:52:55.246 INFO   [1D05A9\EA6158] Auto-router pass #20 on board '376627ef6543b3d02b7c900e85ae5ac6' was completed in 0.20 seconds with the score of 987.55 (2 unrouted), using 138.91 CPU seconds and 5825 MB memory.
2026-09-07 21:52:55.308 DEBUG  [1D05A9\EA6158] Autorouter Failed to route connection between polylinetrace, pin #19 of component #69 and pin #7 of component #65, because the maze search algorithm could not be created.
2026-09-07 21:52:55.342 DEBUG  [1D05A9\EA6158] Autorouter Failed to route connection between pin #7 of component #65 and polylinetrace, pin #19 of component #69, because the maze search algorithm could not be created.
2026-09-07 21:52:55.378 DEBUG  [1D05A9\EA6158] Autorouter Failed to route connection between pin #18 of component #65 and via, polylinetrace, polylinetrace, polylinetrace, pin #1 of component #16, pin of component #9, because the maze search algorithm could not be created.
2026-09-07 21:52:55.409 DEBUG  [1D05A9\EA6158] Autorouter Failed to route connection between via, polylinetrace, polylinetrace, polylinetrace, pin #1 of component #16, pin of component #9 and pin #18 of component #65, because the maze search algorithm could not be created.
2026-09-07 21:52:55.467 INFO   [1D05A9\EA6158] Auto-router pass #21 on board '376627ef6543b3d02b7c900e85ae5ac6' was completed in 0.21 seconds with the score of 987.55 (2 unrouted), using 138.91 CPU seconds and 5825 MB memory.
2026-09-07 21:52:55.527 DEBUG  [1D05A9\EA6158] Autorouter Failed to route connection between pin #18 of component #65 and via, polylinetrace, polylinetrace, polylinetrace, pin #1 of component #16, pin of component #9, because the maze search algorithm could not be created.
2026-09-07 21:52:55.561 DEBUG  [1D05A9\EA6158] Autorouter Failed to route connection between via, polylinetrace, polylinetrace, polylinetrace, pin #1 of component #16, pin of component #9 and pin #18 of component #65, because the maze search algorithm could not be created.
2026-09-07 21:52:55.593 DEBUG  [1D05A9\EA6158] Autorouter Failed to route connection between pin #7 of component #65 and polylinetrace, pin #19 of component #69, because the maze search algorithm could not be created.
2026-09-07 21:52:55.625 DEBUG  [1D05A9\EA6158] Autorouter Failed to route connection between polylinetrace, pin #19 of component #69 and pin #7 of component #65, because the maze search algorithm could not be created.
2026-09-07 21:52:55.674 INFO   [1D05A9\EA6158] Auto-router pass #22 on board '376627ef6543b3d02b7c900e85ae5ac6' was completed in 0.18 seconds with the score of 987.55 (2 unrouted), using 138.91 CPU seconds and 5825 MB memory.
2026-09-07 21:52:55.725 DEBUG  [1D05A9\EA6158] Autorouter Failed to route connection between pin #18 of component #65 and via, polylinetrace, polylinetrace, polylinetrace, pin #1 of component #16, pin of component #9, because the maze search algorithm could not be created.
2026-09-07 21:52:55.760 DEBUG  [1D05A9\EA6158] Autorouter Failed to route connection between pin #7 of component #65 and polylinetrace, pin #19 of component #69, because the maze search algorithm could not be created.
2026-09-07 21:52:55.808 DEBUG  [1D05A9\EA6158] Autorouter Failed to route connection between polylinetrace, pin #19 of component #69 and pin #7 of component #65, because the maze search algorithm could not be created.
2026-09-07 21:52:55.845 DEBUG  [1D05A9\EA6158] Autorouter Failed to route connection between via, polylinetrace, polylinetrace, polylinetrace, pin #1 of component #16, pin of component #9 and pin #18 of component #65, because the maze search algorithm could not be created.
2026-09-07 21:52:55.896 INFO   [1D05A9\EA6158] Auto-router pass #23 on board '376627ef6543b3d02b7c900e85ae5ac6' was completed in 0.21 seconds with the score of 987.55 (2 unrouted), using 138.91 CPU seconds and 5825 MB memory.
2026-09-07 21:52:55.953 DEBUG  [1D05A9\EA6158] Autorouter Failed to route connection between pin #7 of component #65 and polylinetrace, pin #19 of component #69, because the maze search algorithm could not be created.
2026-09-07 21:52:55.991 DEBUG  [1D05A9\EA6158] Autorouter Failed to route connection between polylinetrace, pin #19 of component #69 and pin #7 of component #65, because the maze search algorithm could not be created.
2026-09-07 21:52:56.026 DEBUG  [1D05A9\EA6158] Autorouter Failed to route connection between pin #18 of component #65 and via, polylinetrace, polylinetrace, polylinetrace, pin #1 of component #16, pin of component #9, because the maze search algorithm could not be created.
2026-09-07 21:52:56.059 DEBUG  [1D05A9\EA6158] Autorouter Failed to route connection between via, polylinetrace, polylinetrace, polylinetrace, pin #1 of component #16, pin of component #9 and pin #18 of component #65, because the maze search algorithm could not be created.
2026-09-07 21:52:56.099 INFO   [1D05A9\EA6158] Auto-router pass #24 on board '376627ef6543b3d02b7c900e85ae5ac6' was completed in 0.19 seconds with the score of 987.55 (2 unrouted), using 138.91 CPU seconds and 5825 MB memory.
2026-09-07 21:52:56.162 DEBUG  [1D05A9\EA6158] Autorouter Failed to route connection between pin #18 of component #65 and via, polylinetrace, polylinetrace, polylinetrace, pin #1 of component #16, pin of component #9, because the maze search algorithm could not be created.
2026-09-07 21:52:56.194 DEBUG  [1D05A9\EA6158] Autorouter Failed to route connection between pin #7 of component #65 and polylinetrace, pin #19 of component #69, because the maze search algorithm could not be created.
2026-09-07 21:52:56.242 DEBUG  [1D05A9\EA6158] Autorouter Failed to route connection between via, polylinetrace, polylinetrace, polylinetrace, pin #1 of component #16, pin of component #9 and pin #18 of component #65, because the maze search algorithm could not be created.
2026-09-07 21:52:56.276 DEBUG  [1D05A9\EA6158] Autorouter Failed to route connection between polylinetrace, pin #19 of component #69 and pin #7 of component #65, because the maze search algorithm could not be created.
2026-09-07 21:52:56.327 INFO   [1D05A9\EA6158] Auto-router pass #25 on board '376627ef6543b3d02b7c900e85ae5ac6' was completed in 0.21 seconds with the score of 987.55 (2 unrouted), using 155.39 CPU seconds and 6321 MB memory.
2026-09-07 21:52:56.382 DEBUG  [1D05A9\EA6158] Autorouter Failed to route connection between pin #18 of component #65 and via, polylinetrace, polylinetrace, polylinetrace, pin #1 of component #16, pin of component #9, because the maze search algorithm could not be created.
2026-09-07 21:52:56.416 DEBUG  [1D05A9\EA6158] Autorouter Failed to route connection between polylinetrace, pin #19 of component #69 and pin #7 of component #65, because the maze search algorithm could not be created.
2026-09-07 21:52:56.458 DEBUG  [1D05A9\EA6158] Autorouter Failed to route connection between via, polylinetrace, polylinetrace, polylinetrace, pin #1 of component #16, pin of component #9 and pin #18 of component #65, because the maze search algorithm could not be created.
2026-09-07 21:52:56.491 DEBUG  [1D05A9\EA6158] Autorouter Failed to route connection between pin #7 of component #65 and polylinetrace, pin #19 of component #69, because the maze search algorithm could not be created.
2026-09-07 21:52:56.558 INFO   [1D05A9\EA6158] Auto-router pass #26 on board '376627ef6543b3d02b7c900e85ae5ac6' was completed in 0.21 seconds with the score of 987.55 (2 unrouted), using 155.39 CPU seconds and 6321 MB memory.
2026-09-07 21:52:56.608 DEBUG  [1D05A9\EA6158] Autorouter Failed to route connection between polylinetrace, pin #19 of component #69 and pin #7 of component #65, because the maze search algorithm could not be created.
2026-09-07 21:52:56.642 DEBUG  [1D05A9\EA6158] Autorouter Failed to route connection between pin #7 of component #65 and polylinetrace, pin #19 of component #69, because the maze search algorithm could not be created.
2026-09-07 21:52:56.676 DEBUG  [1D05A9\EA6158] Autorouter Failed to route connection between via, polylinetrace, polylinetrace, polylinetrace, pin #1 of component #16, pin of component #9 and pin #18 of component #65, because the maze search algorithm could not be created.
2026-09-07 21:52:56.707 DEBUG  [1D05A9\EA6158] Autorouter Failed to route connection between pin #18 of component #65 and via, polylinetrace, polylinetrace, polylinetrace, pin #1 of component #16, pin of component #9, because the maze search algorithm could not be created.
2026-09-07 21:52:56.749 INFO   [1D05A9\EA6158] Auto-router pass #27 on board '376627ef6543b3d02b7c900e85ae5ac6' was completed in 0.18 seconds with the score of 987.55 (2 unrouted), using 155.39 CPU seconds and 6321 MB memory.
2026-09-07 21:52:56.801 DEBUG  [1D05A9\EA6158] Autorouter Failed to route connection between pin #7 of component #65 and polylinetrace, pin #19 of component #69, because the maze search algorithm could not be created.
2026-09-07 21:52:56.835 DEBUG  [1D05A9\EA6158] Autorouter Failed to route connection between pin #18 of component #65 and via, polylinetrace, polylinetrace, polylinetrace, pin #1 of component #16, pin of component #9, because the maze search algorithm could not be created.
2026-09-07 21:52:56.870 DEBUG  [1D05A9\EA6158] Autorouter Failed to route connection between via, polylinetrace, polylinetrace, polylinetrace, pin #1 of component #16, pin of component #9 and pin #18 of component #65, because the maze search algorithm could not be created.
2026-09-07 21:52:56.900 DEBUG  [1D05A9\EA6158] Autorouter Failed to route connection between polylinetrace, pin #19 of component #69 and pin #7 of component #65, because the maze search algorithm could not be created.
2026-09-07 21:52:56.936 INFO   [1D05A9\EA6158] Auto-router pass #28 on board '376627ef6543b3d02b7c900e85ae5ac6' was completed in 0.17 seconds with the score of 987.55 (2 unrouted), using 155.39 CPU seconds and 6321 MB memory.
2026-09-07 21:52:56.994 DEBUG  [1D05A9\EA6158] Autorouter Failed to route connection between polylinetrace, pin #19 of component #69 and pin #7 of component #65, because the maze search algorithm could not be created.
2026-09-07 21:52:57.025 DEBUG  [1D05A9\EA6158] Autorouter Failed to route connection between via, polylinetrace, polylinetrace, polylinetrace, pin #1 of component #16, pin of component #9 and pin #18 of component #65, because the maze search algorithm could not be created.
2026-09-07 21:52:57.059 DEBUG  [1D05A9\EA6158] Autorouter Failed to route connection between pin #7 of component #65 and polylinetrace, pin #19 of component #69, because the maze search algorithm could not be created.
2026-09-07 21:52:57.091 DEBUG  [1D05A9\EA6158] Autorouter Failed to route connection between pin #18 of component #65 and via, polylinetrace, polylinetrace, polylinetrace, pin #1 of component #16, pin of component #9, because the maze search algorithm could not be created.
2026-09-07 21:52:57.135 INFO   [1D05A9\EA6158] Auto-router pass #29 on board '376627ef6543b3d02b7c900e85ae5ac6' was completed in 0.18 seconds with the score of 987.55 (2 unrouted), using 155.39 CPU seconds and 6321 MB memory.
2026-09-07 21:52:57.183 DEBUG  [1D05A9\EA6158] Autorouter Failed to route connection between pin #7 of component #65 and polylinetrace, pin #19 of component #69, because the maze search algorithm could not be created.
2026-09-07 21:52:57.218 DEBUG  [1D05A9\EA6158] Autorouter Failed to route connection between polylinetrace, pin #19 of component #69 and pin #7 of component #65, because the maze search algorithm could not be created.
2026-09-07 21:52:57.254 DEBUG  [1D05A9\EA6158] Autorouter Failed to route connection between pin #18 of component #65 and via, polylinetrace, polylinetrace, polylinetrace, pin #1 of component #16, pin of component #9, because the maze search algorithm could not be created.
2026-09-07 21:52:57.286 DEBUG  [1D05A9\EA6158] Autorouter Failed to route connection between via, polylinetrace, polylinetrace, polylinetrace, pin #1 of component #16, pin of component #9 and pin #18 of component #65, because the maze search algorithm could not be created.
2026-09-07 21:52:57.329 INFO   [1D05A9\EA6158] Auto-router pass #30 on board '376627ef6543b3d02b7c900e85ae5ac6' was completed in 0.18 seconds with the score of 987.55 (2 unrouted), using 172.86 CPU seconds and 6846 MB memory.
2026-09-07 21:52:57.408 DEBUG  [1D05A9\EA6158] Autorouter Failed to route connection between pin #7 of component #65 and polylinetrace, pin #19 of component #69, because the maze search algorithm could not be created.
2026-09-07 21:52:57.442 DEBUG  [1D05A9\EA6158] Autorouter Failed to route connection between polylinetrace, pin #19 of component #69 and pin #7 of component #65, because the maze search algorithm could not be created.
2026-09-07 21:52:57.483 DEBUG  [1D05A9\EA6158] Autorouter Failed to route connection between pin #18 of component #65 and via, polylinetrace, polylinetrace, polylinetrace, pin #1 of component #16, pin of component #9, because the maze search algorithm could not be created.
2026-09-07 21:52:57.516 DEBUG  [1D05A9\EA6158] Autorouter Failed to route connection between via, polylinetrace, polylinetrace, polylinetrace, pin #1 of component #16, pin of component #9 and pin #18 of component #65, because the maze search algorithm could not be created.
2026-09-07 21:52:57.559 INFO   [1D05A9\EA6158] Auto-router pass #31 on board '376627ef6543b3d02b7c900e85ae5ac6' was completed in 0.20 seconds with the score of 987.55 (2 unrouted), using 172.86 CPU seconds and 6846 MB memory.
2026-09-07 21:52:57.609 DEBUG  [1D05A9\EA6158] Autorouter Failed to route connection between pin #7 of component #65 and polylinetrace, pin #19 of component #69, because the maze search algorithm could not be created.
2026-09-07 21:52:57.643 DEBUG  [1D05A9\EA6158] Autorouter Failed to route connection between polylinetrace, pin #19 of component #69 and pin #7 of component #65, because the maze search algorithm could not be created.
2026-09-07 21:52:57.675 DEBUG  [1D05A9\EA6158] Autorouter Failed to route connection between via, polylinetrace, polylinetrace, polylinetrace, pin #1 of component #16, pin of component #9 and pin #18 of component #65, because the maze search algorithm could not be created.
2026-09-07 21:52:57.709 DEBUG  [1D05A9\EA6158] Autorouter Failed to route connection between pin #18 of component #65 and via, polylinetrace, polylinetrace, polylinetrace, pin #1 of component #16, pin of component #9, because the maze search algorithm could not be created.
2026-09-07 21:52:57.752 INFO   [1D05A9\EA6158] Auto-router pass #32 on board '376627ef6543b3d02b7c900e85ae5ac6' was completed in 0.18 seconds with the score of 987.55 (2 unrouted), using 172.86 CPU seconds and 6846 MB memory.
2026-09-07 21:52:57.801 DEBUG  [1D05A9\EA6158] Autorouter Failed to route connection between polylinetrace, pin #19 of component #69 and pin #7 of component #65, because the maze search algorithm could not be created.
2026-09-07 21:52:57.832 DEBUG  [1D05A9\EA6158] Autorouter Failed to route connection between pin #18 of component #65 and via, polylinetrace, polylinetrace, polylinetrace, pin #1 of component #16, pin of component #9, because the maze search algorithm could not be created.
2026-09-07 21:52:57.867 DEBUG  [1D05A9\EA6158] Autorouter Failed to route connection between pin #7 of component #65 and polylinetrace, pin #19 of component #69, because the maze search algorithm could not be created.
2026-09-07 21:52:57.900 DEBUG  [1D05A9\EA6158] Autorouter Failed to route connection between via, polylinetrace, polylinetrace, polylinetrace, pin #1 of component #16, pin of component #9 and pin #18 of component #65, because the maze search algorithm could not be created.
2026-09-07 21:52:57.946 INFO   [1D05A9\EA6158] Auto-router pass #33 on board '376627ef6543b3d02b7c900e85ae5ac6' was completed in 0.18 seconds with the score of 987.55 (2 unrouted), using 172.86 CPU seconds and 6846 MB memory.
2026-09-07 21:52:58.000 DEBUG  [1D05A9\EA6158] Autorouter Failed to route connection between pin #18 of component #65 and via, polylinetrace, polylinetrace, polylinetrace, pin #1 of component #16, pin of component #9, because the maze search algorithm could not be created.
2026-09-07 21:52:58.033 DEBUG  [1D05A9\EA6158] Autorouter Failed to route connection between polylinetrace, pin #19 of component #69 and pin #7 of component #65, because the maze search algorithm could not be created.
2026-09-07 21:52:58.066 DEBUG  [1D05A9\EA6158] Autorouter Failed to route connection between pin #7 of component #65 and polylinetrace, pin #19 of component #69, because the maze search algorithm could not be created.
2026-09-07 21:52:58.100 DEBUG  [1D05A9\EA6158] Autorouter Failed to route connection between via, polylinetrace, polylinetrace, polylinetrace, pin #1 of component #16, pin of component #9 and pin #18 of component #65, because the maze search algorithm could not be created.
2026-09-07 21:52:58.144 INFO   [1D05A9\EA6158] Auto-router pass #34 on board '376627ef6543b3d02b7c900e85ae5ac6' was completed in 0.18 seconds with the score of 987.55 (2 unrouted), using 172.86 CPU seconds and 6846 MB memory.
2026-09-07 21:52:58.205 DEBUG  [1D05A9\EA6158] Autorouter Failed to route connection between polylinetrace, pin #19 of component #69 and pin #7 of component #65, because the maze search algorithm could not be created.
2026-09-07 21:52:58.243 DEBUG  [1D05A9\EA6158] Autorouter Failed to route connection between pin #18 of component #65 and via, polylinetrace, polylinetrace, polylinetrace, pin #1 of component #16, pin of component #9, because the maze search algorithm could not be created.
2026-09-07 21:52:58.287 DEBUG  [1D05A9\EA6158] Autorouter Failed to route connection between via, polylinetrace, polylinetrace, polylinetrace, pin #1 of component #16, pin of component #9 and pin #18 of component #65, because the maze search algorithm could not be created.
2026-09-07 21:52:58.333 DEBUG  [1D05A9\EA6158] Autorouter Failed to route connection between pin #7 of component #65 and polylinetrace, pin #19 of component #69, because the maze search algorithm could not be created.
2026-09-07 21:52:58.378 INFO   [1D05A9\EA6158] Auto-router pass #35 on board '376627ef6543b3d02b7c900e85ae5ac6' was completed in 0.21 seconds with the score of 987.55 (2 unrouted), using 191.31 CPU seconds and 7375 MB memory.
2026-09-07 21:52:58.457 DEBUG  [1D05A9\EA6158] Autorouter Failed to route connection between via, polylinetrace, polylinetrace, polylinetrace, pin #1 of component #16, pin of component #9 and pin #18 of component #65, because the maze search algorithm could not be created.
2026-09-07 21:52:58.500 DEBUG  [1D05A9\EA6158] Autorouter Failed to route connection between pin #7 of component #65 and polylinetrace, pin #19 of component #69, because the maze search algorithm could not be created.
2026-09-07 21:52:58.542 DEBUG  [1D05A9\EA6158] Autorouter Failed to route connection between pin #18 of component #65 and via, polylinetrace, polylinetrace, polylinetrace, pin #1 of component #16, pin of component #9, because the maze search algorithm could not be created.
2026-09-07 21:52:58.575 DEBUG  [1D05A9\EA6158] Autorouter Failed to route connection between polylinetrace, pin #19 of component #69 and pin #7 of component #65, because the maze search algorithm could not be created.
2026-09-07 21:52:58.616 INFO   [1D05A9\EA6158] Auto-router pass #36 on board '376627ef6543b3d02b7c900e85ae5ac6' was completed in 0.21 seconds with the score of 987.55 (2 unrouted), using 191.31 CPU seconds and 7375 MB memory.
2026-09-07 21:52:58.675 DEBUG  [1D05A9\EA6158] Autorouter Failed to route connection between pin #7 of component #65 and polylinetrace, pin #19 of component #69, because the maze search algorithm could not be created.
2026-09-07 21:52:58.716 DEBUG  [1D05A9\EA6158] Autorouter Failed to route connection between via, polylinetrace, polylinetrace, polylinetrace, pin #1 of component #16, pin of component #9 and pin #18 of component #65, because the maze search algorithm could not be created.
2026-09-07 21:52:58.752 DEBUG  [1D05A9\EA6158] Autorouter Failed to route connection between polylinetrace, pin #19 of component #69 and pin #7 of component #65, because the maze search algorithm could not be created.
2026-09-07 21:52:58.785 DEBUG  [1D05A9\EA6158] Autorouter Failed to route connection between pin #18 of component #65 and via, polylinetrace, polylinetrace, polylinetrace, pin #1 of component #16, pin of component #9, because the maze search algorithm could not be created.
2026-09-07 21:52:58.833 INFO   [1D05A9\EA6158] Auto-router pass #37 on board '376627ef6543b3d02b7c900e85ae5ac6' was completed in 0.20 seconds with the score of 987.55 (2 unrouted), using 191.31 CPU seconds and 7375 MB memory.
2026-09-07 21:52:58.886 DEBUG  [1D05A9\EA6158] Autorouter Failed to route connection between polylinetrace, pin #19 of component #69 and pin #7 of component #65, because the maze search algorithm could not be created.
2026-09-07 21:52:58.926 DEBUG  [1D05A9\EA6158] Autorouter Failed to route connection between pin #18 of component #65 and via, polylinetrace, polylinetrace, polylinetrace, pin #1 of component #16, pin of component #9, because the maze search algorithm could not be created.
2026-09-07 21:52:58.966 DEBUG  [1D05A9\EA6158] Autorouter Failed to route connection between pin #7 of component #65 and polylinetrace, pin #19 of component #69, because the maze search algorithm could not be created.
2026-09-07 21:52:59.000 DEBUG  [1D05A9\EA6158] Autorouter Failed to route connection between via, polylinetrace, polylinetrace, polylinetrace, pin #1 of component #16, pin of component #9 and pin #18 of component #65, because the maze search algorithm could not be created.
2026-09-07 21:52:59.044 INFO   [1D05A9\EA6158] Auto-router pass #38 on board '376627ef6543b3d02b7c900e85ae5ac6' was completed in 0.20 seconds with the score of 987.55 (2 unrouted), using 191.31 CPU seconds and 7375 MB memory.
2026-09-07 21:52:59.101 DEBUG  [1D05A9\EA6158] Autorouter Failed to route connection between pin #18 of component #65 and via, polylinetrace, polylinetrace, polylinetrace, pin #1 of component #16, pin of component #9, because the maze search algorithm could not be created.
2026-09-07 21:52:59.134 DEBUG  [1D05A9\EA6158] Autorouter Failed to route connection between pin #7 of component #65 and polylinetrace, pin #19 of component #69, because the maze search algorithm could not be created.
2026-09-07 21:52:59.173 DEBUG  [1D05A9\EA6158] Autorouter Failed to route connection between via, polylinetrace, polylinetrace, polylinetrace, pin #1 of component #16, pin of component #9 and pin #18 of component #65, because the maze search algorithm could not be created.
2026-09-07 21:52:59.210 DEBUG  [1D05A9\EA6158] Autorouter Failed to route connection between polylinetrace, pin #19 of component #69 and pin #7 of component #65, because the maze search algorithm could not be created.
2026-09-07 21:52:59.253 INFO   [1D05A9\EA6158] Auto-router pass #39 on board '376627ef6543b3d02b7c900e85ae5ac6' was completed in 0.19 seconds with the score of 987.55 (2 unrouted), using 210.70 CPU seconds and 7860 MB memory.
2026-09-07 21:52:59.309 DEBUG  [1D05A9\EA6158] Autorouter Failed to route connection between pin #18 of component #65 and via, polylinetrace, polylinetrace, polylinetrace, pin #1 of component #16, pin of component #9, because the maze search algorithm could not be created.
2026-09-07 21:52:59.350 DEBUG  [1D05A9\EA6158] Autorouter Failed to route connection between via, polylinetrace, polylinetrace, polylinetrace, pin #1 of component #16, pin of component #9 and pin #18 of component #65, because the maze search algorithm could not be created.
2026-09-07 21:52:59.383 DEBUG  [1D05A9\EA6158] Autorouter Failed to route connection between pin #7 of component #65 and polylinetrace, pin #19 of component #69, because the maze search algorithm could not be created.
2026-09-07 21:52:59.419 DEBUG  [1D05A9\EA6158] Autorouter Failed to route connection between polylinetrace, pin #19 of component #69 and pin #7 of component #65, because the maze search algorithm could not be created.
2026-09-07 21:52:59.470 INFO   [1D05A9\EA6158] Auto-router pass #40 on board '376627ef6543b3d02b7c900e85ae5ac6' was completed in 0.20 seconds with the score of 987.55 (2 unrouted), using 210.70 CPU seconds and 7860 MB memory.
2026-09-07 21:52:59.526 DEBUG  [1D05A9\EA6158] Autorouter Failed to route connection between pin #18 of component #65 and via, polylinetrace, polylinetrace, polylinetrace, pin #1 of component #16, pin of component #9, because the maze search algorithm could not be created.
2026-09-07 21:52:59.567 DEBUG  [1D05A9\EA6158] Autorouter Failed to route connection between via, polylinetrace, polylinetrace, polylinetrace, pin #1 of component #16, pin of component #9 and pin #18 of component #65, because the maze search algorithm could not be created.
2026-09-07 21:52:59.601 DEBUG  [1D05A9\EA6158] Autorouter Failed to route connection between polylinetrace, pin #19 of component #69 and pin #7 of component #65, because the maze search algorithm could not be created.
2026-09-07 21:52:59.646 DEBUG  [1D05A9\EA6158] Autorouter Failed to route connection between pin #7 of component #65 and polylinetrace, pin #19 of component #69, because the maze search algorithm could not be created.
2026-09-07 21:52:59.701 INFO   [1D05A9\EA6158] Auto-router pass #41 on board '376627ef6543b3d02b7c900e85ae5ac6' was completed in 0.21 seconds with the score of 987.55 (2 unrouted), using 210.70 CPU seconds and 7860 MB memory.
2026-09-07 21:52:59.751 DEBUG  [1D05A9\EA6158] Autorouter Failed to route connection between pin #7 of component #65 and polylinetrace, pin #19 of component #69, because the maze search algorithm could not be created.
2026-09-07 21:52:59.782 DEBUG  [1D05A9\EA6158] Autorouter Failed to route connection between polylinetrace, pin #19 of component #69 and pin #7 of component #65, because the maze search algorithm could not be created.
2026-09-07 21:52:59.818 DEBUG  [1D05A9\EA6158] Autorouter Failed to route connection between pin #18 of component #65 and via, polylinetrace, polylinetrace, polylinetrace, pin #1 of component #16, pin of component #9, because the maze search algorithm could not be created.
2026-09-07 21:52:59.860 DEBUG  [1D05A9\EA6158] Autorouter Failed to route connection between via, polylinetrace, polylinetrace, polylinetrace, pin #1 of component #16, pin of component #9 and pin #18 of component #65, because the maze search algorithm could not be created.
2026-09-07 21:52:59.908 INFO   [1D05A9\EA6158] Auto-router pass #42 on board '376627ef6543b3d02b7c900e85ae5ac6' was completed in 0.19 seconds with the score of 987.55 (2 unrouted), using 210.70 CPU seconds and 7860 MB memory.
2026-09-07 21:52:59.971 DEBUG  [1D05A9\EA6158] Autorouter Failed to route connection between polylinetrace, pin #19 of component #69 and pin #7 of component #65, because the maze search algorithm could not be created.
2026-09-07 21:53:00.009 DEBUG  [1D05A9\EA6158] Autorouter Failed to route connection between pin #7 of component #65 and polylinetrace, pin #19 of component #69, because the maze search algorithm could not be created.
2026-09-07 21:53:00.050 DEBUG  [1D05A9\EA6158] Autorouter Failed to route connection between via, polylinetrace, polylinetrace, polylinetrace, pin #1 of component #16, pin of component #9 and pin #18 of component #65, because the maze search algorithm could not be created.
2026-09-07 21:53:00.084 DEBUG  [1D05A9\EA6158] Autorouter Failed to route connection between pin #18 of component #65 and via, polylinetrace, polylinetrace, polylinetrace, pin #1 of component #16, pin of component #9, because the maze search algorithm could not be created.
2026-09-07 21:53:00.126 INFO   [1D05A9\EA6158] Auto-router pass #43 on board '376627ef6543b3d02b7c900e85ae5ac6' was completed in 0.20 seconds with the score of 987.55 (2 unrouted), using 210.70 CPU seconds and 7860 MB memory.
2026-09-07 21:53:00.175 DEBUG  [1D05A9\EA6158] Autorouter Failed to route connection between via, polylinetrace, polylinetrace, polylinetrace, pin #1 of component #16, pin of component #9 and pin #18 of component #65, because the maze search algorithm could not be created.
2026-09-07 21:53:00.211 DEBUG  [1D05A9\EA6158] Autorouter Failed to route connection between polylinetrace, pin #19 of component #69 and pin #7 of component #65, because the maze search algorithm could not be created.
2026-09-07 21:53:00.252 DEBUG  [1D05A9\EA6158] Autorouter Failed to route connection between pin #18 of component #65 and via, polylinetrace, polylinetrace, polylinetrace, pin #1 of component #16, pin of component #9, because the maze search algorithm could not be created.
2026-09-07 21:53:00.292 DEBUG  [1D05A9\EA6158] Autorouter Failed to route connection between pin #7 of component #65 and polylinetrace, pin #19 of component #69, because the maze search algorithm could not be created.
2026-09-07 21:53:00.341 INFO   [1D05A9\EA6158] Auto-router pass #44 on board '376627ef6543b3d02b7c900e85ae5ac6' was completed in 0.20 seconds with the score of 987.55 (2 unrouted), using 231.05 CPU seconds and 8351 MB memory.
2026-09-07 21:53:00.400 DEBUG  [1D05A9\EA6158] Autorouter Failed to route connection between via, polylinetrace, polylinetrace, polylinetrace, pin #1 of component #16, pin of component #9 and pin #18 of component #65, because the maze search algorithm could not be created.
2026-09-07 21:53:00.435 DEBUG  [1D05A9\EA6158] Autorouter Failed to route connection between pin #18 of component #65 and via, polylinetrace, polylinetrace, polylinetrace, pin #1 of component #16, pin of component #9, because the maze search algorithm could not be created.
2026-09-07 21:53:00.466 DEBUG  [1D05A9\EA6158] Autorouter Failed to route connection between pin #7 of component #65 and polylinetrace, pin #19 of component #69, because the maze search algorithm could not be created.
2026-09-07 21:53:00.502 DEBUG  [1D05A9\EA6158] Autorouter Failed to route connection between polylinetrace, pin #19 of component #69 and pin #7 of component #65, because the maze search algorithm could not be created.
2026-09-07 21:53:00.550 INFO   [1D05A9\EA6158] Auto-router pass #45 on board '376627ef6543b3d02b7c900e85ae5ac6' was completed in 0.20 seconds with the score of 987.55 (2 unrouted), using 231.05 CPU seconds and 8351 MB memory.
2026-09-07 21:53:00.600 DEBUG  [1D05A9\EA6158] Autorouter Failed to route connection between pin #18 of component #65 and via, polylinetrace, polylinetrace, polylinetrace, pin #1 of component #16, pin of component #9, because the maze search algorithm could not be created.
2026-09-07 21:53:00.635 DEBUG  [1D05A9\EA6158] Autorouter Failed to route connection between via, polylinetrace, polylinetrace, polylinetrace, pin #1 of component #16, pin of component #9 and pin #18 of component #65, because the maze search algorithm could not be created.
2026-09-07 21:53:00.674 DEBUG  [1D05A9\EA6158] Autorouter Failed to route connection between polylinetrace, pin #19 of component #69 and pin #7 of component #65, because the maze search algorithm could not be created.
2026-09-07 21:53:00.715 DEBUG  [1D05A9\EA6158] Autorouter Failed to route connection between pin #7 of component #65 and polylinetrace, pin #19 of component #69, because the maze search algorithm could not be created.
2026-09-07 21:53:00.757 INFO   [1D05A9\EA6158] Auto-router pass #46 on board '376627ef6543b3d02b7c900e85ae5ac6' was completed in 0.19 seconds with the score of 987.55 (2 unrouted), using 231.05 CPU seconds and 8351 MB memory.
2026-09-07 21:53:00.809 DEBUG  [1D05A9\EA6158] Autorouter Failed to route connection between pin #7 of component #65 and polylinetrace, pin #19 of component #69, because the maze search algorithm could not be created.
2026-09-07 21:53:00.842 DEBUG  [1D05A9\EA6158] Autorouter Failed to route connection between pin #18 of component #65 and via, polylinetrace, polylinetrace, polylinetrace, pin #1 of component #16, pin of component #9, because the maze search algorithm could not be created.
2026-09-07 21:53:00.881 DEBUG  [1D05A9\EA6158] Autorouter Failed to route connection between polylinetrace, pin #19 of component #69 and pin #7 of component #65, because the maze search algorithm could not be created.
2026-09-07 21:53:00.918 DEBUG  [1D05A9\EA6158] Autorouter Failed to route connection between via, polylinetrace, polylinetrace, polylinetrace, pin #1 of component #16, pin of component #9 and pin #18 of component #65, because the maze search algorithm could not be created.
2026-09-07 21:53:00.967 INFO   [1D05A9\EA6158] Auto-router pass #47 on board '376627ef6543b3d02b7c900e85ae5ac6' was completed in 0.19 seconds with the score of 987.55 (2 unrouted), using 231.05 CPU seconds and 8351 MB memory.
2026-09-07 21:53:01.026 DEBUG  [1D05A9\EA6158] Autorouter Failed to route connection between via, polylinetrace, polylinetrace, polylinetrace, pin #1 of component #16, pin of component #9 and pin #18 of component #65, because the maze search algorithm could not be created.
2026-09-07 21:53:01.061 DEBUG  [1D05A9\EA6158] Autorouter Failed to route connection between polylinetrace, pin #19 of component #69 and pin #7 of component #65, because the maze search algorithm could not be created.
2026-09-07 21:53:01.099 DEBUG  [1D05A9\EA6158] Autorouter Failed to route connection between pin #7 of component #65 and polylinetrace, pin #19 of component #69, because the maze search algorithm could not be created.
2026-09-07 21:53:01.134 DEBUG  [1D05A9\EA6158] Autorouter Failed to route connection between pin #18 of component #65 and via, polylinetrace, polylinetrace, polylinetrace, pin #1 of component #16, pin of component #9, because the maze search algorithm could not be created.
2026-09-07 21:53:01.188 INFO   [1D05A9\EA6158] Auto-router pass #48 on board '376627ef6543b3d02b7c900e85ae5ac6' was completed in 0.20 seconds with the score of 987.55 (2 unrouted), using 252.39 CPU seconds and 8865 MB memory.
2026-09-07 21:53:01.235 DEBUG  [1D05A9\EA6158] Autorouter Failed to route connection between polylinetrace, pin #19 of component #69 and pin #7 of component #65, because the maze search algorithm could not be created.
2026-09-07 21:53:01.282 DEBUG  [1D05A9\EA6158] Autorouter Failed to route connection between via, polylinetrace, polylinetrace, polylinetrace, pin #1 of component #16, pin of component #9 and pin #18 of component #65, because the maze search algorithm could not be created.
2026-09-07 21:53:01.316 DEBUG  [1D05A9\EA6158] Autorouter Failed to route connection between pin #18 of component #65 and via, polylinetrace, polylinetrace, polylinetrace, pin #1 of component #16, pin of component #9, because the maze search algorithm could not be created.
2026-09-07 21:53:01.351 DEBUG  [1D05A9\EA6158] Autorouter Failed to route connection between pin #7 of component #65 and polylinetrace, pin #19 of component #69, because the maze search algorithm could not be created.
2026-09-07 21:53:01.391 INFO   [1D05A9\EA6158] Auto-router pass #49 on board '376627ef6543b3d02b7c900e85ae5ac6' was completed in 0.19 seconds with the score of 987.55 (2 unrouted), using 252.39 CPU seconds and 8865 MB memory.
2026-09-07 21:53:01.458 DEBUG  [1D05A9\EA6158] Autorouter Failed to route connection between via, polylinetrace, polylinetrace, polylinetrace, pin #1 of component #16, pin of component #9 and pin #18 of component #65, because the maze search algorithm could not be created.
2026-09-07 21:53:01.490 DEBUG  [1D05A9\EA6158] Autorouter Failed to route connection between polylinetrace, pin #19 of component #69 and pin #7 of component #65, because the maze search algorithm could not be created.
2026-09-07 21:53:01.523 DEBUG  [1D05A9\EA6158] Autorouter Failed to route connection between pin #18 of component #65 and via, polylinetrace, polylinetrace, polylinetrace, pin #1 of component #16, pin of component #9, because the maze search algorithm could not be created.
2026-09-07 21:53:01.561 DEBUG  [1D05A9\EA6158] Autorouter Failed to route connection between pin #7 of component #65 and polylinetrace, pin #19 of component #69, because the maze search algorithm could not be created.
2026-09-07 21:53:01.609 INFO   [1D05A9\EA6158] Auto-router pass #50 on board '376627ef6543b3d02b7c900e85ae5ac6' was completed in 0.20 seconds with the score of 987.55 (2 unrouted), using 252.39 CPU seconds and 8865 MB memory.
2026-09-07 21:53:01.668 DEBUG  [1D05A9\EA6158] Autorouter Failed to route connection between via, polylinetrace, polylinetrace, polylinetrace, pin #1 of component #16, pin of component #9 and pin #18 of component #65, because the maze search algorithm could not be created.
2026-09-07 21:53:01.700 DEBUG  [1D05A9\EA6158] Autorouter Failed to route connection between pin #7 of component #65 and polylinetrace, pin #19 of component #69, because the maze search algorithm could not be created.
2026-09-07 21:53:01.731 DEBUG  [1D05A9\EA6158] Autorouter Failed to route connection between polylinetrace, pin #19 of component #69 and pin #7 of component #65, because the maze search algorithm could not be created.
2026-09-07 21:53:01.768 DEBUG  [1D05A9\EA6158] Autorouter Failed to route connection between pin #18 of component #65 and via, polylinetrace, polylinetrace, polylinetrace, pin #1 of component #16, pin of component #9, because the maze search algorithm could not be created.
2026-09-07 21:53:01.810 INFO   [1D05A9\EA6158] Auto-router pass #51 on board '376627ef6543b3d02b7c900e85ae5ac6' was completed in 0.18 seconds with the score of 987.55 (2 unrouted), using 252.39 CPU seconds and 8865 MB memory.
2026-09-07 21:53:01.867 DEBUG  [1D05A9\EA6158] Autorouter Failed to route connection between pin #7 of component #65 and polylinetrace, pin #19 of component #69, because the maze search algorithm could not be created.
2026-09-07 21:53:01.910 DEBUG  [1D05A9\EA6158] Autorouter Failed to route connection between polylinetrace, pin #19 of component #69 and pin #7 of component #65, because the maze search algorithm could not be created.
2026-09-07 21:53:01.951 DEBUG  [1D05A9\EA6158] Autorouter Failed to route connection between via, polylinetrace, polylinetrace, polylinetrace, pin #1 of component #16, pin of component #9 and pin #18 of component #65, because the maze search algorithm could not be created.
2026-09-07 21:53:01.988 DEBUG  [1D05A9\EA6158] Autorouter Failed to route connection between pin #18 of component #65 and via, polylinetrace, polylinetrace, polylinetrace, pin #1 of component #16, pin of component #9, because the maze search algorithm could not be created.
2026-09-07 21:53:02.041 INFO   [1D05A9\EA6158] Auto-router pass #52 on board '376627ef6543b3d02b7c900e85ae5ac6' was completed in 0.21 seconds with the score of 987.55 (2 unrouted), using 252.39 CPU seconds and 8865 MB memory.
2026-09-07 21:53:02.092 DEBUG  [1D05A9\EA6158] Autorouter Failed to route connection between via, polylinetrace, polylinetrace, polylinetrace, pin #1 of component #16, pin of component #9 and pin #18 of component #65, because the maze search algorithm could not be created.
2026-09-07 21:53:02.136 DEBUG  [1D05A9\EA6158] Autorouter Failed to route connection between polylinetrace, pin #19 of component #69 and pin #7 of component #65, because the maze search algorithm could not be created.
2026-09-07 21:53:02.174 DEBUG  [1D05A9\EA6158] Autorouter Failed to route connection between pin #7 of component #65 and polylinetrace, pin #19 of component #69, because the maze search algorithm could not be created.
2026-09-07 21:53:02.210 DEBUG  [1D05A9\EA6158] Autorouter Failed to route connection between pin #18 of component #65 and via, polylinetrace, polylinetrace, polylinetrace, pin #1 of component #16, pin of component #9, because the maze search algorithm could not be created.
2026-09-07 21:53:02.263 INFO   [1D05A9\EA6158] Auto-router pass #53 on board '376627ef6543b3d02b7c900e85ae5ac6' was completed in 0.21 seconds with the score of 987.55 (2 unrouted), using 274.70 CPU seconds and 9365 MB memory.
2026-09-07 21:53:02.331 DEBUG  [1D05A9\EA6158] Autorouter Failed to route connection between pin #18 of component #65 and via, polylinetrace, polylinetrace, polylinetrace, pin #1 of component #16, pin of component #9, because the maze search algorithm could not be created.
2026-09-07 21:53:02.367 DEBUG  [1D05A9\EA6158] Autorouter Failed to route connection between polylinetrace, pin #19 of component #69 and pin #7 of component #65, because the maze search algorithm could not be created.
2026-09-07 21:53:02.407 DEBUG  [1D05A9\EA6158] Autorouter Failed to route connection between via, polylinetrace, polylinetrace, polylinetrace, pin #1 of component #16, pin of component #9 and pin #18 of component #65, because the maze search algorithm could not be created.
2026-09-07 21:53:02.444 DEBUG  [1D05A9\EA6158] Autorouter Failed to route connection between pin #7 of component #65 and polylinetrace, pin #19 of component #69, because the maze search algorithm could not be created.
2026-09-07 21:53:02.488 INFO   [1D05A9\EA6158] Auto-router pass #54 on board '376627ef6543b3d02b7c900e85ae5ac6' was completed in 0.20 seconds with the score of 987.55 (2 unrouted), using 274.70 CPU seconds and 9365 MB memory.
2026-09-07 21:53:02.542 DEBUG  [1D05A9\EA6158] Autorouter Failed to route connection between pin #7 of component #65 and polylinetrace, pin #19 of component #69, because the maze search algorithm could not be created.
2026-09-07 21:53:02.592 DEBUG  [1D05A9\EA6158] Autorouter Failed to route connection between polylinetrace, pin #19 of component #69 and pin #7 of component #65, because the maze search algorithm could not be created.
2026-09-07 21:53:02.627 DEBUG  [1D05A9\EA6158] Autorouter Failed to route connection between via, polylinetrace, polylinetrace, polylinetrace, pin #1 of component #16, pin of component #9 and pin #18 of component #65, because the maze search algorithm could not be created.
2026-09-07 21:53:02.664 DEBUG  [1D05A9\EA6158] Autorouter Failed to route connection between pin #18 of component #65 and via, polylinetrace, polylinetrace, polylinetrace, pin #1 of component #16, pin of component #9, because the maze search algorithm could not be created.
2026-09-07 21:53:02.701 INFO   [1D05A9\EA6158] Auto-router pass #55 on board '376627ef6543b3d02b7c900e85ae5ac6' was completed in 0.20 seconds with the score of 987.55 (2 unrouted), using 274.70 CPU seconds and 9365 MB memory.
2026-09-07 21:53:02.752 DEBUG  [1D05A9\EA6158] Autorouter Failed to route connection between polylinetrace, pin #19 of component #69 and pin #7 of component #65, because the maze search algorithm could not be created.
2026-09-07 21:53:02.794 DEBUG  [1D05A9\EA6158] Autorouter Failed to route connection between pin #7 of component #65 and polylinetrace, pin #19 of component #69, because the maze search algorithm could not be created.
2026-09-07 21:53:02.834 DEBUG  [1D05A9\EA6158] Autorouter Failed to route connection between pin #18 of component #65 and via, polylinetrace, polylinetrace, polylinetrace, pin #1 of component #16, pin of component #9, because the maze search algorithm could not be created.
2026-09-07 21:53:02.875 DEBUG  [1D05A9\EA6158] Autorouter Failed to route connection between via, polylinetrace, polylinetrace, polylinetrace, pin #1 of component #16, pin of component #9 and pin #18 of component #65, because the maze search algorithm could not be created.
2026-09-07 21:53:02.917 INFO   [1D05A9\EA6158] Auto-router pass #56 on board '376627ef6543b3d02b7c900e85ae5ac6' was completed in 0.20 seconds with the score of 987.55 (2 unrouted), using 274.70 CPU seconds and 9365 MB memory.
2026-09-07 21:53:02.974 DEBUG  [1D05A9\EA6158] Autorouter Failed to route connection between pin #7 of component #65 and polylinetrace, pin #19 of component #69, because the maze search algorithm could not be created.
2026-09-07 21:53:03.017 DEBUG  [1D05A9\EA6158] Autorouter Failed to route connection between polylinetrace, pin #19 of component #69 and pin #7 of component #65, because the maze search algorithm could not be created.
2026-09-07 21:53:03.051 DEBUG  [1D05A9\EA6158] Autorouter Failed to route connection between pin #18 of component #65 and via, polylinetrace, polylinetrace, polylinetrace, pin #1 of component #16, pin of component #9, because the maze search algorithm could not be created.
2026-09-07 21:53:03.092 DEBUG  [1D05A9\EA6158] Autorouter Failed to route connection between via, polylinetrace, polylinetrace, polylinetrace, pin #1 of component #16, pin of component #9 and pin #18 of component #65, because the maze search algorithm could not be created.
2026-09-07 21:53:03.145 INFO   [1D05A9\EA6158] Auto-router pass #57 on board '376627ef6543b3d02b7c900e85ae5ac6' was completed in 0.21 seconds with the score of 987.55 (2 unrouted), using 274.70 CPU seconds and 9365 MB memory.
2026-09-07 21:53:03.208 DEBUG  [1D05A9\EA6158] Autorouter Failed to route connection between pin #18 of component #65 and via, polylinetrace, polylinetrace, polylinetrace, pin #1 of component #16, pin of component #9, because the maze search algorithm could not be created.
2026-09-07 21:53:03.242 DEBUG  [1D05A9\EA6158] Autorouter Failed to route connection between polylinetrace, pin #19 of component #69 and pin #7 of component #65, because the maze search algorithm could not be created.
2026-09-07 21:53:03.276 DEBUG  [1D05A9\EA6158] Autorouter Failed to route connection between via, polylinetrace, polylinetrace, polylinetrace, pin #1 of component #16, pin of component #9 and pin #18 of component #65, because the maze search algorithm could not be created.
2026-09-07 21:53:03.316 DEBUG  [1D05A9\EA6158] Autorouter Failed to route connection between pin #7 of component #65 and polylinetrace, pin #19 of component #69, because the maze search algorithm could not be created.
2026-09-07 21:53:03.358 INFO   [1D05A9\EA6158] Auto-router pass #58 on board '376627ef6543b3d02b7c900e85ae5ac6' was completed in 0.19 seconds with the score of 987.55 (2 unrouted), using 297.97 CPU seconds and 9852 MB memory.
2026-09-07 21:53:03.414 DEBUG  [1D05A9\EA6158] Autorouter Failed to route connection between via, polylinetrace, polylinetrace, polylinetrace, pin #1 of component #16, pin of component #9 and pin #18 of component #65, because the maze search algorithm could not be created.
2026-09-07 21:53:03.457 DEBUG  [1D05A9\EA6158] Autorouter Failed to route connection between pin #18 of component #65 and via, polylinetrace, polylinetrace, polylinetrace, pin #1 of component #16, pin of component #9, because the maze search algorithm could not be created.
2026-09-07 21:53:03.490 DEBUG  [1D05A9\EA6158] Autorouter Failed to route connection between polylinetrace, pin #19 of component #69 and pin #7 of component #65, because the maze search algorithm could not be created.
2026-09-07 21:53:03.533 DEBUG  [1D05A9\EA6158] Autorouter Failed to route connection between pin #7 of component #65 and polylinetrace, pin #19 of component #69, because the maze search algorithm could not be created.
2026-09-07 21:53:03.574 INFO   [1D05A9\EA6158] Auto-router pass #59 on board '376627ef6543b3d02b7c900e85ae5ac6' was completed in 0.20 seconds with the score of 987.55 (2 unrouted), using 297.97 CPU seconds and 9852 MB memory.
2026-09-07 21:53:03.633 DEBUG  [1D05A9\EA6158] Autorouter Failed to route connection between pin #7 of component #65 and polylinetrace, pin #19 of component #69, because the maze search algorithm could not be created.
2026-09-07 21:53:03.673 DEBUG  [1D05A9\EA6158] Autorouter Failed to route connection between via, polylinetrace, polylinetrace, polylinetrace, pin #1 of component #16, pin of component #9 and pin #18 of component #65, because the maze search algorithm could not be created.
2026-09-07 21:53:03.706 DEBUG  [1D05A9\EA6158] Autorouter Failed to route connection between pin #18 of component #65 and via, polylinetrace, polylinetrace, polylinetrace, pin #1 of component #16, pin of component #9, because the maze search algorithm could not be created.
2026-09-07 21:53:03.750 DEBUG  [1D05A9\EA6158] Autorouter Failed to route connection between polylinetrace, pin #19 of component #69 and pin #7 of component #65, because the maze search algorithm could not be created.
2026-09-07 21:53:03.792 INFO   [1D05A9\EA6158] Auto-router pass #60 on board '376627ef6543b3d02b7c900e85ae5ac6' was completed in 0.20 seconds with the score of 987.55 (2 unrouted), using 297.97 CPU seconds and 9852 MB memory.
2026-09-07 21:53:03.850 DEBUG  [1D05A9\EA6158] Autorouter Failed to route connection between via, polylinetrace, polylinetrace, polylinetrace, pin #1 of component #16, pin of component #9 and pin #18 of component #65, because the maze search algorithm could not be created.
2026-09-07 21:53:03.892 DEBUG  [1D05A9\EA6158] Autorouter Failed to route connection between polylinetrace, pin #19 of component #69 and pin #7 of component #65, because the maze search algorithm could not be created.
2026-09-07 21:53:03.933 DEBUG  [1D05A9\EA6158] Autorouter Failed to route connection between pin #7 of component #65 and polylinetrace, pin #19 of component #69, because the maze search algorithm could not be created.
2026-09-07 21:53:03.970 DEBUG  [1D05A9\EA6158] Autorouter Failed to route connection between pin #18 of component #65 and via, polylinetrace, polylinetrace, polylinetrace, pin #1 of component #16, pin of component #9, because the maze search algorithm could not be created.
2026-09-07 21:53:04.010 INFO   [1D05A9\EA6158] Auto-router pass #61 on board '376627ef6543b3d02b7c900e85ae5ac6' was completed in 0.21 seconds with the score of 987.55 (2 unrouted), using 297.97 CPU seconds and 9852 MB memory.
2026-09-07 21:53:04.067 DEBUG  [1D05A9\EA6158] Autorouter Failed to route connection between polylinetrace, pin #19 of component #69 and pin #7 of component #65, because the maze search algorithm could not be created.
2026-09-07 21:53:04.101 DEBUG  [1D05A9\EA6158] Autorouter Failed to route connection between pin #18 of component #65 and via, polylinetrace, polylinetrace, polylinetrace, pin #1 of component #16, pin of component #9, because the maze search algorithm could not be created.
2026-09-07 21:53:04.132 DEBUG  [1D05A9\EA6158] Autorouter Failed to route connection between via, polylinetrace, polylinetrace, polylinetrace, pin #1 of component #16, pin of component #9 and pin #18 of component #65, because the maze search algorithm could not be created.
2026-09-07 21:53:04.159 DEBUG  [1D05A9\EA6158] Autorouter Failed to route connection between pin #7 of component #65 and polylinetrace, pin #19 of component #69, because the maze search algorithm could not be created.
2026-09-07 21:53:04.200 INFO   [1D05A9\EA6158] Auto-router pass #62 on board '376627ef6543b3d02b7c900e85ae5ac6' was completed in 0.17 seconds with the score of 987.55 (2 unrouted), using 297.97 CPU seconds and 9852 MB memory.
2026-09-07 21:53:04.264 DEBUG  [1D05A9\EA6158] Autorouter Failed to route connection between pin #18 of component #65 and via, polylinetrace, polylinetrace, polylinetrace, pin #1 of component #16, pin of component #9, because the maze search algorithm could not be created.
2026-09-07 21:53:04.299 DEBUG  [1D05A9\EA6158] Autorouter Failed to route connection between polylinetrace, pin #19 of component #69 and pin #7 of component #65, because the maze search algorithm could not be created.
2026-09-07 21:53:04.329 DEBUG  [1D05A9\EA6158] Autorouter Failed to route connection between pin #7 of component #65 and polylinetrace, pin #19 of component #69, because the maze search algorithm could not be created.
2026-09-07 21:53:04.364 DEBUG  [1D05A9\EA6158] Autorouter Failed to route connection between via, polylinetrace, polylinetrace, polylinetrace, pin #1 of component #16, pin of component #9 and pin #18 of component #65, because the maze search algorithm could not be created.
2026-09-07 21:53:04.403 INFO   [1D05A9\EA6158] Auto-router pass #63 on board '376627ef6543b3d02b7c900e85ae5ac6' was completed in 0.19 seconds with the score of 987.55 (2 unrouted), using 322.20 CPU seconds and 10361 MB memory.
2026-09-07 21:53:04.451 DEBUG  [1D05A9\EA6158] Autorouter Failed to route connection between pin #18 of component #65 and via, polylinetrace, polylinetrace, polylinetrace, pin #1 of component #16, pin of component #9, because the maze search algorithm could not be created.
2026-09-07 21:53:04.492 DEBUG  [1D05A9\EA6158] Autorouter Failed to route connection between pin #7 of component #65 and polylinetrace, pin #19 of component #69, because the maze search algorithm could not be created.
2026-09-07 21:53:04.525 DEBUG  [1D05A9\EA6158] Autorouter Failed to route connection between via, polylinetrace, polylinetrace, polylinetrace, pin #1 of component #16, pin of component #9 and pin #18 of component #65, because the maze search algorithm could not be created.
2026-09-07 21:53:04.567 DEBUG  [1D05A9\EA6158] Autorouter Failed to route connection between polylinetrace, pin #19 of component #69 and pin #7 of component #65, because the maze search algorithm could not be created.
2026-09-07 21:53:04.606 INFO   [1D05A9\EA6158] Auto-router pass #64 on board '376627ef6543b3d02b7c900e85ae5ac6' was completed in 0.19 seconds with the score of 987.55 (2 unrouted), using 322.20 CPU seconds and 10361 MB memory.
2026-09-07 21:53:04.652 DEBUG  [1D05A9\EA6158] Autorouter Failed to route connection between polylinetrace, pin #19 of component #69 and pin #7 of component #65, because the maze search algorithm could not be created.
2026-09-07 21:53:04.684 DEBUG  [1D05A9\EA6158] Autorouter Failed to route connection between pin #7 of component #65 and polylinetrace, pin #19 of component #69, because the maze search algorithm could not be created.
2026-09-07 21:53:04.715 DEBUG  [1D05A9\EA6158] Autorouter Failed to route connection between pin #18 of component #65 and via, polylinetrace, polylinetrace, polylinetrace, pin #1 of component #16, pin of component #9, because the maze search algorithm could not be created.
2026-09-07 21:53:04.752 DEBUG  [1D05A9\EA6158] Autorouter Failed to route connection between via, polylinetrace, polylinetrace, polylinetrace, pin #1 of component #16, pin of component #9 and pin #18 of component #65, because the maze search algorithm could not be created.
2026-09-07 21:53:04.793 INFO   [1D05A9\EA6158] Auto-router pass #65 on board '376627ef6543b3d02b7c900e85ae5ac6' was completed in 0.17 seconds with the score of 987.55 (2 unrouted), using 322.20 CPU seconds and 10361 MB memory.
2026-09-07 21:53:04.844 DEBUG  [1D05A9\EA6158] Autorouter Failed to route connection between via, polylinetrace, polylinetrace, polylinetrace, pin #1 of component #16, pin of component #9 and pin #18 of component #65, because the maze search algorithm could not be created.
2026-09-07 21:53:04.877 DEBUG  [1D05A9\EA6158] Autorouter Failed to route connection between pin #7 of component #65 and polylinetrace, pin #19 of component #69, because the maze search algorithm could not be created.
2026-09-07 21:53:04.910 DEBUG  [1D05A9\EA6158] Autorouter Failed to route connection between polylinetrace, pin #19 of component #69 and pin #7 of component #65, because the maze search algorithm could not be created.
2026-09-07 21:53:04.948 DEBUG  [1D05A9\EA6158] Autorouter Failed to route connection between pin #18 of component #65 and via, polylinetrace, polylinetrace, polylinetrace, pin #1 of component #16, pin of component #9, because the maze search algorithm could not be created.
2026-09-07 21:53:04.990 INFO   [1D05A9\EA6158] Auto-router pass #66 on board '376627ef6543b3d02b7c900e85ae5ac6' was completed in 0.18 seconds with the score of 987.55 (2 unrouted), using 322.20 CPU seconds and 10361 MB memory.
2026-09-07 21:53:05.040 DEBUG  [1D05A9\EA6158] Autorouter Failed to route connection between via, polylinetrace, polylinetrace, polylinetrace, pin #1 of component #16, pin of component #9 and pin #18 of component #65, because the maze search algorithm could not be created.
2026-09-07 21:53:05.068 DEBUG  [1D05A9\EA6158] Autorouter Failed to route connection between pin #7 of component #65 and polylinetrace, pin #19 of component #69, because the maze search algorithm could not be created.
2026-09-07 21:53:05.102 DEBUG  [1D05A9\EA6158] Autorouter Failed to route connection between polylinetrace, pin #19 of component #69 and pin #7 of component #65, because the maze search algorithm could not be created.
2026-09-07 21:53:05.140 DEBUG  [1D05A9\EA6158] Autorouter Failed to route connection between pin #18 of component #65 and via, polylinetrace, polylinetrace, polylinetrace, pin #1 of component #16, pin of component #9, because the maze search algorithm could not be created.
2026-09-07 21:53:05.181 INFO   [1D05A9\EA6158] Auto-router pass #67 on board '376627ef6543b3d02b7c900e85ae5ac6' was completed in 0.18 seconds with the score of 987.55 (2 unrouted), using 322.20 CPU seconds and 10361 MB memory.
2026-09-07 21:53:05.234 DEBUG  [1D05A9\EA6158] Autorouter Failed to route connection between polylinetrace, pin #19 of component #69 and pin #7 of component #65, because the maze search algorithm could not be created.
2026-09-07 21:53:05.265 DEBUG  [1D05A9\EA6158] Autorouter Failed to route connection between pin #7 of component #65 and polylinetrace, pin #19 of component #69, because the maze search algorithm could not be created.
2026-09-07 21:53:05.301 DEBUG  [1D05A9\EA6158] Autorouter Failed to route connection between pin #18 of component #65 and via, polylinetrace, polylinetrace, polylinetrace, pin #1 of component #16, pin of component #9, because the maze search algorithm could not be created.
2026-09-07 21:53:05.334 DEBUG  [1D05A9\EA6158] Autorouter Failed to route connection between via, polylinetrace, polylinetrace, polylinetrace, pin #1 of component #16, pin of component #9 and pin #18 of component #65, because the maze search algorithm could not be created.
2026-09-07 21:53:05.377 INFO   [1D05A9\EA6158] Auto-router pass #68 on board '376627ef6543b3d02b7c900e85ae5ac6' was completed in 0.18 seconds with the score of 987.55 (2 unrouted), using 347.44 CPU seconds and 10904 MB memory.
2026-09-07 21:53:05.431 DEBUG  [1D05A9\EA6158] Autorouter Failed to route connection between via, polylinetrace, polylinetrace, polylinetrace, pin #1 of component #16, pin of component #9 and pin #18 of component #65, because the maze search algorithm could not be created.
2026-09-07 21:53:05.469 DEBUG  [1D05A9\EA6158] Autorouter Failed to route connection between polylinetrace, pin #19 of component #69 and pin #7 of component #65, because the maze search algorithm could not be created.
2026-09-07 21:53:05.502 DEBUG  [1D05A9\EA6158] Autorouter Failed to route connection between pin #7 of component #65 and polylinetrace, pin #19 of component #69, because the maze search algorithm could not be created.
2026-09-07 21:53:05.540 DEBUG  [1D05A9\EA6158] Autorouter Failed to route connection between pin #18 of component #65 and via, polylinetrace, polylinetrace, polylinetrace, pin #1 of component #16, pin of component #9, because the maze search algorithm could not be created.
2026-09-07 21:53:05.581 INFO   [1D05A9\EA6158] Auto-router pass #69 on board '376627ef6543b3d02b7c900e85ae5ac6' was completed in 0.19 seconds with the score of 987.55 (2 unrouted), using 347.44 CPU seconds and 10904 MB memory.
2026-09-07 21:53:05.639 DEBUG  [1D05A9\EA6158] Autorouter Failed to route connection between pin #18 of component #65 and via, polylinetrace, polylinetrace, polylinetrace, pin #1 of component #16, pin of component #9, because the maze search algorithm could not be created.
2026-09-07 21:53:05.673 DEBUG  [1D05A9\EA6158] Autorouter Failed to route connection between pin #7 of component #65 and polylinetrace, pin #19 of component #69, because the maze search algorithm could not be created.
2026-09-07 21:53:05.708 DEBUG  [1D05A9\EA6158] Autorouter Failed to route connection between polylinetrace, pin #19 of component #69 and pin #7 of component #65, because the maze search algorithm could not be created.
2026-09-07 21:53:05.742 DEBUG  [1D05A9\EA6158] Autorouter Failed to route connection between via, polylinetrace, polylinetrace, polylinetrace, pin #1 of component #16, pin of component #9 and pin #18 of component #65, because the maze search algorithm could not be created.
2026-09-07 21:53:05.783 INFO   [1D05A9\EA6158] Auto-router pass #70 on board '376627ef6543b3d02b7c900e85ae5ac6' was completed in 0.19 seconds with the score of 987.55 (2 unrouted), using 347.44 CPU seconds and 10904 MB memory.
2026-09-07 21:53:05.841 DEBUG  [1D05A9\EA6158] Autorouter Failed to route connection between pin #7 of component #65 and polylinetrace, pin #19 of component #69, because the maze search algorithm could not be created.
2026-09-07 21:53:05.875 DEBUG  [1D05A9\EA6158] Autorouter Failed to route connection between via, polylinetrace, polylinetrace, polylinetrace, pin #1 of component #16, pin of component #9 and pin #18 of component #65, because the maze search algorithm could not be created.
2026-09-07 21:53:05.908 DEBUG  [1D05A9\EA6158] Autorouter Failed to route connection between polylinetrace, pin #19 of component #69 and pin #7 of component #65, because the maze search algorithm could not be created.
2026-09-07 21:53:05.948 DEBUG  [1D05A9\EA6158] Autorouter Failed to route connection between pin #18 of component #65 and via, polylinetrace, polylinetrace, polylinetrace, pin #1 of component #16, pin of component #9, because the maze search algorithm could not be created.
2026-09-07 21:53:05.990 INFO   [1D05A9\EA6158] Auto-router pass #71 on board '376627ef6543b3d02b7c900e85ae5ac6' was completed in 0.19 seconds with the score of 987.55 (2 unrouted), using 347.44 CPU seconds and 10904 MB memory.
2026-09-07 21:53:06.049 DEBUG  [1D05A9\EA6158] Autorouter Failed to route connection between polylinetrace, pin #19 of component #69 and pin #7 of component #65, because the maze search algorithm could not be created.
2026-09-07 21:53:06.083 DEBUG  [1D05A9\EA6158] Autorouter Failed to route connection between pin #18 of component #65 and via, polylinetrace, polylinetrace, polylinetrace, pin #1 of component #16, pin of component #9, because the maze search algorithm could not be created.
2026-09-07 21:53:06.123 DEBUG  [1D05A9\EA6158] Autorouter Failed to route connection between via, polylinetrace, polylinetrace, polylinetrace, pin #1 of component #16, pin of component #9 and pin #18 of component #65, because the maze search algorithm could not be created.
2026-09-07 21:53:06.172 DEBUG  [1D05A9\EA6158] Autorouter Failed to route connection between pin #7 of component #65 and polylinetrace, pin #19 of component #69, because the maze search algorithm could not be created.
2026-09-07 21:53:06.214 INFO   [1D05A9\EA6158] Auto-router pass #72 on board '376627ef6543b3d02b7c900e85ae5ac6' was completed in 0.20 seconds with the score of 987.55 (2 unrouted), using 373.67 CPU seconds and 11425 MB memory.
2026-09-07 21:53:06.267 DEBUG  [1D05A9\EA6158] Autorouter Failed to route connection between pin #18 of component #65 and via, polylinetrace, polylinetrace, polylinetrace, pin #1 of component #16, pin of component #9, because the maze search algorithm could not be created.
2026-09-07 21:53:06.308 DEBUG  [1D05A9\EA6158] Autorouter Failed to route connection between via, polylinetrace, polylinetrace, polylinetrace, pin #1 of component #16, pin of component #9 and pin #18 of component #65, because the maze search algorithm could not be created.
2026-09-07 21:53:06.350 DEBUG  [1D05A9\EA6158] Autorouter Failed to route connection between polylinetrace, pin #19 of component #69 and pin #7 of component #65, because the maze search algorithm could not be created.
2026-09-07 21:53:06.385 DEBUG  [1D05A9\EA6158] Autorouter Failed to route connection between pin #7 of component #65 and polylinetrace, pin #19 of component #69, because the maze search algorithm could not be created.
2026-09-07 21:53:06.431 INFO   [1D05A9\EA6158] Auto-router pass #73 on board '376627ef6543b3d02b7c900e85ae5ac6' was completed in 0.20 seconds with the score of 987.55 (2 unrouted), using 373.67 CPU seconds and 11425 MB memory.
2026-09-07 21:53:06.498 DEBUG  [1D05A9\EA6158] Autorouter Failed to route connection between pin #7 of component #65 and polylinetrace, pin #19 of component #69, because the maze search algorithm could not be created.
2026-09-07 21:53:06.544 DEBUG  [1D05A9\EA6158] Autorouter Failed to route connection between polylinetrace, pin #19 of component #69 and pin #7 of component #65, because the maze search algorithm could not be created.
2026-09-07 21:53:06.583 DEBUG  [1D05A9\EA6158] Autorouter Failed to route connection between via, polylinetrace, polylinetrace, polylinetrace, pin #1 of component #16, pin of component #9 and pin #18 of component #65, because the maze search algorithm could not be created.
2026-09-07 21:53:06.617 DEBUG  [1D05A9\EA6158] Autorouter Failed to route connection between pin #18 of component #65 and via, polylinetrace, polylinetrace, polylinetrace, pin #1 of component #16, pin of component #9, because the maze search algorithm could not be created.
2026-09-07 21:53:06.656 INFO   [1D05A9\EA6158] Auto-router pass #74 on board '376627ef6543b3d02b7c900e85ae5ac6' was completed in 0.20 seconds with the score of 987.55 (2 unrouted), using 373.67 CPU seconds and 11425 MB memory.
2026-09-07 21:53:06.702 DEBUG  [1D05A9\EA6158] Autorouter Failed to route connection between pin #7 of component #65 and polylinetrace, pin #19 of component #69, because the maze search algorithm could not be created.
2026-09-07 21:53:06.733 DEBUG  [1D05A9\EA6158] Autorouter Failed to route connection between polylinetrace, pin #19 of component #69 and pin #7 of component #65, because the maze search algorithm could not be created.
2026-09-07 21:53:06.768 DEBUG  [1D05A9\EA6158] Autorouter Failed to route connection between via, polylinetrace, polylinetrace, polylinetrace, pin #1 of component #16, pin of component #9 and pin #18 of component #65, because the maze search algorithm could not be created.
2026-09-07 21:53:06.809 DEBUG  [1D05A9\EA6158] Autorouter Failed to route connection between pin #18 of component #65 and via, polylinetrace, polylinetrace, polylinetrace, pin #1 of component #16, pin of component #9, because the maze search algorithm could not be created.
2026-09-07 21:53:06.854 INFO   [1D05A9\EA6158] Auto-router pass #75 on board '376627ef6543b3d02b7c900e85ae5ac6' was completed in 0.18 seconds with the score of 987.55 (2 unrouted), using 373.67 CPU seconds and 11425 MB memory.
2026-09-07 21:53:06.925 DEBUG  [1D05A9\EA6158] Autorouter Failed to route connection between pin #18 of component #65 and via, polylinetrace, polylinetrace, polylinetrace, pin #1 of component #16, pin of component #9, because the maze search algorithm could not be created.
2026-09-07 21:53:06.958 DEBUG  [1D05A9\EA6158] Autorouter Failed to route connection between pin #7 of component #65 and polylinetrace, pin #19 of component #69, because the maze search algorithm could not be created.
2026-09-07 21:53:06.991 DEBUG  [1D05A9\EA6158] Autorouter Failed to route connection between via, polylinetrace, polylinetrace, polylinetrace, pin #1 of component #16, pin of component #9 and pin #18 of component #65, because the maze search algorithm could not be created.
2026-09-07 21:53:07.033 DEBUG  [1D05A9\EA6158] Autorouter Failed to route connection between polylinetrace, pin #19 of component #69 and pin #7 of component #65, because the maze search algorithm could not be created.
2026-09-07 21:53:07.075 INFO   [1D05A9\EA6158] Auto-router pass #76 on board '376627ef6543b3d02b7c900e85ae5ac6' was completed in 0.21 seconds with the score of 987.55 (2 unrouted), using 373.67 CPU seconds and 11425 MB memory.
2026-09-07 21:53:07.141 DEBUG  [1D05A9\EA6158] Autorouter Failed to route connection between via, polylinetrace, polylinetrace, polylinetrace, pin #1 of component #16, pin of component #9 and pin #18 of component #65, because the maze search algorithm could not be created.
2026-09-07 21:53:07.174 DEBUG  [1D05A9\EA6158] Autorouter Failed to route connection between polylinetrace, pin #19 of component #69 and pin #7 of component #65, because the maze search algorithm could not be created.
2026-09-07 21:53:07.206 DEBUG  [1D05A9\EA6158] Autorouter Failed to route connection between pin #7 of component #65 and polylinetrace, pin #19 of component #69, because the maze search algorithm could not be created.
2026-09-07 21:53:07.240 DEBUG  [1D05A9\EA6158] Autorouter Failed to route connection between pin #18 of component #65 and via, polylinetrace, polylinetrace, polylinetrace, pin #1 of component #16, pin of component #9, because the maze search algorithm could not be created.
2026-09-07 21:53:07.284 INFO   [1D05A9\EA6158] Auto-router pass #77 on board '376627ef6543b3d02b7c900e85ae5ac6' was completed in 0.19 seconds with the score of 987.55 (2 unrouted), using 400.84 CPU seconds and 11926 MB memory.
2026-09-07 21:53:07.339 DEBUG  [1D05A9\EA6158] Autorouter Failed to route connection between pin #18 of component #65 and via, polylinetrace, polylinetrace, polylinetrace, pin #1 of component #16, pin of component #9, because the maze search algorithm could not be created.
2026-09-07 21:53:07.384 DEBUG  [1D05A9\EA6158] Autorouter Failed to route connection between polylinetrace, pin #19 of component #69 and pin #7 of component #65, because the maze search algorithm could not be created.
2026-09-07 21:53:07.416 DEBUG  [1D05A9\EA6158] Autorouter Failed to route connection between via, polylinetrace, polylinetrace, polylinetrace, pin #1 of component #16, pin of component #9 and pin #18 of component #65, because the maze search algorithm could not be created.
2026-09-07 21:53:07.448 DEBUG  [1D05A9\EA6158] Autorouter Failed to route connection between pin #7 of component #65 and polylinetrace, pin #19 of component #69, because the maze search algorithm could not be created.
2026-09-07 21:53:07.491 INFO   [1D05A9\EA6158] Auto-router pass #78 on board '376627ef6543b3d02b7c900e85ae5ac6' was completed in 0.19 seconds with the score of 987.55 (2 unrouted), using 400.84 CPU seconds and 11926 MB memory.
2026-09-07 21:53:07.541 DEBUG  [1D05A9\EA6158] Autorouter Failed to route connection between via, polylinetrace, polylinetrace, polylinetrace, pin #1 of component #16, pin of component #9 and pin #18 of component #65, because the maze search algorithm could not be created.
2026-09-07 21:53:07.574 DEBUG  [1D05A9\EA6158] Autorouter Failed to route connection between polylinetrace, pin #19 of component #69 and pin #7 of component #65, because the maze search algorithm could not be created.
2026-09-07 21:53:07.607 DEBUG  [1D05A9\EA6158] Autorouter Failed to route connection between pin #18 of component #65 and via, polylinetrace, polylinetrace, polylinetrace, pin #1 of component #16, pin of component #9, because the maze search algorithm could not be created.
2026-09-07 21:53:07.639 DEBUG  [1D05A9\EA6158] Autorouter Failed to route connection between pin #7 of component #65 and polylinetrace, pin #19 of component #69, because the maze search algorithm could not be created.
2026-09-07 21:53:07.681 INFO   [1D05A9\EA6158] Auto-router pass #79 on board '376627ef6543b3d02b7c900e85ae5ac6' was completed in 0.17 seconds with the score of 987.55 (2 unrouted), using 400.84 CPU seconds and 11926 MB memory.
2026-09-07 21:53:07.748 DEBUG  [1D05A9\EA6158] Autorouter Failed to route connection between polylinetrace, pin #19 of component #69 and pin #7 of component #65, because the maze search algorithm could not be created.
2026-09-07 21:53:07.791 DEBUG  [1D05A9\EA6158] Autorouter Failed to route connection between pin #18 of component #65 and via, polylinetrace, polylinetrace, polylinetrace, pin #1 of component #16, pin of component #9, because the maze search algorithm could not be created.
2026-09-07 21:53:07.825 DEBUG  [1D05A9\EA6158] Autorouter Failed to route connection between pin #7 of component #65 and polylinetrace, pin #19 of component #69, because the maze search algorithm could not be created.
2026-09-07 21:53:07.859 DEBUG  [1D05A9\EA6158] Autorouter Failed to route connection between via, polylinetrace, polylinetrace, polylinetrace, pin #1 of component #16, pin of component #9 and pin #18 of component #65, because the maze search algorithm could not be created.
2026-09-07 21:53:07.908 INFO   [1D05A9\EA6158] Auto-router pass #80 on board '376627ef6543b3d02b7c900e85ae5ac6' was completed in 0.21 seconds with the score of 987.55 (2 unrouted), using 400.84 CPU seconds and 11926 MB memory.
2026-09-07 21:53:07.973 DEBUG  [1D05A9\EA6158] Autorouter Failed to route connection between polylinetrace, pin #19 of component #69 and pin #7 of component #65, because the maze search algorithm could not be created.
2026-09-07 21:53:08.002 DEBUG  [1D05A9\EA6158] Autorouter Failed to route connection between pin #18 of component #65 and via, polylinetrace, polylinetrace, polylinetrace, pin #1 of component #16, pin of component #9, because the maze search algorithm could not be created.
2026-09-07 21:53:08.042 DEBUG  [1D05A9\EA6158] Autorouter Failed to route connection between via, polylinetrace, polylinetrace, polylinetrace, pin #1 of component #16, pin of component #9 and pin #18 of component #65, because the maze search algorithm could not be created.
2026-09-07 21:53:08.073 DEBUG  [1D05A9\EA6158] Autorouter Failed to route connection between pin #7 of component #65 and polylinetrace, pin #19 of component #69, because the maze search algorithm could not be created.
2026-09-07 21:53:08.111 INFO   [1D05A9\EA6158] Auto-router pass #81 on board '376627ef6543b3d02b7c900e85ae5ac6' was completed in 0.18 seconds with the score of 987.55 (2 unrouted), using 400.84 CPU seconds and 11926 MB memory.
2026-09-07 21:53:08.166 DEBUG  [1D05A9\EA6158] Autorouter Failed to route connection between pin #18 of component #65 and via, polylinetrace, polylinetrace, polylinetrace, pin #1 of component #16, pin of component #9, because the maze search algorithm could not be created.
2026-09-07 21:53:08.197 DEBUG  [1D05A9\EA6158] Autorouter Failed to route connection between via, polylinetrace, polylinetrace, polylinetrace, pin #1 of component #16, pin of component #9 and pin #18 of component #65, because the maze search algorithm could not be created.
2026-09-07 21:53:08.226 DEBUG  [1D05A9\EA6158] Autorouter Failed to route connection between pin #7 of component #65 and polylinetrace, pin #19 of component #69, because the maze search algorithm could not be created.
2026-09-07 21:53:08.264 DEBUG  [1D05A9\EA6158] Autorouter Failed to route connection between polylinetrace, pin #19 of component #69 and pin #7 of component #65, because the maze search algorithm could not be created.
2026-09-07 21:53:08.307 INFO   [1D05A9\EA6158] Auto-router pass #82 on board '376627ef6543b3d02b7c900e85ae5ac6' was completed in 0.18 seconds with the score of 987.55 (2 unrouted), using 429.00 CPU seconds and 12451 MB memory.
2026-09-07 21:53:08.373 DEBUG  [1D05A9\EA6158] Autorouter Failed to route connection between via, polylinetrace, polylinetrace, polylinetrace, pin #1 of component #16, pin of component #9 and pin #18 of component #65, because the maze search algorithm could not be created.
2026-09-07 21:53:08.433 DEBUG  [1D05A9\EA6158] Autorouter Failed to route connection between pin #7 of component #65 and polylinetrace, pin #19 of component #69, because the maze search algorithm could not be created.
2026-09-07 21:53:08.489 DEBUG  [1D05A9\EA6158] Autorouter Failed to route connection between polylinetrace, pin #19 of component #69 and pin #7 of component #65, because the maze search algorithm could not be created.
2026-09-07 21:53:08.532 DEBUG  [1D05A9\EA6158] Autorouter Failed to route connection between pin #18 of component #65 and via, polylinetrace, polylinetrace, polylinetrace, pin #1 of component #16, pin of component #9, because the maze search algorithm could not be created.
2026-09-07 21:53:08.571 INFO   [1D05A9\EA6158] Auto-router pass #83 on board '376627ef6543b3d02b7c900e85ae5ac6' was completed in 0.25 seconds with the score of 987.55 (2 unrouted), using 429.00 CPU seconds and 12451 MB memory.
2026-09-07 21:53:08.623 DEBUG  [1D05A9\EA6158] Autorouter Failed to route connection between via, polylinetrace, polylinetrace, polylinetrace, pin #1 of component #16, pin of component #9 and pin #18 of component #65, because the maze search algorithm could not be created.
2026-09-07 21:53:08.652 DEBUG  [1D05A9\EA6158] Autorouter Failed to route connection between pin #18 of component #65 and via, polylinetrace, polylinetrace, polylinetrace, pin #1 of component #16, pin of component #9, because the maze search algorithm could not be created.
2026-09-07 21:53:08.682 DEBUG  [1D05A9\EA6158] Autorouter Failed to route connection between polylinetrace, pin #19 of component #69 and pin #7 of component #65, because the maze search algorithm could not be created.
2026-09-07 21:53:08.715 DEBUG  [1D05A9\EA6158] Autorouter Failed to route connection between pin #7 of component #65 and polylinetrace, pin #19 of component #69, because the maze search algorithm could not be created.
2026-09-07 21:53:08.751 INFO   [1D05A9\EA6158] Auto-router pass #84 on board '376627ef6543b3d02b7c900e85ae5ac6' was completed in 0.17 seconds with the score of 987.55 (2 unrouted), using 429.00 CPU seconds and 12451 MB memory.
2026-09-07 21:53:08.800 DEBUG  [1D05A9\EA6158] Autorouter Failed to route connection between pin #18 of component #65 and via, polylinetrace, polylinetrace, polylinetrace, pin #1 of component #16, pin of component #9, because the maze search algorithm could not be created.
2026-09-07 21:53:08.830 DEBUG  [1D05A9\EA6158] Autorouter Failed to route connection between pin #7 of component #65 and polylinetrace, pin #19 of component #69, because the maze search algorithm could not be created.
2026-09-07 21:53:08.864 DEBUG  [1D05A9\EA6158] Autorouter Failed to route connection between via, polylinetrace, polylinetrace, polylinetrace, pin #1 of component #16, pin of component #9 and pin #18 of component #65, because the maze search algorithm could not be created.
2026-09-07 21:53:08.894 DEBUG  [1D05A9\EA6158] Autorouter Failed to route connection between polylinetrace, pin #19 of component #69 and pin #7 of component #65, because the maze search algorithm could not be created.
2026-09-07 21:53:08.940 INFO   [1D05A9\EA6158] Auto-router pass #85 on board '376627ef6543b3d02b7c900e85ae5ac6' was completed in 0.17 seconds with the score of 987.55 (2 unrouted), using 429.00 CPU seconds and 12451 MB memory.
2026-09-07 21:53:09.006 DEBUG  [1D05A9\EA6158] Autorouter Failed to route connection between via, polylinetrace, polylinetrace, polylinetrace, pin #1 of component #16, pin of component #9 and pin #18 of component #65, because the maze search algorithm could not be created.
2026-09-07 21:53:09.039 DEBUG  [1D05A9\EA6158] Autorouter Failed to route connection between polylinetrace, pin #19 of component #69 and pin #7 of component #65, because the maze search algorithm could not be created.
2026-09-07 21:53:09.067 DEBUG  [1D05A9\EA6158] Autorouter Failed to route connection between pin #7 of component #65 and polylinetrace, pin #19 of component #69, because the maze search algorithm could not be created.
2026-09-07 21:53:09.109 DEBUG  [1D05A9\EA6158] Autorouter Failed to route connection between pin #18 of component #65 and via, polylinetrace, polylinetrace, polylinetrace, pin #1 of component #16, pin of component #9, because the maze search algorithm could not be created.
2026-09-07 21:53:09.148 INFO   [1D05A9\EA6158] Auto-router pass #86 on board '376627ef6543b3d02b7c900e85ae5ac6' was completed in 0.19 seconds with the score of 987.55 (2 unrouted), using 429.00 CPU seconds and 12451 MB memory.
2026-09-07 21:53:09.193 DEBUG  [1D05A9\EA6158] Autorouter Failed to route connection between pin #7 of component #65 and polylinetrace, pin #19 of component #69, because the maze search algorithm could not be created.
2026-09-07 21:53:09.230 DEBUG  [1D05A9\EA6158] Autorouter Failed to route connection between polylinetrace, pin #19 of component #69 and pin #7 of component #65, because the maze search algorithm could not be created.
2026-09-07 21:53:09.272 DEBUG  [1D05A9\EA6158] Autorouter Failed to route connection between via, polylinetrace, polylinetrace, polylinetrace, pin #1 of component #16, pin of component #9 and pin #18 of component #65, because the maze search algorithm could not be created.
2026-09-07 21:53:09.298 DEBUG  [1D05A9\EA6158] Autorouter Failed to route connection between pin #18 of component #65 and via, polylinetrace, polylinetrace, polylinetrace, pin #1 of component #16, pin of component #9, because the maze search algorithm could not be created.
2026-09-07 21:53:09.345 INFO   [1D05A9\EA6158] Auto-router pass #87 on board '376627ef6543b3d02b7c900e85ae5ac6' was completed in 0.18 seconds with the score of 987.55 (2 unrouted), using 458.11 CPU seconds and 12966 MB memory.
2026-09-07 21:53:09.391 DEBUG  [1D05A9\EA6158] Autorouter Failed to route connection between pin #7 of component #65 and polylinetrace, pin #19 of component #69, because the maze search algorithm could not be created.
2026-09-07 21:53:09.424 DEBUG  [1D05A9\EA6158] Autorouter Failed to route connection between polylinetrace, pin #19 of component #69 and pin #7 of component #65, because the maze search algorithm could not be created.
2026-09-07 21:53:09.458 DEBUG  [1D05A9\EA6158] Autorouter Failed to route connection between via, polylinetrace, polylinetrace, polylinetrace, pin #1 of component #16, pin of component #9 and pin #18 of component #65, because the maze search algorithm could not be created.
2026-09-07 21:53:09.489 DEBUG  [1D05A9\EA6158] Autorouter Failed to route connection between pin #18 of component #65 and via, polylinetrace, polylinetrace, polylinetrace, pin #1 of component #16, pin of component #9, because the maze search algorithm could not be created.
2026-09-07 21:53:09.525 INFO   [1D05A9\EA6158] Auto-router pass #88 on board '376627ef6543b3d02b7c900e85ae5ac6' was completed in 0.17 seconds with the score of 987.55 (2 unrouted), using 458.11 CPU seconds and 12966 MB memory.
2026-09-07 21:53:09.575 DEBUG  [1D05A9\EA6158] Autorouter Failed to route connection between via, polylinetrace, polylinetrace, polylinetrace, pin #1 of component #16, pin of component #9 and pin #18 of component #65, because the maze search algorithm could not be created.
2026-09-07 21:53:09.609 DEBUG  [1D05A9\EA6158] Autorouter Failed to route connection between polylinetrace, pin #19 of component #69 and pin #7 of component #65, because the maze search algorithm could not be created.
2026-09-07 21:53:09.642 DEBUG  [1D05A9\EA6158] Autorouter Failed to route connection between pin #18 of component #65 and via, polylinetrace, polylinetrace, polylinetrace, pin #1 of component #16, pin of component #9, because the maze search algorithm could not be created.
2026-09-07 21:53:09.673 DEBUG  [1D05A9\EA6158] Autorouter Failed to route connection between pin #7 of component #65 and polylinetrace, pin #19 of component #69, because the maze search algorithm could not be created.
2026-09-07 21:53:09.716 INFO   [1D05A9\EA6158] Auto-router pass #89 on board '376627ef6543b3d02b7c900e85ae5ac6' was completed in 0.18 seconds with the score of 987.55 (2 unrouted), using 458.11 CPU seconds and 12966 MB memory.
2026-09-07 21:53:09.765 DEBUG  [1D05A9\EA6158] Autorouter Failed to route connection between polylinetrace, pin #19 of component #69 and pin #7 of component #65, because the maze search algorithm could not be created.
2026-09-07 21:53:09.797 DEBUG  [1D05A9\EA6158] Autorouter Failed to route connection between pin #18 of component #65 and via, polylinetrace, polylinetrace, polylinetrace, pin #1 of component #16, pin of component #9, because the maze search algorithm could not be created.
2026-09-07 21:53:09.831 DEBUG  [1D05A9\EA6158] Autorouter Failed to route connection between via, polylinetrace, polylinetrace, polylinetrace, pin #1 of component #16, pin of component #9 and pin #18 of component #65, because the maze search algorithm could not be created.
2026-09-07 21:53:09.858 DEBUG  [1D05A9\EA6158] Autorouter Failed to route connection between pin #7 of component #65 and polylinetrace, pin #19 of component #69, because the maze search algorithm could not be created.
2026-09-07 21:53:09.896 INFO   [1D05A9\EA6158] Auto-router pass #90 on board '376627ef6543b3d02b7c900e85ae5ac6' was completed in 0.16 seconds with the score of 987.55 (2 unrouted), using 458.11 CPU seconds and 12966 MB memory.
2026-09-07 21:53:09.946 DEBUG  [1D05A9\EA6158] Autorouter Failed to route connection between via, polylinetrace, polylinetrace, polylinetrace, pin #1 of component #16, pin of component #9 and pin #18 of component #65, because the maze search algorithm could not be created.
2026-09-07 21:53:09.981 DEBUG  [1D05A9\EA6158] Autorouter Failed to route connection between pin #18 of component #65 and via, polylinetrace, polylinetrace, polylinetrace, pin #1 of component #16, pin of component #9, because the maze search algorithm could not be created.
2026-09-07 21:53:10.024 DEBUG  [1D05A9\EA6158] Autorouter Failed to route connection between polylinetrace, pin #19 of component #69 and pin #7 of component #65, because the maze search algorithm could not be created.
2026-09-07 21:53:10.058 DEBUG  [1D05A9\EA6158] Autorouter Failed to route connection between pin #7 of component #65 and polylinetrace, pin #19 of component #69, because the maze search algorithm could not be created.
2026-09-07 21:53:10.098 INFO   [1D05A9\EA6158] Auto-router pass #91 on board '376627ef6543b3d02b7c900e85ae5ac6' was completed in 0.19 seconds with the score of 987.55 (2 unrouted), using 458.11 CPU seconds and 12966 MB memory.
2026-09-07 21:53:10.147 DEBUG  [1D05A9\EA6158] Autorouter Failed to route connection between pin #7 of component #65 and polylinetrace, pin #19 of component #69, because the maze search algorithm could not be created.
2026-09-07 21:53:10.181 DEBUG  [1D05A9\EA6158] Autorouter Failed to route connection between via, polylinetrace, polylinetrace, polylinetrace, pin #1 of component #16, pin of component #9 and pin #18 of component #65, because the maze search algorithm could not be created.
2026-09-07 21:53:10.210 DEBUG  [1D05A9\EA6158] Autorouter Failed to route connection between polylinetrace, pin #19 of component #69 and pin #7 of component #65, because the maze search algorithm could not be created.
2026-09-07 21:53:10.242 DEBUG  [1D05A9\EA6158] Autorouter Failed to route connection between pin #18 of component #65 and via, polylinetrace, polylinetrace, polylinetrace, pin #1 of component #16, pin of component #9, because the maze search algorithm could not be created.
2026-09-07 21:53:10.281 INFO   [1D05A9\EA6158] Auto-router pass #92 on board '376627ef6543b3d02b7c900e85ae5ac6' was completed in 0.17 seconds with the score of 987.55 (2 unrouted), using 488.12 CPU seconds and 13537 MB memory.
2026-09-07 21:53:10.365 DEBUG  [1D05A9\EA6158] Autorouter Failed to route connection between pin #7 of component #65 and polylinetrace, pin #19 of component #69, because the maze search algorithm could not be created.
2026-09-07 21:53:10.404 DEBUG  [1D05A9\EA6158] Autorouter Failed to route connection between pin #18 of component #65 and via, polylinetrace, polylinetrace, polylinetrace, pin #1 of component #16, pin of component #9, because the maze search algorithm could not be created.
2026-09-07 21:53:10.433 DEBUG  [1D05A9\EA6158] Autorouter Failed to route connection between via, polylinetrace, polylinetrace, polylinetrace, pin #1 of component #16, pin of component #9 and pin #18 of component #65, because the maze search algorithm could not be created.
2026-09-07 21:53:10.465 DEBUG  [1D05A9\EA6158] Autorouter Failed to route connection between polylinetrace, pin #19 of component #69 and pin #7 of component #65, because the maze search algorithm could not be created.
2026-09-07 21:53:10.507 INFO   [1D05A9\EA6158] Auto-router pass #93 on board '376627ef6543b3d02b7c900e85ae5ac6' was completed in 0.20 seconds with the score of 987.55 (2 unrouted), using 488.12 CPU seconds and 13537 MB memory.
2026-09-07 21:53:10.557 DEBUG  [1D05A9\EA6158] Autorouter Failed to route connection between pin #18 of component #65 and via, polylinetrace, polylinetrace, polylinetrace, pin #1 of component #16, pin of component #9, because the maze search algorithm could not be created.
2026-09-07 21:53:10.601 DEBUG  [1D05A9\EA6158] Autorouter Failed to route connection between via, polylinetrace, polylinetrace, polylinetrace, pin #1 of component #16, pin of component #9 and pin #18 of component #65, because the maze search algorithm could not be created.
2026-09-07 21:53:10.631 DEBUG  [1D05A9\EA6158] Autorouter Failed to route connection between polylinetrace, pin #19 of component #69 and pin #7 of component #65, because the maze search algorithm could not be created.
2026-09-07 21:53:10.666 DEBUG  [1D05A9\EA6158] Autorouter Failed to route connection between pin #7 of component #65 and polylinetrace, pin #19 of component #69, because the maze search algorithm could not be created.
2026-09-07 21:53:10.701 INFO   [1D05A9\EA6158] Auto-router pass #94 on board '376627ef6543b3d02b7c900e85ae5ac6' was completed in 0.18 seconds with the score of 987.55 (2 unrouted), using 488.12 CPU seconds and 13537 MB memory.
2026-09-07 21:53:10.747 DEBUG  [1D05A9\EA6158] Autorouter Failed to route connection between pin #7 of component #65 and polylinetrace, pin #19 of component #69, because the maze search algorithm could not be created.
2026-09-07 21:53:10.780 DEBUG  [1D05A9\EA6158] Autorouter Failed to route connection between via, polylinetrace, polylinetrace, polylinetrace, pin #1 of component #16, pin of component #9 and pin #18 of component #65, because the maze search algorithm could not be created.
2026-09-07 21:53:10.816 DEBUG  [1D05A9\EA6158] Autorouter Failed to route connection between pin #18 of component #65 and via, polylinetrace, polylinetrace, polylinetrace, pin #1 of component #16, pin of component #9, because the maze search algorithm could not be created.
2026-09-07 21:53:10.847 DEBUG  [1D05A9\EA6158] Autorouter Failed to route connection between polylinetrace, pin #19 of component #69 and pin #7 of component #65, because the maze search algorithm could not be created.
2026-09-07 21:53:10.888 INFO   [1D05A9\EA6158] Auto-router pass #95 on board '376627ef6543b3d02b7c900e85ae5ac6' was completed in 0.17 seconds with the score of 987.55 (2 unrouted), using 488.12 CPU seconds and 13537 MB memory.
2026-09-07 21:53:10.935 DEBUG  [1D05A9\EA6158] Autorouter Failed to route connection between pin #7 of component #65 and polylinetrace, pin #19 of component #69, because the maze search algorithm could not be created.
2026-09-07 21:53:10.967 DEBUG  [1D05A9\EA6158] Autorouter Failed to route connection between via, polylinetrace, polylinetrace, polylinetrace, pin #1 of component #16, pin of component #9 and pin #18 of component #65, because the maze search algorithm could not be created.
2026-09-07 21:53:10.998 DEBUG  [1D05A9\EA6158] Autorouter Failed to route connection between pin #18 of component #65 and via, polylinetrace, polylinetrace, polylinetrace, pin #1 of component #16, pin of component #9, because the maze search algorithm could not be created.
2026-09-07 21:53:11.027 DEBUG  [1D05A9\EA6158] Autorouter Failed to route connection between polylinetrace, pin #19 of component #69 and pin #7 of component #65, because the maze search algorithm could not be created.
2026-09-07 21:53:11.073 INFO   [1D05A9\EA6158] Auto-router pass #96 on board '376627ef6543b3d02b7c900e85ae5ac6' was completed in 0.17 seconds with the score of 987.55 (2 unrouted), using 488.12 CPU seconds and 13537 MB memory.
2026-09-07 21:53:11.133 DEBUG  [1D05A9\EA6158] Autorouter Failed to route connection between via, polylinetrace, polylinetrace, polylinetrace, pin #1 of component #16, pin of component #9 and pin #18 of component #65, because the maze search algorithm could not be created.
2026-09-07 21:53:11.175 DEBUG  [1D05A9\EA6158] Autorouter Failed to route connection between pin #18 of component #65 and via, polylinetrace, polylinetrace, polylinetrace, pin #1 of component #16, pin of component #9, because the maze search algorithm could not be created.
2026-09-07 21:53:11.215 DEBUG  [1D05A9\EA6158] Autorouter Failed to route connection between pin #7 of component #65 and polylinetrace, pin #19 of component #69, because the maze search algorithm could not be created.
2026-09-07 21:53:11.255 DEBUG  [1D05A9\EA6158] Autorouter Failed to route connection between polylinetrace, pin #19 of component #69 and pin #7 of component #65, because the maze search algorithm could not be created.
2026-09-07 21:53:11.307 INFO   [1D05A9\EA6158] Auto-router pass #97 on board '376627ef6543b3d02b7c900e85ae5ac6' was completed in 0.22 seconds with the score of 987.55 (2 unrouted), using 519.09 CPU seconds and 14067 MB memory.
2026-09-07 21:53:11.364 DEBUG  [1D05A9\EA6158] Autorouter Failed to route connection between via, polylinetrace, polylinetrace, polylinetrace, pin #1 of component #16, pin of component #9 and pin #18 of component #65, because the maze search algorithm could not be created.
2026-09-07 21:53:11.399 DEBUG  [1D05A9\EA6158] Autorouter Failed to route connection between pin #18 of component #65 and via, polylinetrace, polylinetrace, polylinetrace, pin #1 of component #16, pin of component #9, because the maze search algorithm could not be created.
2026-09-07 21:53:11.440 DEBUG  [1D05A9\EA6158] Autorouter Failed to route connection between pin #7 of component #65 and polylinetrace, pin #19 of component #69, because the maze search algorithm could not be created.
2026-09-07 21:53:11.473 DEBUG  [1D05A9\EA6158] Autorouter Failed to route connection between polylinetrace, pin #19 of component #69 and pin #7 of component #65, because the maze search algorithm could not be created.
2026-09-07 21:53:11.514 INFO   [1D05A9\EA6158] Auto-router pass #98 on board '376627ef6543b3d02b7c900e85ae5ac6' was completed in 0.19 seconds with the score of 987.55 (2 unrouted), using 519.09 CPU seconds and 14067 MB memory.
2026-09-07 21:53:11.580 DEBUG  [1D05A9\EA6158] Autorouter Failed to route connection between polylinetrace, pin #19 of component #69 and pin #7 of component #65, because the maze search algorithm could not be created.
2026-09-07 21:53:11.610 DEBUG  [1D05A9\EA6158] Autorouter Failed to route connection between pin #7 of component #65 and polylinetrace, pin #19 of component #69, because the maze search algorithm could not be created.
2026-09-07 21:53:11.661 DEBUG  [1D05A9\EA6158] Autorouter Failed to route connection between pin #18 of component #65 and via, polylinetrace, polylinetrace, polylinetrace, pin #1 of component #16, pin of component #9, because the maze search algorithm could not be created.
2026-09-07 21:53:11.701 DEBUG  [1D05A9\EA6158] Autorouter Failed to route connection between via, polylinetrace, polylinetrace, polylinetrace, pin #1 of component #16, pin of component #9 and pin #18 of component #65, because the maze search algorithm could not be created.
2026-09-07 21:53:11.747 INFO   [1D05A9\EA6158] Auto-router pass #99 on board '376627ef6543b3d02b7c900e85ae5ac6' was completed in 0.21 seconds with the score of 987.55 (2 unrouted), using 519.09 CPU seconds and 14067 MB memory.
2026-09-07 21:53:11.807 DEBUG  [1D05A9\EA6158] Autorouter Failed to route connection between pin #7 of component #65 and polylinetrace, pin #19 of component #69, because the maze search algorithm could not be created.
2026-09-07 21:53:11.847 DEBUG  [1D05A9\EA6158] Autorouter Failed to route connection between via, polylinetrace, polylinetrace, polylinetrace, pin #1 of component #16, pin of component #9 and pin #18 of component #65, because the maze search algorithm could not be created.
2026-09-07 21:53:11.885 DEBUG  [1D05A9\EA6158] Autorouter Failed to route connection between polylinetrace, pin #19 of component #69 and pin #7 of component #65, because the maze search algorithm could not be created.
2026-09-07 21:53:11.914 DEBUG  [1D05A9\EA6158] Autorouter Failed to route connection between pin #18 of component #65 and via, polylinetrace, polylinetrace, polylinetrace, pin #1 of component #16, pin of component #9, because the maze search algorithm could not be created.
2026-09-07 21:53:11.963 INFO   [1D05A9\EA6158] Auto-router pass #100 on board '376627ef6543b3d02b7c900e85ae5ac6' was completed in 0.20 seconds with the score of 987.55 (2 unrouted), using 519.09 CPU seconds and 14067 MB memory.
2026-09-07 21:53:12.017 DEBUG  [1D05A9\EA6158] Autorouter Failed to route connection between polylinetrace, pin #19 of component #69 and pin #7 of component #65, because the maze search algorithm could not be created.
2026-09-07 21:53:12.059 DEBUG  [1D05A9\EA6158] Autorouter Failed to route connection between pin #18 of component #65 and via, polylinetrace, polylinetrace, polylinetrace, pin #1 of component #16, pin of component #9, because the maze search algorithm could not be created.
2026-09-07 21:53:12.092 DEBUG  [1D05A9\EA6158] Autorouter Failed to route connection between pin #7 of component #65 and polylinetrace, pin #19 of component #69, because the maze search algorithm could not be created.
2026-09-07 21:53:12.123 DEBUG  [1D05A9\EA6158] Autorouter Failed to route connection between via, polylinetrace, polylinetrace, polylinetrace, pin #1 of component #16, pin of component #9 and pin #18 of component #65, because the maze search algorithm could not be created.
2026-09-07 21:53:12.164 INFO   [1D05A9\EA6158] Auto-router pass #101 on board '376627ef6543b3d02b7c900e85ae5ac6' was completed in 0.19 seconds with the score of 987.55 (2 unrouted), using 519.09 CPU seconds and 14067 MB memory.
2026-09-07 21:53:12.221 DEBUG  [1D05A9\EA6158] Autorouter Failed to route connection between polylinetrace, pin #19 of component #69 and pin #7 of component #65, because the maze search algorithm could not be created.
2026-09-07 21:53:12.257 DEBUG  [1D05A9\EA6158] Autorouter Failed to route connection between via, polylinetrace, polylinetrace, polylinetrace, pin #1 of component #16, pin of component #9 and pin #18 of component #65, because the maze search algorithm could not be created.
2026-09-07 21:53:12.289 DEBUG  [1D05A9\EA6158] Autorouter Failed to route connection between pin #18 of component #65 and via, polylinetrace, polylinetrace, polylinetrace, pin #1 of component #16, pin of component #9, because the maze search algorithm could not be created.
2026-09-07 21:53:12.331 DEBUG  [1D05A9\EA6158] Autorouter Failed to route connection between pin #7 of component #65 and polylinetrace, pin #19 of component #69, because the maze search algorithm could not be created.
2026-09-07 21:53:12.375 INFO   [1D05A9\EA6158] Auto-router pass #102 on board '376627ef6543b3d02b7c900e85ae5ac6' was completed in 0.20 seconds with the score of 987.55 (2 unrouted), using 551.03 CPU seconds and 14562 MB memory.
2026-09-07 21:53:12.422 DEBUG  [1D05A9\EA6158] Autorouter Failed to route connection between pin #18 of component #65 and via, polylinetrace, polylinetrace, polylinetrace, pin #1 of component #16, pin of component #9, because the maze search algorithm could not be created.
2026-09-07 21:53:12.457 DEBUG  [1D05A9\EA6158] Autorouter Failed to route connection between polylinetrace, pin #19 of component #69 and pin #7 of component #65, because the maze search algorithm could not be created.
2026-09-07 21:53:12.490 DEBUG  [1D05A9\EA6158] Autorouter Failed to route connection between via, polylinetrace, polylinetrace, polylinetrace, pin #1 of component #16, pin of component #9 and pin #18 of component #65, because the maze search algorithm could not be created.
2026-09-07 21:53:12.525 DEBUG  [1D05A9\EA6158] Autorouter Failed to route connection between pin #7 of component #65 and polylinetrace, pin #19 of component #69, because the maze search algorithm could not be created.
2026-09-07 21:53:12.565 INFO   [1D05A9\EA6158] Auto-router pass #103 on board '376627ef6543b3d02b7c900e85ae5ac6' was completed in 0.17 seconds with the score of 987.55 (2 unrouted), using 551.03 CPU seconds and 14562 MB memory.
2026-09-07 21:53:12.612 DEBUG  [1D05A9\EA6158] Autorouter Failed to route connection between pin #7 of component #65 and polylinetrace, pin #19 of component #69, because the maze search algorithm could not be created.
2026-09-07 21:53:12.647 DEBUG  [1D05A9\EA6158] Autorouter Failed to route connection between via, polylinetrace, polylinetrace, polylinetrace, pin #1 of component #16, pin of component #9 and pin #18 of component #65, because the maze search algorithm could not be created.
2026-09-07 21:53:12.683 DEBUG  [1D05A9\EA6158] Autorouter Failed to route connection between polylinetrace, pin #19 of component #69 and pin #7 of component #65, because the maze search algorithm could not be created.
2026-09-07 21:53:12.724 DEBUG  [1D05A9\EA6158] Autorouter Failed to route connection between pin #18 of component #65 and via, polylinetrace, polylinetrace, polylinetrace, pin #1 of component #16, pin of component #9, because the maze search algorithm could not be created.
2026-09-07 21:53:12.773 INFO   [1D05A9\EA6158] Auto-router pass #104 on board '376627ef6543b3d02b7c900e85ae5ac6' was completed in 0.20 seconds with the score of 987.55 (2 unrouted), using 551.03 CPU seconds and 14562 MB memory.
2026-09-07 21:53:12.826 DEBUG  [1D05A9\EA6158] Autorouter Failed to route connection between pin #7 of component #65 and polylinetrace, pin #19 of component #69, because the maze search algorithm could not be created.
2026-09-07 21:53:12.859 DEBUG  [1D05A9\EA6158] Autorouter Failed to route connection between pin #18 of component #65 and via, polylinetrace, polylinetrace, polylinetrace, pin #1 of component #16, pin of component #9, because the maze search algorithm could not be created.
2026-09-07 21:53:12.897 DEBUG  [1D05A9\EA6158] Autorouter Failed to route connection between via, polylinetrace, polylinetrace, polylinetrace, pin #1 of component #16, pin of component #9 and pin #18 of component #65, because the maze search algorithm could not be created.
2026-09-07 21:53:12.941 DEBUG  [1D05A9\EA6158] Autorouter Failed to route connection between polylinetrace, pin #19 of component #69 and pin #7 of component #65, because the maze search algorithm could not be created.
2026-09-07 21:53:12.981 INFO   [1D05A9\EA6158] Auto-router pass #105 on board '376627ef6543b3d02b7c900e85ae5ac6' was completed in 0.19 seconds with the score of 987.55 (2 unrouted), using 551.03 CPU seconds and 14562 MB memory.
2026-09-07 21:53:13.035 DEBUG  [1D05A9\EA6158] Autorouter Failed to route connection between pin #18 of component #65 and via, polylinetrace, polylinetrace, polylinetrace, pin #1 of component #16, pin of component #9, because the maze search algorithm could not be created.
2026-09-07 21:53:13.074 DEBUG  [1D05A9\EA6158] Autorouter Failed to route connection between pin #7 of component #65 and polylinetrace, pin #19 of component #69, because the maze search algorithm could not be created.
2026-09-07 21:53:13.115 DEBUG  [1D05A9\EA6158] Autorouter Failed to route connection between via, polylinetrace, polylinetrace, polylinetrace, pin #1 of component #16, pin of component #9 and pin #18 of component #65, because the maze search algorithm could not be created.
2026-09-07 21:53:13.155 DEBUG  [1D05A9\EA6158] Autorouter Failed to route connection between polylinetrace, pin #19 of component #69 and pin #7 of component #65, because the maze search algorithm could not be created.
2026-09-07 21:53:13.206 INFO   [1D05A9\EA6158] Auto-router pass #106 on board '376627ef6543b3d02b7c900e85ae5ac6' was completed in 0.21 seconds with the score of 987.55 (2 unrouted), using 551.03 CPU seconds and 14562 MB memory.
2026-09-07 21:53:13.282 DEBUG  [1D05A9\EA6158] Autorouter Failed to route connection between pin #7 of component #65 and polylinetrace, pin #19 of component #69, because the maze search algorithm could not be created.
2026-09-07 21:53:13.314 DEBUG  [1D05A9\EA6158] Autorouter Failed to route connection between pin #18 of component #65 and via, polylinetrace, polylinetrace, polylinetrace, pin #1 of component #16, pin of component #9, because the maze search algorithm could not be created.
2026-09-07 21:53:13.345 DEBUG  [1D05A9\EA6158] Autorouter Failed to route connection between via, polylinetrace, polylinetrace, polylinetrace, pin #1 of component #16, pin of component #9 and pin #18 of component #65, because the maze search algorithm could not be created.
2026-09-07 21:53:13.381 DEBUG  [1D05A9\EA6158] Autorouter Failed to route connection between polylinetrace, pin #19 of component #69 and pin #7 of component #65, because the maze search algorithm could not be created.
2026-09-07 21:53:13.423 INFO   [1D05A9\EA6158] Auto-router pass #107 on board '376627ef6543b3d02b7c900e85ae5ac6' was completed in 0.20 seconds with the score of 987.55 (2 unrouted), using 583.97 CPU seconds and 15063 MB memory.
2026-09-07 21:53:13.483 DEBUG  [1D05A9\EA6158] Autorouter Failed to route connection between pin #18 of component #65 and via, polylinetrace, polylinetrace, polylinetrace, pin #1 of component #16, pin of component #9, because the maze search algorithm could not be created.
2026-09-07 21:53:13.515 DEBUG  [1D05A9\EA6158] Autorouter Failed to route connection between polylinetrace, pin #19 of component #69 and pin #7 of component #65, because the maze search algorithm could not be created.
2026-09-07 21:53:13.541 DEBUG  [1D05A9\EA6158] Autorouter Failed to route connection between pin #7 of component #65 and polylinetrace, pin #19 of component #69, because the maze search algorithm could not be created.
2026-09-07 21:53:13.580 DEBUG  [1D05A9\EA6158] Autorouter Failed to route connection between via, polylinetrace, polylinetrace, polylinetrace, pin #1 of component #16, pin of component #9 and pin #18 of component #65, because the maze search algorithm could not be created.
2026-09-07 21:53:13.622 INFO   [1D05A9\EA6158] Auto-router pass #108 on board '376627ef6543b3d02b7c900e85ae5ac6' was completed in 0.18 seconds with the score of 987.55 (2 unrouted), using 583.97 CPU seconds and 15063 MB memory.
2026-09-07 21:53:13.672 DEBUG  [1D05A9\EA6158] Autorouter Failed to route connection between pin #18 of component #65 and via, polylinetrace, polylinetrace, polylinetrace, pin #1 of component #16, pin of component #9, because the maze search algorithm could not be created.
2026-09-07 21:53:13.700 DEBUG  [1D05A9\EA6158] Autorouter Failed to route connection between pin #7 of component #65 and polylinetrace, pin #19 of component #69, because the maze search algorithm could not be created.
2026-09-07 21:53:13.732 DEBUG  [1D05A9\EA6158] Autorouter Failed to route connection between via, polylinetrace, polylinetrace, polylinetrace, pin #1 of component #16, pin of component #9 and pin #18 of component #65, because the maze search algorithm could not be created.
2026-09-07 21:53:13.762 DEBUG  [1D05A9\EA6158] Autorouter Failed to route connection between polylinetrace, pin #19 of component #69 and pin #7 of component #65, because the maze search algorithm could not be created.
2026-09-07 21:53:13.813 INFO   [1D05A9\EA6158] Auto-router pass #109 on board '376627ef6543b3d02b7c900e85ae5ac6' was completed in 0.17 seconds with the score of 987.55 (2 unrouted), using 583.97 CPU seconds and 15063 MB memory.
2026-09-07 21:53:13.855 DEBUG  [1D05A9\EA6158] Autorouter Failed to route connection between via, polylinetrace, polylinetrace, polylinetrace, pin #1 of component #16, pin of component #9 and pin #18 of component #65, because the maze search algorithm could not be created.
2026-09-07 21:53:13.891 DEBUG  [1D05A9\EA6158] Autorouter Failed to route connection between pin #7 of component #65 and polylinetrace, pin #19 of component #69, because the maze search algorithm could not be created.
2026-09-07 21:53:13.931 DEBUG  [1D05A9\EA6158] Autorouter Failed to route connection between pin #18 of component #65 and via, polylinetrace, polylinetrace, polylinetrace, pin #1 of component #16, pin of component #9, because the maze search algorithm could not be created.
2026-09-07 21:53:13.974 DEBUG  [1D05A9\EA6158] Autorouter Failed to route connection between polylinetrace, pin #19 of component #69 and pin #7 of component #65, because the maze search algorithm could not be created.
2026-09-07 21:53:14.016 INFO   [1D05A9\EA6158] Auto-router pass #110 on board '376627ef6543b3d02b7c900e85ae5ac6' was completed in 0.19 seconds with the score of 987.55 (2 unrouted), using 583.97 CPU seconds and 15063 MB memory.
2026-09-07 21:53:14.080 DEBUG  [1D05A9\EA6158] Autorouter Failed to route connection between pin #18 of component #65 and via, polylinetrace, polylinetrace, polylinetrace, pin #1 of component #16, pin of component #9, because the maze search algorithm could not be created.
2026-09-07 21:53:14.122 DEBUG  [1D05A9\EA6158] Autorouter Failed to route connection between polylinetrace, pin #19 of component #69 and pin #7 of component #65, because the maze search algorithm could not be created.
2026-09-07 21:53:14.158 DEBUG  [1D05A9\EA6158] Autorouter Failed to route connection between via, polylinetrace, polylinetrace, polylinetrace, pin #1 of component #16, pin of component #9 and pin #18 of component #65, because the maze search algorithm could not be created.
2026-09-07 21:53:14.192 DEBUG  [1D05A9\EA6158] Autorouter Failed to route connection between pin #7 of component #65 and polylinetrace, pin #19 of component #69, because the maze search algorithm could not be created.
2026-09-07 21:53:14.231 INFO   [1D05A9\EA6158] Auto-router pass #111 on board '376627ef6543b3d02b7c900e85ae5ac6' was completed in 0.20 seconds with the score of 987.55 (2 unrouted), using 583.97 CPU seconds and 15063 MB memory.
2026-09-07 21:53:14.297 DEBUG  [1D05A9\EA6158] Autorouter Failed to route connection between pin #18 of component #65 and via, polylinetrace, polylinetrace, polylinetrace, pin #1 of component #16, pin of component #9, because the maze search algorithm could not be created.
2026-09-07 21:53:14.339 DEBUG  [1D05A9\EA6158] Autorouter Failed to route connection between pin #7 of component #65 and polylinetrace, pin #19 of component #69, because the maze search algorithm could not be created.
2026-09-07 21:53:14.379 DEBUG  [1D05A9\EA6158] Autorouter Failed to route connection between via, polylinetrace, polylinetrace, polylinetrace, pin #1 of component #16, pin of component #9 and pin #18 of component #65, because the maze search algorithm could not be created.
2026-09-07 21:53:14.433 DEBUG  [1D05A9\EA6158] Autorouter Failed to route connection between polylinetrace, pin #19 of component #69 and pin #7 of component #65, because the maze search algorithm could not be created.
2026-09-07 21:53:14.489 INFO   [1D05A9\EA6158] Auto-router pass #112 on board '376627ef6543b3d02b7c900e85ae5ac6' was completed in 0.24 seconds with the score of 987.55 (2 unrouted), using 617.86 CPU seconds and 15590 MB memory.
2026-09-07 21:53:14.556 DEBUG  [1D05A9\EA6158] Autorouter Failed to route connection between pin #18 of component #65 and via, polylinetrace, polylinetrace, polylinetrace, pin #1 of component #16, pin of component #9, because the maze search algorithm could not be created.
2026-09-07 21:53:14.591 DEBUG  [1D05A9\EA6158] Autorouter Failed to route connection between via, polylinetrace, polylinetrace, polylinetrace, pin #1 of component #16, pin of component #9 and pin #18 of component #65, because the maze search algorithm could not be created.
2026-09-07 21:53:14.631 DEBUG  [1D05A9\EA6158] Autorouter Failed to route connection between polylinetrace, pin #19 of component #69 and pin #7 of component #65, because the maze search algorithm could not be created.
2026-09-07 21:53:14.672 DEBUG  [1D05A9\EA6158] Autorouter Failed to route connection between pin #7 of component #65 and polylinetrace, pin #19 of component #69, because the maze search algorithm could not be created.
2026-09-07 21:53:14.739 INFO   [1D05A9\EA6158] Auto-router pass #113 on board '376627ef6543b3d02b7c900e85ae5ac6' was completed in 0.23 seconds with the score of 987.55 (2 unrouted), using 617.86 CPU seconds and 15590 MB memory.
2026-09-07 21:53:14.817 DEBUG  [1D05A9\EA6158] Autorouter Failed to route connection between pin #18 of component #65 and via, polylinetrace, polylinetrace, polylinetrace, pin #1 of component #16, pin of component #9, because the maze search algorithm could not be created.
2026-09-07 21:53:14.860 DEBUG  [1D05A9\EA6158] Autorouter Failed to route connection between pin #7 of component #65 and polylinetrace, pin #19 of component #69, because the maze search algorithm could not be created.
2026-09-07 21:53:14.905 DEBUG  [1D05A9\EA6158] Autorouter Failed to route connection between via, polylinetrace, polylinetrace, polylinetrace, pin #1 of component #16, pin of component #9 and pin #18 of component #65, because the maze search algorithm could not be created.
2026-09-07 21:53:14.942 DEBUG  [1D05A9\EA6158] Autorouter Failed to route connection between polylinetrace, pin #19 of component #69 and pin #7 of component #65, because the maze search algorithm could not be created.
2026-09-07 21:53:14.996 INFO   [1D05A9\EA6158] Auto-router pass #114 on board '376627ef6543b3d02b7c900e85ae5ac6' was completed in 0.23 seconds with the score of 987.55 (2 unrouted), using 617.86 CPU seconds and 15590 MB memory.
2026-09-07 21:53:15.088 DEBUG  [1D05A9\EA6158] Autorouter Failed to route connection between via, polylinetrace, polylinetrace, polylinetrace, pin #1 of component #16, pin of component #9 and pin #18 of component #65, because the maze search algorithm could not be created.
2026-09-07 21:53:15.142 DEBUG  [1D05A9\EA6158] Autorouter Failed to route connection between polylinetrace, pin #19 of component #69 and pin #7 of component #65, because the maze search algorithm could not be created.
2026-09-07 21:53:15.189 DEBUG  [1D05A9\EA6158] Autorouter Failed to route connection between pin #7 of component #65 and polylinetrace, pin #19 of component #69, because the maze search algorithm could not be created.
2026-09-07 21:53:15.233 DEBUG  [1D05A9\EA6158] Autorouter Failed to route connection between pin #18 of component #65 and via, polylinetrace, polylinetrace, polylinetrace, pin #1 of component #16, pin of component #9, because the maze search algorithm could not be created.
2026-09-07 21:53:15.301 INFO   [1D05A9\EA6158] Auto-router pass #115 on board '376627ef6543b3d02b7c900e85ae5ac6' was completed in 0.29 seconds with the score of 987.55 (2 unrouted), using 652.70 CPU seconds and 15996 MB memory.
2026-09-07 21:53:15.378 DEBUG  [1D05A9\EA6158] Autorouter Failed to route connection between via, polylinetrace, polylinetrace, polylinetrace, pin #1 of component #16, pin of component #9 and pin #18 of component #65, because the maze search algorithm could not be created.
2026-09-07 21:53:15.426 DEBUG  [1D05A9\EA6158] Autorouter Failed to route connection between pin #18 of component #65 and via, polylinetrace, polylinetrace, polylinetrace, pin #1 of component #16, pin of component #9, because the maze search algorithm could not be created.
2026-09-07 21:53:15.466 DEBUG  [1D05A9\EA6158] Autorouter Failed to route connection between polylinetrace, pin #19 of component #69 and pin #7 of component #65, because the maze search algorithm could not be created.
2026-09-07 21:53:15.499 DEBUG  [1D05A9\EA6158] Autorouter Failed to route connection between pin #7 of component #65 and polylinetrace, pin #19 of component #69, because the maze search algorithm could not be created.
2026-09-07 21:53:15.547 INFO   [1D05A9\EA6158] Auto-router pass #116 on board '376627ef6543b3d02b7c900e85ae5ac6' was completed in 0.22 seconds with the score of 987.55 (2 unrouted), using 652.70 CPU seconds and 15996 MB memory.
2026-09-07 21:53:15.606 DEBUG  [1D05A9\EA6158] Autorouter Failed to route connection between pin #7 of component #65 and polylinetrace, pin #19 of component #69, because the maze search algorithm could not be created.
2026-09-07 21:53:15.641 DEBUG  [1D05A9\EA6158] Autorouter Failed to route connection between polylinetrace, pin #19 of component #69 and pin #7 of component #65, because the maze search algorithm could not be created.
2026-09-07 21:53:15.678 DEBUG  [1D05A9\EA6158] Autorouter Failed to route connection between pin #18 of component #65 and via, polylinetrace, polylinetrace, polylinetrace, pin #1 of component #16, pin of component #9, because the maze search algorithm could not be created.
2026-09-07 21:53:15.716 DEBUG  [1D05A9\EA6158] Autorouter Failed to route connection between via, polylinetrace, polylinetrace, polylinetrace, pin #1 of component #16, pin of component #9 and pin #18 of component #65, because the maze search algorithm could not be created.
2026-09-07 21:53:15.767 INFO   [1D05A9\EA6158] Auto-router pass #117 on board '376627ef6543b3d02b7c900e85ae5ac6' was completed in 0.20 seconds with the score of 987.55 (2 unrouted), using 652.70 CPU seconds and 15996 MB memory.
2026-09-07 21:53:15.841 DEBUG  [1D05A9\EA6158] Autorouter Failed to route connection between polylinetrace, pin #19 of component #69 and pin #7 of component #65, because the maze search algorithm could not be created.
2026-09-07 21:53:15.874 DEBUG  [1D05A9\EA6158] Autorouter Failed to route connection between via, polylinetrace, polylinetrace, polylinetrace, pin #1 of component #16, pin of component #9 and pin #18 of component #65, because the maze search algorithm could not be created.
2026-09-07 21:53:15.922 DEBUG  [1D05A9\EA6158] Autorouter Failed to route connection between pin #7 of component #65 and polylinetrace, pin #19 of component #69, because the maze search algorithm could not be created.
2026-09-07 21:53:15.967 DEBUG  [1D05A9\EA6158] Autorouter Failed to route connection between pin #18 of component #65 and via, polylinetrace, polylinetrace, polylinetrace, pin #1 of component #16, pin of component #9, because the maze search algorithm could not be created.
2026-09-07 21:53:16.022 INFO   [1D05A9\EA6158] Auto-router pass #118 on board '376627ef6543b3d02b7c900e85ae5ac6' was completed in 0.23 seconds with the score of 987.55 (2 unrouted), using 652.70 CPU seconds and 15996 MB memory.
2026-09-07 21:53:16.089 DEBUG  [1D05A9\EA6158] Autorouter Failed to route connection between polylinetrace, pin #19 of component #69 and pin #7 of component #65, because the maze search algorithm could not be created.
2026-09-07 21:53:16.152 DEBUG  [1D05A9\EA6158] Autorouter Failed to route connection between via, polylinetrace, polylinetrace, polylinetrace, pin #1 of component #16, pin of component #9 and pin #18 of component #65, because the maze search algorithm could not be created.
2026-09-07 21:53:16.197 DEBUG  [1D05A9\EA6158] Autorouter Failed to route connection between pin #7 of component #65 and polylinetrace, pin #19 of component #69, because the maze search algorithm could not be created.
2026-09-07 21:53:16.230 DEBUG  [1D05A9\EA6158] Autorouter Failed to route connection between pin #18 of component #65 and via, polylinetrace, polylinetrace, polylinetrace, pin #1 of component #16, pin of component #9, because the maze search algorithm could not be created.
2026-09-07 21:53:16.272 INFO   [1D05A9\EA6158] Auto-router pass #119 on board '376627ef6543b3d02b7c900e85ae5ac6' was completed in 0.23 seconds with the score of 987.55 (2 unrouted), using 688.50 CPU seconds and 16436 MB memory.
2026-09-07 21:53:16.324 DEBUG  [1D05A9\EA6158] Autorouter Failed to route connection between via, polylinetrace, polylinetrace, polylinetrace, pin #1 of component #16, pin of component #9 and pin #18 of component #65, because the maze search algorithm could not be created.
2026-09-07 21:53:16.367 DEBUG  [1D05A9\EA6158] Autorouter Failed to route connection between polylinetrace, pin #19 of component #69 and pin #7 of component #65, because the maze search algorithm could not be created.
2026-09-07 21:53:16.407 DEBUG  [1D05A9\EA6158] Autorouter Failed to route connection between pin #18 of component #65 and via, polylinetrace, polylinetrace, polylinetrace, pin #1 of component #16, pin of component #9, because the maze search algorithm could not be created.
2026-09-07 21:53:16.442 DEBUG  [1D05A9\EA6158] Autorouter Failed to route connection between pin #7 of component #65 and polylinetrace, pin #19 of component #69, because the maze search algorithm could not be created.
2026-09-07 21:53:16.488 INFO   [1D05A9\EA6158] Auto-router pass #120 on board '376627ef6543b3d02b7c900e85ae5ac6' was completed in 0.20 seconds with the score of 987.55 (2 unrouted), using 688.50 CPU seconds and 16436 MB memory.
2026-09-07 21:53:16.547 DEBUG  [1D05A9\EA6158] Autorouter Failed to route connection between pin #18 of component #65 and via, polylinetrace, polylinetrace, polylinetrace, pin #1 of component #16, pin of component #9, because the maze search algorithm could not be created.
2026-09-07 21:53:16.581 DEBUG  [1D05A9\EA6158] Autorouter Failed to route connection between polylinetrace, pin #19 of component #69 and pin #7 of component #65, because the maze search algorithm could not be created.
2026-09-07 21:53:16.622 DEBUG  [1D05A9\EA6158] Autorouter Failed to route connection between pin #7 of component #65 and polylinetrace, pin #19 of component #69, because the maze search algorithm could not be created.
2026-09-07 21:53:16.655 DEBUG  [1D05A9\EA6158] Autorouter Failed to route connection between via, polylinetrace, polylinetrace, polylinetrace, pin #1 of component #16, pin of component #9 and pin #18 of component #65, because the maze search algorithm could not be created.
2026-09-07 21:53:16.698 INFO   [1D05A9\EA6158] Auto-router pass #121 on board '376627ef6543b3d02b7c900e85ae5ac6' was completed in 0.20 seconds with the score of 987.55 (2 unrouted), using 688.50 CPU seconds and 16436 MB memory.
2026-09-07 21:53:16.762 DEBUG  [1D05A9\EA6158] Autorouter Failed to route connection between polylinetrace, pin #19 of component #69 and pin #7 of component #65, because the maze search algorithm could not be created.
2026-09-07 21:53:16.809 DEBUG  [1D05A9\EA6158] Autorouter Failed to route connection between via, polylinetrace, polylinetrace, polylinetrace, pin #1 of component #16, pin of component #9 and pin #18 of component #65, because the maze search algorithm could not be created.
2026-09-07 21:53:16.850 DEBUG  [1D05A9\EA6158] Autorouter Failed to route connection between pin #7 of component #65 and polylinetrace, pin #19 of component #69, because the maze search algorithm could not be created.
2026-09-07 21:53:16.883 DEBUG  [1D05A9\EA6158] Autorouter Failed to route connection between pin #18 of component #65 and via, polylinetrace, polylinetrace, polylinetrace, pin #1 of component #16, pin of component #9, because the maze search algorithm could not be created.
2026-09-07 21:53:16.936 INFO   [1D05A9\EA6158] Auto-router pass #122 on board '376627ef6543b3d02b7c900e85ae5ac6' was completed in 0.22 seconds with the score of 987.55 (2 unrouted), using 688.50 CPU seconds and 16436 MB memory.
2026-09-07 21:53:17.003 DEBUG  [1D05A9\EA6158] Autorouter Failed to route connection between via, polylinetrace, polylinetrace, polylinetrace, pin #1 of component #16, pin of component #9 and pin #18 of component #65, because the maze search algorithm could not be created.
2026-09-07 21:53:17.048 DEBUG  [1D05A9\EA6158] Autorouter Failed to route connection between pin #7 of component #65 and polylinetrace, pin #19 of component #69, because the maze search algorithm could not be created.
2026-09-07 21:53:17.087 DEBUG  [1D05A9\EA6158] Autorouter Failed to route connection between polylinetrace, pin #19 of component #69 and pin #7 of component #65, because the maze search algorithm could not be created.
2026-09-07 21:53:17.122 DEBUG  [1D05A9\EA6158] Autorouter Failed to route connection between pin #18 of component #65 and via, polylinetrace, polylinetrace, polylinetrace, pin #1 of component #16, pin of component #9, because the maze search algorithm could not be created.
2026-09-07 21:53:17.163 INFO   [1D05A9\EA6158] Auto-router pass #123 on board '376627ef6543b3d02b7c900e85ae5ac6' was completed in 0.21 seconds with the score of 987.55 (2 unrouted), using 688.50 CPU seconds and 16436 MB memory.
2026-09-07 21:53:17.224 DEBUG  [1D05A9\EA6158] Autorouter Failed to route connection between via, polylinetrace, polylinetrace, polylinetrace, pin #1 of component #16, pin of component #9 and pin #18 of component #65, because the maze search algorithm could not be created.
2026-09-07 21:53:17.272 DEBUG  [1D05A9\EA6158] Autorouter Failed to route connection between pin #7 of component #65 and polylinetrace, pin #19 of component #69, because the maze search algorithm could not be created.
2026-09-07 21:53:17.314 DEBUG  [1D05A9\EA6158] Autorouter Failed to route connection between pin #18 of component #65 and via, polylinetrace, polylinetrace, polylinetrace, pin #1 of component #16, pin of component #9, because the maze search algorithm could not be created.
2026-09-07 21:53:17.358 DEBUG  [1D05A9\EA6158] Autorouter Failed to route connection between polylinetrace, pin #19 of component #69 and pin #7 of component #65, because the maze search algorithm could not be created.
2026-09-07 21:53:17.395 INFO   [1D05A9\EA6158] Auto-router pass #124 on board '376627ef6543b3d02b7c900e85ae5ac6' was completed in 0.22 seconds with the score of 987.55 (2 unrouted), using 725.22 CPU seconds and 16912 MB memory.
2026-09-07 21:53:17.455 DEBUG  [1D05A9\EA6158] Autorouter Failed to route connection between pin #7 of component #65 and polylinetrace, pin #19 of component #69, because the maze search algorithm could not be created.
2026-09-07 21:53:17.492 DEBUG  [1D05A9\EA6158] Autorouter Failed to route connection between via, polylinetrace, polylinetrace, polylinetrace, pin #1 of component #16, pin of component #9 and pin #18 of component #65, because the maze search algorithm could not be created.
2026-09-07 21:53:17.532 DEBUG  [1D05A9\EA6158] Autorouter Failed to route connection between polylinetrace, pin #19 of component #69 and pin #7 of component #65, because the maze search algorithm could not be created.
2026-09-07 21:53:17.567 DEBUG  [1D05A9\EA6158] Autorouter Failed to route connection between pin #18 of component #65 and via, polylinetrace, polylinetrace, polylinetrace, pin #1 of component #16, pin of component #9, because the maze search algorithm could not be created.
2026-09-07 21:53:17.618 INFO   [1D05A9\EA6158] Auto-router pass #125 on board '376627ef6543b3d02b7c900e85ae5ac6' was completed in 0.21 seconds with the score of 987.55 (2 unrouted), using 725.22 CPU seconds and 16912 MB memory.
2026-09-07 21:53:17.682 DEBUG  [1D05A9\EA6158] Autorouter Failed to route connection between pin #18 of component #65 and via, polylinetrace, polylinetrace, polylinetrace, pin #1 of component #16, pin of component #9, because the maze search algorithm could not be created.
2026-09-07 21:53:17.723 DEBUG  [1D05A9\EA6158] Autorouter Failed to route connection between pin #7 of component #65 and polylinetrace, pin #19 of component #69, because the maze search algorithm could not be created.
2026-09-07 21:53:17.757 DEBUG  [1D05A9\EA6158] Autorouter Failed to route connection between via, polylinetrace, polylinetrace, polylinetrace, pin #1 of component #16, pin of component #9 and pin #18 of component #65, because the maze search algorithm could not be created.
2026-09-07 21:53:17.789 DEBUG  [1D05A9\EA6158] Autorouter Failed to route connection between polylinetrace, pin #19 of component #69 and pin #7 of component #65, because the maze search algorithm could not be created.
2026-09-07 21:53:17.845 INFO   [1D05A9\EA6158] Auto-router pass #126 on board '376627ef6543b3d02b7c900e85ae5ac6' was completed in 0.20 seconds with the score of 987.55 (2 unrouted), using 725.22 CPU seconds and 16912 MB memory.
2026-09-07 21:53:17.899 DEBUG  [1D05A9\EA6158] Autorouter Failed to route connection between pin #7 of component #65 and polylinetrace, pin #19 of component #69, because the maze search algorithm could not be created.
2026-09-07 21:53:17.938 DEBUG  [1D05A9\EA6158] Autorouter Failed to route connection between pin #18 of component #65 and via, polylinetrace, polylinetrace, polylinetrace, pin #1 of component #16, pin of component #9, because the maze search algorithm could not be created.
2026-09-07 21:53:17.993 DEBUG  [1D05A9\EA6158] Autorouter Failed to route connection between via, polylinetrace, polylinetrace, polylinetrace, pin #1 of component #16, pin of component #9 and pin #18 of component #65, because the maze search algorithm could not be created.
2026-09-07 21:53:18.041 DEBUG  [1D05A9\EA6158] Autorouter Failed to route connection between polylinetrace, pin #19 of component #69 and pin #7 of component #65, because the maze search algorithm could not be created.
2026-09-07 21:53:18.088 INFO   [1D05A9\EA6158] Auto-router pass #127 on board '376627ef6543b3d02b7c900e85ae5ac6' was completed in 0.22 seconds with the score of 987.55 (2 unrouted), using 725.22 CPU seconds and 16912 MB memory.
2026-09-07 21:53:18.149 DEBUG  [1D05A9\EA6158] Autorouter Failed to route connection between pin #7 of component #65 and polylinetrace, pin #19 of component #69, because the maze search algorithm could not be created.
2026-09-07 21:53:18.182 DEBUG  [1D05A9\EA6158] Autorouter Failed to route connection between pin #18 of component #65 and via, polylinetrace, polylinetrace, polylinetrace, pin #1 of component #16, pin of component #9, because the maze search algorithm could not be created.
2026-09-07 21:53:18.215 DEBUG  [1D05A9\EA6158] Autorouter Failed to route connection between via, polylinetrace, polylinetrace, polylinetrace, pin #1 of component #16, pin of component #9 and pin #18 of component #65, because the maze search algorithm could not be created.
2026-09-07 21:53:18.255 DEBUG  [1D05A9\EA6158] Autorouter Failed to route connection between polylinetrace, pin #19 of component #69 and pin #7 of component #65, because the maze search algorithm could not be created.
2026-09-07 21:53:18.290 INFO   [1D05A9\EA6158] Auto-router pass #128 on board '376627ef6543b3d02b7c900e85ae5ac6' was completed in 0.18 seconds with the score of 987.55 (2 unrouted), using 762.91 CPU seconds and 17396 MB memory.
2026-09-07 21:53:18.345 DEBUG  [1D05A9\EA6158] Autorouter Failed to route connection between pin #7 of component #65 and polylinetrace, pin #19 of component #69, because the maze search algorithm could not be created.
2026-09-07 21:53:18.379 DEBUG  [1D05A9\EA6158] Autorouter Failed to route connection between polylinetrace, pin #19 of component #69 and pin #7 of component #65, because the maze search algorithm could not be created.
2026-09-07 21:53:18.414 DEBUG  [1D05A9\EA6158] Autorouter Failed to route connection between via, polylinetrace, polylinetrace, polylinetrace, pin #1 of component #16, pin of component #9 and pin #18 of component #65, because the maze search algorithm could not be created.
2026-09-07 21:53:18.464 DEBUG  [1D05A9\EA6158] Autorouter Failed to route connection between pin #18 of component #65 and via, polylinetrace, polylinetrace, polylinetrace, pin #1 of component #16, pin of component #9, because the maze search algorithm could not be created.
2026-09-07 21:53:18.504 INFO   [1D05A9\EA6158] Auto-router pass #129 on board '376627ef6543b3d02b7c900e85ae5ac6' was completed in 0.20 seconds with the score of 987.55 (2 unrouted), using 762.91 CPU seconds and 17396 MB memory.
2026-09-07 21:53:18.583 DEBUG  [1D05A9\EA6158] Autorouter Failed to route connection between pin #7 of component #65 and polylinetrace, pin #19 of component #69, because the maze search algorithm could not be created.
2026-09-07 21:53:18.622 DEBUG  [1D05A9\EA6158] Autorouter Failed to route connection between polylinetrace, pin #19 of component #69 and pin #7 of component #65, because the maze search algorithm could not be created.
2026-09-07 21:53:18.671 DEBUG  [1D05A9\EA6158] Autorouter Failed to route connection between pin #18 of component #65 and via, polylinetrace, polylinetrace, polylinetrace, pin #1 of component #16, pin of component #9, because the maze search algorithm could not be created.
2026-09-07 21:53:18.705 DEBUG  [1D05A9\EA6158] Autorouter Failed to route connection between via, polylinetrace, polylinetrace, polylinetrace, pin #1 of component #16, pin of component #9 and pin #18 of component #65, because the maze search algorithm could not be created.
2026-09-07 21:53:18.746 INFO   [1D05A9\EA6158] Auto-router pass #130 on board '376627ef6543b3d02b7c900e85ae5ac6' was completed in 0.22 seconds with the score of 987.55 (2 unrouted), using 762.91 CPU seconds and 17396 MB memory.
2026-09-07 21:53:18.809 DEBUG  [1D05A9\EA6158] Autorouter Failed to route connection between via, polylinetrace, polylinetrace, polylinetrace, pin #1 of component #16, pin of component #9 and pin #18 of component #65, because the maze search algorithm could not be created.
2026-09-07 21:53:18.847 DEBUG  [1D05A9\EA6158] Autorouter Failed to route connection between polylinetrace, pin #19 of component #69 and pin #7 of component #65, because the maze search algorithm could not be created.
2026-09-07 21:53:18.891 DEBUG  [1D05A9\EA6158] Autorouter Failed to route connection between pin #7 of component #65 and polylinetrace, pin #19 of component #69, because the maze search algorithm could not be created.
2026-09-07 21:53:18.938 DEBUG  [1D05A9\EA6158] Autorouter Failed to route connection between pin #18 of component #65 and via, polylinetrace, polylinetrace, polylinetrace, pin #1 of component #16, pin of component #9, because the maze search algorithm could not be created.
2026-09-07 21:53:18.988 INFO   [1D05A9\EA6158] Auto-router pass #131 on board '376627ef6543b3d02b7c900e85ae5ac6' was completed in 0.22 seconds with the score of 987.55 (2 unrouted), using 762.91 CPU seconds and 17396 MB memory.
2026-09-07 21:53:19.074 DEBUG  [1D05A9\EA6158] Autorouter Failed to route connection between pin #7 of component #65 and polylinetrace, pin #19 of component #69, because the maze search algorithm could not be created.
2026-09-07 21:53:19.124 DEBUG  [1D05A9\EA6158] Autorouter Failed to route connection between polylinetrace, pin #19 of component #69 and pin #7 of component #65, because the maze search algorithm could not be created.
2026-09-07 21:53:19.170 DEBUG  [1D05A9\EA6158] Autorouter Failed to route connection between via, polylinetrace, polylinetrace, polylinetrace, pin #1 of component #16, pin of component #9 and pin #18 of component #65, because the maze search algorithm could not be created.
2026-09-07 21:53:19.207 DEBUG  [1D05A9\EA6158] Autorouter Failed to route connection between pin #18 of component #65 and via, polylinetrace, polylinetrace, polylinetrace, pin #1 of component #16, pin of component #9, because the maze search algorithm could not be created.
2026-09-07 21:53:19.263 INFO   [1D05A9\EA6158] Auto-router pass #132 on board '376627ef6543b3d02b7c900e85ae5ac6' was completed in 0.25 seconds with the score of 987.55 (2 unrouted), using 762.91 CPU seconds and 17396 MB memory.
2026-09-07 21:53:19.326 DEBUG  [1D05A9\EA6158] Autorouter Failed to route connection between pin #18 of component #65 and via, polylinetrace, polylinetrace, polylinetrace, pin #1 of component #16, pin of component #9, because the maze search algorithm could not be created.
2026-09-07 21:53:19.380 DEBUG  [1D05A9\EA6158] Autorouter Failed to route connection between via, polylinetrace, polylinetrace, polylinetrace, pin #1 of component #16, pin of component #9 and pin #18 of component #65, because the maze search algorithm could not be created.
2026-09-07 21:53:19.423 DEBUG  [1D05A9\EA6158] Autorouter Failed to route connection between pin #7 of component #65 and polylinetrace, pin #19 of component #69, because the maze search algorithm could not be created.
2026-09-07 21:53:19.465 DEBUG  [1D05A9\EA6158] Autorouter Failed to route connection between polylinetrace, pin #19 of component #69 and pin #7 of component #65, because the maze search algorithm could not be created.
2026-09-07 21:53:19.515 INFO   [1D05A9\EA6158] Auto-router pass #133 on board '376627ef6543b3d02b7c900e85ae5ac6' was completed in 0.23 seconds with the score of 987.55 (2 unrouted), using 801.53 CPU seconds and 17833 MB memory.
2026-09-07 21:53:19.573 DEBUG  [1D05A9\EA6158] Autorouter Failed to route connection between polylinetrace, pin #19 of component #69 and pin #7 of component #65, because the maze search algorithm could not be created.
2026-09-07 21:53:19.608 DEBUG  [1D05A9\EA6158] Autorouter Failed to route connection between via, polylinetrace, polylinetrace, polylinetrace, pin #1 of component #16, pin of component #9 and pin #18 of component #65, because the maze search algorithm could not be created.
2026-09-07 21:53:19.639 DEBUG  [1D05A9\EA6158] Autorouter Failed to route connection between pin #18 of component #65 and via, polylinetrace, polylinetrace, polylinetrace, pin #1 of component #16, pin of component #9, because the maze search algorithm could not be created.
2026-09-07 21:53:19.680 DEBUG  [1D05A9\EA6158] Autorouter Failed to route connection between pin #7 of component #65 and polylinetrace, pin #19 of component #69, because the maze search algorithm could not be created.
2026-09-07 21:53:19.721 INFO   [1D05A9\EA6158] Auto-router pass #134 on board '376627ef6543b3d02b7c900e85ae5ac6' was completed in 0.19 seconds with the score of 987.55 (2 unrouted), using 801.53 CPU seconds and 17833 MB memory.
2026-09-07 21:53:19.771 DEBUG  [1D05A9\EA6158] Autorouter Failed to route connection between pin #18 of component #65 and via, polylinetrace, polylinetrace, polylinetrace, pin #1 of component #16, pin of component #9, because the maze search algorithm could not be created.
2026-09-07 21:53:19.816 DEBUG  [1D05A9\EA6158] Autorouter Failed to route connection between polylinetrace, pin #19 of component #69 and pin #7 of component #65, because the maze search algorithm could not be created.
2026-09-07 21:53:19.847 DEBUG  [1D05A9\EA6158] Autorouter Failed to route connection between via, polylinetrace, polylinetrace, polylinetrace, pin #1 of component #16, pin of component #9 and pin #18 of component #65, because the maze search algorithm could not be created.
2026-09-07 21:53:19.882 DEBUG  [1D05A9\EA6158] Autorouter Failed to route connection between pin #7 of component #65 and polylinetrace, pin #19 of component #69, because the maze search algorithm could not be created.
2026-09-07 21:53:19.922 INFO   [1D05A9\EA6158] Auto-router pass #135 on board '376627ef6543b3d02b7c900e85ae5ac6' was completed in 0.19 seconds with the score of 987.55 (2 unrouted), using 801.53 CPU seconds and 17833 MB memory.
2026-09-07 21:53:19.973 DEBUG  [1D05A9\EA6158] Autorouter Failed to route connection between via, polylinetrace, polylinetrace, polylinetrace, pin #1 of component #16, pin of component #9 and pin #18 of component #65, because the maze search algorithm could not be created.
2026-09-07 21:53:20.006 DEBUG  [1D05A9\EA6158] Autorouter Failed to route connection between pin #7 of component #65 and polylinetrace, pin #19 of component #69, because the maze search algorithm could not be created.
2026-09-07 21:53:20.038 DEBUG  [1D05A9\EA6158] Autorouter Failed to route connection between pin #18 of component #65 and via, polylinetrace, polylinetrace, polylinetrace, pin #1 of component #16, pin of component #9, because the maze search algorithm could not be created.
2026-09-07 21:53:20.072 DEBUG  [1D05A9\EA6158] Autorouter Failed to route connection between polylinetrace, pin #19 of component #69 and pin #7 of component #65, because the maze search algorithm could not be created.
2026-09-07 21:53:20.117 INFO   [1D05A9\EA6158] Auto-router pass #136 on board '376627ef6543b3d02b7c900e85ae5ac6' was completed in 0.18 seconds with the score of 987.55 (2 unrouted), using 801.53 CPU seconds and 17833 MB memory.
2026-09-07 21:53:20.164 DEBUG  [1D05A9\EA6158] Autorouter Failed to route connection between pin #7 of component #65 and polylinetrace, pin #19 of component #69, because the maze search algorithm could not be created.
2026-09-07 21:53:20.197 DEBUG  [1D05A9\EA6158] Autorouter Failed to route connection between pin #18 of component #65 and via, polylinetrace, polylinetrace, polylinetrace, pin #1 of component #16, pin of component #9, because the maze search algorithm could not be created.
2026-09-07 21:53:20.230 DEBUG  [1D05A9\EA6158] Autorouter Failed to route connection between polylinetrace, pin #19 of component #69 and pin #7 of component #65, because the maze search algorithm could not be created.
2026-09-07 21:53:20.263 DEBUG  [1D05A9\EA6158] Autorouter Failed to route connection between via, polylinetrace, polylinetrace, polylinetrace, pin #1 of component #16, pin of component #9 and pin #18 of component #65, because the maze search algorithm could not be created.
2026-09-07 21:53:20.304 INFO   [1D05A9\EA6158] Auto-router pass #137 on board '376627ef6543b3d02b7c900e85ae5ac6' was completed in 0.17 seconds with the score of 987.55 (2 unrouted), using 841.12 CPU seconds and 18355 MB memory.
2026-09-07 21:53:20.357 DEBUG  [1D05A9\EA6158] Autorouter Failed to route connection between pin #18 of component #65 and via, polylinetrace, polylinetrace, polylinetrace, pin #1 of component #16, pin of component #9, because the maze search algorithm could not be created.
2026-09-07 21:53:20.390 DEBUG  [1D05A9\EA6158] Autorouter Failed to route connection between polylinetrace, pin #19 of component #69 and pin #7 of component #65, because the maze search algorithm could not be created.
2026-09-07 21:53:20.423 DEBUG  [1D05A9\EA6158] Autorouter Failed to route connection between via, polylinetrace, polylinetrace, polylinetrace, pin #1 of component #16, pin of component #9 and pin #18 of component #65, because the maze search algorithm could not be created.
2026-09-07 21:53:20.456 DEBUG  [1D05A9\EA6158] Autorouter Failed to route connection between pin #7 of component #65 and polylinetrace, pin #19 of component #69, because the maze search algorithm could not be created.
2026-09-07 21:53:20.496 INFO   [1D05A9\EA6158] Auto-router pass #138 on board '376627ef6543b3d02b7c900e85ae5ac6' was completed in 0.18 seconds with the score of 987.55 (2 unrouted), using 841.12 CPU seconds and 18355 MB memory.
2026-09-07 21:53:20.541 DEBUG  [1D05A9\EA6158] Autorouter Failed to route connection between pin #7 of component #65 and polylinetrace, pin #19 of component #69, because the maze search algorithm could not be created.
2026-09-07 21:53:20.572 DEBUG  [1D05A9\EA6158] Autorouter Failed to route connection between pin #18 of component #65 and via, polylinetrace, polylinetrace, polylinetrace, pin #1 of component #16, pin of component #9, because the maze search algorithm could not be created.
2026-09-07 21:53:20.605 DEBUG  [1D05A9\EA6158] Autorouter Failed to route connection between polylinetrace, pin #19 of component #69 and pin #7 of component #65, because the maze search algorithm could not be created.
2026-09-07 21:53:20.640 DEBUG  [1D05A9\EA6158] Autorouter Failed to route connection between via, polylinetrace, polylinetrace, polylinetrace, pin #1 of component #16, pin of component #9 and pin #18 of component #65, because the maze search algorithm could not be created.
2026-09-07 21:53:20.688 INFO   [1D05A9\EA6158] Auto-router pass #139 on board '376627ef6543b3d02b7c900e85ae5ac6' was completed in 0.18 seconds with the score of 987.55 (2 unrouted), using 841.12 CPU seconds and 18355 MB memory.
2026-09-07 21:53:20.746 DEBUG  [1D05A9\EA6158] Autorouter Failed to route connection between pin #18 of component #65 and via, polylinetrace, polylinetrace, polylinetrace, pin #1 of component #16, pin of component #9, because the maze search algorithm could not be created.
2026-09-07 21:53:20.793 DEBUG  [1D05A9\EA6158] Autorouter Failed to route connection between polylinetrace, pin #19 of component #69 and pin #7 of component #65, because the maze search algorithm could not be created.
2026-09-07 21:53:20.829 DEBUG  [1D05A9\EA6158] Autorouter Failed to route connection between pin #7 of component #65 and polylinetrace, pin #19 of component #69, because the maze search algorithm could not be created.
2026-09-07 21:53:20.858 DEBUG  [1D05A9\EA6158] Autorouter Failed to route connection between via, polylinetrace, polylinetrace, polylinetrace, pin #1 of component #16, pin of component #9 and pin #18 of component #65, because the maze search algorithm could not be created.
2026-09-07 21:53:20.899 INFO   [1D05A9\EA6158] Auto-router pass #140 on board '376627ef6543b3d02b7c900e85ae5ac6' was completed in 0.19 seconds with the score of 987.55 (2 unrouted), using 841.12 CPU seconds and 18355 MB memory.
2026-09-07 21:53:20.955 DEBUG  [1D05A9\EA6158] Autorouter Failed to route connection between polylinetrace, pin #19 of component #69 and pin #7 of component #65, because the maze search algorithm could not be created.
2026-09-07 21:53:20.989 DEBUG  [1D05A9\EA6158] Autorouter Failed to route connection between pin #18 of component #65 and via, polylinetrace, polylinetrace, polylinetrace, pin #1 of component #16, pin of component #9, because the maze search algorithm could not be created.
2026-09-07 21:53:21.021 DEBUG  [1D05A9\EA6158] Autorouter Failed to route connection between pin #7 of component #65 and polylinetrace, pin #19 of component #69, because the maze search algorithm could not be created.
2026-09-07 21:53:21.058 DEBUG  [1D05A9\EA6158] Autorouter Failed to route connection between via, polylinetrace, polylinetrace, polylinetrace, pin #1 of component #16, pin of component #9 and pin #18 of component #65, because the maze search algorithm could not be created.
2026-09-07 21:53:21.106 INFO   [1D05A9\EA6158] Auto-router pass #141 on board '376627ef6543b3d02b7c900e85ae5ac6' was completed in 0.18 seconds with the score of 987.55 (2 unrouted), using 841.12 CPU seconds and 18355 MB memory.
2026-09-07 21:53:21.163 DEBUG  [1D05A9\EA6158] Autorouter Failed to route connection between polylinetrace, pin #19 of component #69 and pin #7 of component #65, because the maze search algorithm could not be created.
2026-09-07 21:53:21.199 DEBUG  [1D05A9\EA6158] Autorouter Failed to route connection between pin #7 of component #65 and polylinetrace, pin #19 of component #69, because the maze search algorithm could not be created.
2026-09-07 21:53:21.238 DEBUG  [1D05A9\EA6158] Autorouter Failed to route connection between pin #18 of component #65 and via, polylinetrace, polylinetrace, polylinetrace, pin #1 of component #16, pin of component #9, because the maze search algorithm could not be created.
2026-09-07 21:53:21.267 DEBUG  [1D05A9\EA6158] Autorouter Failed to route connection between via, polylinetrace, polylinetrace, polylinetrace, pin #1 of component #16, pin of component #9 and pin #18 of component #65, because the maze search algorithm could not be created.
2026-09-07 21:53:21.306 INFO   [1D05A9\EA6158] Auto-router pass #142 on board '376627ef6543b3d02b7c900e85ae5ac6' was completed in 0.18 seconds with the score of 987.55 (2 unrouted), using 841.12 CPU seconds and 18355 MB memory.
2026-09-07 21:53:21.356 DEBUG  [1D05A9\EA6158] Autorouter Failed to route connection between polylinetrace, pin #19 of component #69 and pin #7 of component #65, because the maze search algorithm could not be created.
2026-09-07 21:53:21.387 DEBUG  [1D05A9\EA6158] Autorouter Failed to route connection between via, polylinetrace, polylinetrace, polylinetrace, pin #1 of component #16, pin of component #9 and pin #18 of component #65, because the maze search algorithm could not be created.
2026-09-07 21:53:21.416 DEBUG  [1D05A9\EA6158] Autorouter Failed to route connection between pin #7 of component #65 and polylinetrace, pin #19 of component #69, because the maze search algorithm could not be created.
2026-09-07 21:53:21.454 DEBUG  [1D05A9\EA6158] Autorouter Failed to route connection between pin #18 of component #65 and via, polylinetrace, polylinetrace, polylinetrace, pin #1 of component #16, pin of component #9, because the maze search algorithm could not be created.
2026-09-07 21:53:21.498 INFO   [1D05A9\EA6158] Auto-router pass #143 on board '376627ef6543b3d02b7c900e85ae5ac6' was completed in 0.18 seconds with the score of 987.55 (2 unrouted), using 881.70 CPU seconds and 18892 MB memory.
2026-09-07 21:53:21.555 DEBUG  [1D05A9\EA6158] Autorouter Failed to route connection between pin #18 of component #65 and via, polylinetrace, polylinetrace, polylinetrace, pin #1 of component #16, pin of component #9, because the maze search algorithm could not be created.
2026-09-07 21:53:21.582 DEBUG  [1D05A9\EA6158] Autorouter Failed to route connection between via, polylinetrace, polylinetrace, polylinetrace, pin #1 of component #16, pin of component #9 and pin #18 of component #65, because the maze search algorithm could not be created.
2026-09-07 21:53:21.613 DEBUG  [1D05A9\EA6158] Autorouter Failed to route connection between pin #7 of component #65 and polylinetrace, pin #19 of component #69, because the maze search algorithm could not be created.
2026-09-07 21:53:21.648 DEBUG  [1D05A9\EA6158] Autorouter Failed to route connection between polylinetrace, pin #19 of component #69 and pin #7 of component #65, because the maze search algorithm could not be created.
2026-09-07 21:53:21.696 INFO   [1D05A9\EA6158] Auto-router pass #144 on board '376627ef6543b3d02b7c900e85ae5ac6' was completed in 0.18 seconds with the score of 987.55 (2 unrouted), using 881.70 CPU seconds and 18892 MB memory.
2026-09-07 21:53:21.745 DEBUG  [1D05A9\EA6158] Autorouter Failed to route connection between pin #18 of component #65 and via, polylinetrace, polylinetrace, polylinetrace, pin #1 of component #16, pin of component #9, because the maze search algorithm could not be created.
2026-09-07 21:53:21.779 DEBUG  [1D05A9\EA6158] Autorouter Failed to route connection between via, polylinetrace, polylinetrace, polylinetrace, pin #1 of component #16, pin of component #9 and pin #18 of component #65, because the maze search algorithm could not be created.
2026-09-07 21:53:21.811 DEBUG  [1D05A9\EA6158] Autorouter Failed to route connection between polylinetrace, pin #19 of component #69 and pin #7 of component #65, because the maze search algorithm could not be created.
2026-09-07 21:53:21.837 DEBUG  [1D05A9\EA6158] Autorouter Failed to route connection between pin #7 of component #65 and polylinetrace, pin #19 of component #69, because the maze search algorithm could not be created.
2026-09-07 21:53:21.871 INFO   [1D05A9\EA6158] Auto-router pass #145 on board '376627ef6543b3d02b7c900e85ae5ac6' was completed in 0.16 seconds with the score of 987.55 (2 unrouted), using 881.70 CPU seconds and 18892 MB memory.
2026-09-07 21:53:21.920 DEBUG  [1D05A9\EA6158] Autorouter Failed to route connection between pin #7 of component #65 and polylinetrace, pin #19 of component #69, because the maze search algorithm could not be created.
2026-09-07 21:53:21.955 DEBUG  [1D05A9\EA6158] Autorouter Failed to route connection between pin #18 of component #65 and via, polylinetrace, polylinetrace, polylinetrace, pin #1 of component #16, pin of component #9, because the maze search algorithm could not be created.
2026-09-07 21:53:21.995 DEBUG  [1D05A9\EA6158] Autorouter Failed to route connection between via, polylinetrace, polylinetrace, polylinetrace, pin #1 of component #16, pin of component #9 and pin #18 of component #65, because the maze search algorithm could not be created.
2026-09-07 21:53:22.028 DEBUG  [1D05A9\EA6158] Autorouter Failed to route connection between polylinetrace, pin #19 of component #69 and pin #7 of component #65, because the maze search algorithm could not be created.
2026-09-07 21:53:22.070 INFO   [1D05A9\EA6158] Auto-router pass #146 on board '376627ef6543b3d02b7c900e85ae5ac6' was completed in 0.18 seconds with the score of 987.55 (2 unrouted), using 881.70 CPU seconds and 18892 MB memory.
2026-09-07 21:53:22.120 DEBUG  [1D05A9\EA6158] Autorouter Failed to route connection between polylinetrace, pin #19 of component #69 and pin #7 of component #65, because the maze search algorithm could not be created.
2026-09-07 21:53:22.155 DEBUG  [1D05A9\EA6158] Autorouter Failed to route connection between pin #7 of component #65 and polylinetrace, pin #19 of component #69, because the maze search algorithm could not be created.
2026-09-07 21:53:22.195 DEBUG  [1D05A9\EA6158] Autorouter Failed to route connection between via, polylinetrace, polylinetrace, polylinetrace, pin #1 of component #16, pin of component #9 and pin #18 of component #65, because the maze search algorithm could not be created.
2026-09-07 21:53:22.222 DEBUG  [1D05A9\EA6158] Autorouter Failed to route connection between pin #18 of component #65 and via, polylinetrace, polylinetrace, polylinetrace, pin #1 of component #16, pin of component #9, because the maze search algorithm could not be created.
2026-09-07 21:53:22.258 INFO   [1D05A9\EA6158] Auto-router pass #147 on board '376627ef6543b3d02b7c900e85ae5ac6' was completed in 0.17 seconds with the score of 987.55 (2 unrouted), using 881.70 CPU seconds and 18892 MB memory.
2026-09-07 21:53:22.308 DEBUG  [1D05A9\EA6158] Autorouter Failed to route connection between pin #18 of component #65 and via, polylinetrace, polylinetrace, polylinetrace, pin #1 of component #16, pin of component #9, because the maze search algorithm could not be created.
2026-09-07 21:53:22.345 DEBUG  [1D05A9\EA6158] Autorouter Failed to route connection between via, polylinetrace, polylinetrace, polylinetrace, pin #1 of component #16, pin of component #9 and pin #18 of component #65, because the maze search algorithm could not be created.
2026-09-07 21:53:22.374 DEBUG  [1D05A9\EA6158] Autorouter Failed to route connection between pin #7 of component #65 and polylinetrace, pin #19 of component #69, because the maze search algorithm could not be created.
2026-09-07 21:53:22.414 DEBUG  [1D05A9\EA6158] Autorouter Failed to route connection between polylinetrace, pin #19 of component #69 and pin #7 of component #65, because the maze search algorithm could not be created.
2026-09-07 21:53:22.460 INFO   [1D05A9\EA6158] Auto-router pass #148 on board '376627ef6543b3d02b7c900e85ae5ac6' was completed in 0.19 seconds with the score of 987.55 (2 unrouted), using 923.28 CPU seconds and 19452 MB memory.
2026-09-07 21:53:22.513 DEBUG  [1D05A9\EA6158] Autorouter Failed to route connection between pin #7 of component #65 and polylinetrace, pin #19 of component #69, because the maze search algorithm could not be created.
2026-09-07 21:53:22.546 DEBUG  [1D05A9\EA6158] Autorouter Failed to route connection between via, polylinetrace, polylinetrace, polylinetrace, pin #1 of component #16, pin of component #9 and pin #18 of component #65, because the maze search algorithm could not be created.
2026-09-07 21:53:22.586 DEBUG  [1D05A9\EA6158] Autorouter Failed to route connection between polylinetrace, pin #19 of component #69 and pin #7 of component #65, because the maze search algorithm could not be created.
2026-09-07 21:53:22.615 DEBUG  [1D05A9\EA6158] Autorouter Failed to route connection between pin #18 of component #65 and via, polylinetrace, polylinetrace, polylinetrace, pin #1 of component #16, pin of component #9, because the maze search algorithm could not be created.
2026-09-07 21:53:22.654 INFO   [1D05A9\EA6158] Auto-router pass #149 on board '376627ef6543b3d02b7c900e85ae5ac6' was completed in 0.17 seconds with the score of 987.55 (2 unrouted), using 923.28 CPU seconds and 19452 MB memory.
2026-09-07 21:53:22.720 DEBUG  [1D05A9\EA6158] Autorouter Failed to route connection between polylinetrace, pin #19 of component #69 and pin #7 of component #65, because the maze search algorithm could not be created.
2026-09-07 21:53:22.750 DEBUG  [1D05A9\EA6158] Autorouter Failed to route connection between pin #7 of component #65 and polylinetrace, pin #19 of component #69, because the maze search algorithm could not be created.
2026-09-07 21:53:22.790 DEBUG  [1D05A9\EA6158] Autorouter Failed to route connection between pin #18 of component #65 and via, polylinetrace, polylinetrace, polylinetrace, pin #1 of component #16, pin of component #9, because the maze search algorithm could not be created.
2026-09-07 21:53:22.822 DEBUG  [1D05A9\EA6158] Autorouter Failed to route connection between via, polylinetrace, polylinetrace, polylinetrace, pin #1 of component #16, pin of component #9 and pin #18 of component #65, because the maze search algorithm could not be created.
2026-09-07 21:53:22.862 INFO   [1D05A9\EA6158] Auto-router pass #150 on board '376627ef6543b3d02b7c900e85ae5ac6' was completed in 0.20 seconds with the score of 987.55 (2 unrouted), using 923.28 CPU seconds and 19452 MB memory.
2026-09-07 21:53:22.913 DEBUG  [1D05A9\EA6158] Autorouter Failed to route connection between pin #7 of component #65 and polylinetrace, pin #19 of component #69, because the maze search algorithm could not be created.
2026-09-07 21:53:22.954 DEBUG  [1D05A9\EA6158] Autorouter Failed to route connection between via, polylinetrace, polylinetrace, polylinetrace, pin #1 of component #16, pin of component #9 and pin #18 of component #65, because the maze search algorithm could not be created.
2026-09-07 21:53:22.987 DEBUG  [1D05A9\EA6158] Autorouter Failed to route connection between pin #18 of component #65 and via, polylinetrace, polylinetrace, polylinetrace, pin #1 of component #16, pin of component #9, because the maze search algorithm could not be created.
2026-09-07 21:53:23.021 DEBUG  [1D05A9\EA6158] Autorouter Failed to route connection between polylinetrace, pin #19 of component #69 and pin #7 of component #65, because the maze search algorithm could not be created.
2026-09-07 21:53:23.065 INFO   [1D05A9\EA6158] Auto-router pass #151 on board '376627ef6543b3d02b7c900e85ae5ac6' was completed in 0.19 seconds with the score of 987.55 (2 unrouted), using 923.28 CPU seconds and 19452 MB memory.
2026-09-07 21:53:23.114 DEBUG  [1D05A9\EA6158] Autorouter Failed to route connection between pin #18 of component #65 and via, polylinetrace, polylinetrace, polylinetrace, pin #1 of component #16, pin of component #9, because the maze search algorithm could not be created.
2026-09-07 21:53:23.155 DEBUG  [1D05A9\EA6158] Autorouter Failed to route connection between pin #7 of component #65 and polylinetrace, pin #19 of component #69, because the maze search algorithm could not be created.
2026-09-07 21:53:23.191 DEBUG  [1D05A9\EA6158] Autorouter Failed to route connection between via, polylinetrace, polylinetrace, polylinetrace, pin #1 of component #16, pin of component #9 and pin #18 of component #65, because the maze search algorithm could not be created.
2026-09-07 21:53:23.231 DEBUG  [1D05A9\EA6158] Autorouter Failed to route connection between polylinetrace, pin #19 of component #69 and pin #7 of component #65, because the maze search algorithm could not be created.
2026-09-07 21:53:23.278 INFO   [1D05A9\EA6158] Auto-router pass #152 on board '376627ef6543b3d02b7c900e85ae5ac6' was completed in 0.20 seconds with the score of 987.55 (2 unrouted), using 923.28 CPU seconds and 19452 MB memory.
2026-09-07 21:53:23.345 DEBUG  [1D05A9\EA6158] Autorouter Failed to route connection between polylinetrace, pin #19 of component #69 and pin #7 of component #65, because the maze search algorithm could not be created.
2026-09-07 21:53:23.379 DEBUG  [1D05A9\EA6158] Autorouter Failed to route connection between pin #7 of component #65 and polylinetrace, pin #19 of component #69, because the maze search algorithm could not be created.
2026-09-07 21:53:23.415 DEBUG  [1D05A9\EA6158] Autorouter Failed to route connection between via, polylinetrace, polylinetrace, polylinetrace, pin #1 of component #16, pin of component #9 and pin #18 of component #65, because the maze search algorithm could not be created.
2026-09-07 21:53:23.456 DEBUG  [1D05A9\EA6158] Autorouter Failed to route connection between pin #18 of component #65 and via, polylinetrace, polylinetrace, polylinetrace, pin #1 of component #16, pin of component #9, because the maze search algorithm could not be created.
2026-09-07 21:53:23.500 INFO   [1D05A9\EA6158] Auto-router pass #153 on board '376627ef6543b3d02b7c900e85ae5ac6' was completed in 0.20 seconds with the score of 987.55 (2 unrouted), using 965.86 CPU seconds and 19979 MB memory.
2026-09-07 21:53:23.548 DEBUG  [1D05A9\EA6158] Autorouter Failed to route connection between polylinetrace, pin #19 of component #69 and pin #7 of component #65, because the maze search algorithm could not be created.
2026-09-07 21:53:23.582 DEBUG  [1D05A9\EA6158] Autorouter Failed to route connection between via, polylinetrace, polylinetrace, polylinetrace, pin #1 of component #16, pin of component #9 and pin #18 of component #65, because the maze search algorithm could not be created.
2026-09-07 21:53:23.614 DEBUG  [1D05A9\EA6158] Autorouter Failed to route connection between pin #18 of component #65 and via, polylinetrace, polylinetrace, polylinetrace, pin #1 of component #16, pin of component #9, because the maze search algorithm could not be created.
2026-09-07 21:53:23.646 DEBUG  [1D05A9\EA6158] Autorouter Failed to route connection between pin #7 of component #65 and polylinetrace, pin #19 of component #69, because the maze search algorithm could not be created.
2026-09-07 21:53:23.688 INFO   [1D05A9\EA6158] Auto-router pass #154 on board '376627ef6543b3d02b7c900e85ae5ac6' was completed in 0.17 seconds with the score of 987.55 (2 unrouted), using 965.86 CPU seconds and 19979 MB memory.
2026-09-07 21:53:23.732 DEBUG  [1D05A9\EA6158] Autorouter Failed to route connection between pin #18 of component #65 and via, polylinetrace, polylinetrace, polylinetrace, pin #1 of component #16, pin of component #9, because the maze search algorithm could not be created.
2026-09-07 21:53:23.762 DEBUG  [1D05A9\EA6158] Autorouter Failed to route connection between via, polylinetrace, polylinetrace, polylinetrace, pin #1 of component #16, pin of component #9 and pin #18 of component #65, because the maze search algorithm could not be created.
2026-09-07 21:53:23.797 DEBUG  [1D05A9\EA6158] Autorouter Failed to route connection between pin #7 of component #65 and polylinetrace, pin #19 of component #69, because the maze search algorithm could not be created.
2026-09-07 21:53:23.831 DEBUG  [1D05A9\EA6158] Autorouter Failed to route connection between polylinetrace, pin #19 of component #69 and pin #7 of component #65, because the maze search algorithm could not be created.
2026-09-07 21:53:23.874 INFO   [1D05A9\EA6158] Auto-router pass #155 on board '376627ef6543b3d02b7c900e85ae5ac6' was completed in 0.17 seconds with the score of 987.55 (2 unrouted), using 965.86 CPU seconds and 19979 MB memory.
2026-09-07 21:53:23.921 DEBUG  [1D05A9\EA6158] Autorouter Failed to route connection between polylinetrace, pin #19 of component #69 and pin #7 of component #65, because the maze search algorithm could not be created.
2026-09-07 21:53:23.954 DEBUG  [1D05A9\EA6158] Autorouter Failed to route connection between via, polylinetrace, polylinetrace, polylinetrace, pin #1 of component #16, pin of component #9 and pin #18 of component #65, because the maze search algorithm could not be created.
2026-09-07 21:53:23.987 DEBUG  [1D05A9\EA6158] Autorouter Failed to route connection between pin #18 of component #65 and via, polylinetrace, polylinetrace, polylinetrace, pin #1 of component #16, pin of component #9, because the maze search algorithm could not be created.
2026-09-07 21:53:24.016 DEBUG  [1D05A9\EA6158] Autorouter Failed to route connection between pin #7 of component #65 and polylinetrace, pin #19 of component #69, because the maze search algorithm could not be created.
2026-09-07 21:53:24.056 INFO   [1D05A9\EA6158] Auto-router pass #156 on board '376627ef6543b3d02b7c900e85ae5ac6' was completed in 0.17 seconds with the score of 987.55 (2 unrouted), using 965.86 CPU seconds and 19979 MB memory.
2026-09-07 21:53:24.112 DEBUG  [1D05A9\EA6158] Autorouter Failed to route connection between polylinetrace, pin #19 of component #69 and pin #7 of component #65, because the maze search algorithm could not be created.
2026-09-07 21:53:24.152 DEBUG  [1D05A9\EA6158] Autorouter Failed to route connection between via, polylinetrace, polylinetrace, polylinetrace, pin #1 of component #16, pin of component #9 and pin #18 of component #65, because the maze search algorithm could not be created.
2026-09-07 21:53:24.180 DEBUG  [1D05A9\EA6158] Autorouter Failed to route connection between pin #18 of component #65 and via, polylinetrace, polylinetrace, polylinetrace, pin #1 of component #16, pin of component #9, because the maze search algorithm could not be created.
2026-09-07 21:53:24.212 DEBUG  [1D05A9\EA6158] Autorouter Failed to route connection between pin #7 of component #65 and polylinetrace, pin #19 of component #69, because the maze search algorithm could not be created.
2026-09-07 21:53:24.255 INFO   [1D05A9\EA6158] Auto-router pass #157 on board '376627ef6543b3d02b7c900e85ae5ac6' was completed in 0.18 seconds with the score of 987.55 (2 unrouted), using 965.86 CPU seconds and 19979 MB memory.
2026-09-07 21:53:24.311 DEBUG  [1D05A9\EA6158] Autorouter Failed to route connection between polylinetrace, pin #19 of component #69 and pin #7 of component #65, because the maze search algorithm could not be created.
2026-09-07 21:53:24.346 DEBUG  [1D05A9\EA6158] Autorouter Failed to route connection between pin #7 of component #65 and polylinetrace, pin #19 of component #69, because the maze search algorithm could not be created.
2026-09-07 21:53:24.380 DEBUG  [1D05A9\EA6158] Autorouter Failed to route connection between pin #18 of component #65 and via, polylinetrace, polylinetrace, polylinetrace, pin #1 of component #16, pin of component #9, because the maze search algorithm could not be created.
2026-09-07 21:53:24.412 DEBUG  [1D05A9\EA6158] Autorouter Failed to route connection between via, polylinetrace, polylinetrace, polylinetrace, pin #1 of component #16, pin of component #9 and pin #18 of component #65, because the maze search algorithm could not be created.
2026-09-07 21:53:24.454 INFO   [1D05A9\EA6158] Auto-router pass #158 on board '376627ef6543b3d02b7c900e85ae5ac6' was completed in 0.18 seconds with the score of 987.55 (2 unrouted), using 1009.41 CPU seconds and 20532 MB memory.
2026-09-07 21:53:24.505 DEBUG  [1D05A9\EA6158] Autorouter Failed to route connection between via, polylinetrace, polylinetrace, polylinetrace, pin #1 of component #16, pin of component #9 and pin #18 of component #65, because the maze search algorithm could not be created.
2026-09-07 21:53:24.541 DEBUG  [1D05A9\EA6158] Autorouter Failed to route connection between pin #18 of component #65 and via, polylinetrace, polylinetrace, polylinetrace, pin #1 of component #16, pin of component #9, because the maze search algorithm could not be created.
2026-09-07 21:53:24.578 DEBUG  [1D05A9\EA6158] Autorouter Failed to route connection between polylinetrace, pin #19 of component #69 and pin #7 of component #65, because the maze search algorithm could not be created.
2026-09-07 21:53:24.607 DEBUG  [1D05A9\EA6158] Autorouter Failed to route connection between pin #7 of component #65 and polylinetrace, pin #19 of component #69, because the maze search algorithm could not be created.
2026-09-07 21:53:24.644 INFO   [1D05A9\EA6158] Auto-router pass #159 on board '376627ef6543b3d02b7c900e85ae5ac6' was completed in 0.18 seconds with the score of 987.55 (2 unrouted), using 1009.41 CPU seconds and 20532 MB memory.
2026-09-07 21:53:24.689 DEBUG  [1D05A9\EA6158] Autorouter Failed to route connection between pin #7 of component #65 and polylinetrace, pin #19 of component #69, because the maze search algorithm could not be created.
2026-09-07 21:53:24.727 DEBUG  [1D05A9\EA6158] Autorouter Failed to route connection between via, polylinetrace, polylinetrace, polylinetrace, pin #1 of component #16, pin of component #9 and pin #18 of component #65, because the maze search algorithm could not be created.
2026-09-07 21:53:24.762 DEBUG  [1D05A9\EA6158] Autorouter Failed to route connection between polylinetrace, pin #19 of component #69 and pin #7 of component #65, because the maze search algorithm could not be created.
2026-09-07 21:53:24.795 DEBUG  [1D05A9\EA6158] Autorouter Failed to route connection between pin #18 of component #65 and via, polylinetrace, polylinetrace, polylinetrace, pin #1 of component #16, pin of component #9, because the maze search algorithm could not be created.
2026-09-07 21:53:24.833 INFO   [1D05A9\EA6158] Auto-router pass #160 on board '376627ef6543b3d02b7c900e85ae5ac6' was completed in 0.18 seconds with the score of 987.55 (2 unrouted), using 1009.41 CPU seconds and 20532 MB memory.
2026-09-07 21:53:24.887 DEBUG  [1D05A9\EA6158] Autorouter Failed to route connection between polylinetrace, pin #19 of component #69 and pin #7 of component #65, because the maze search algorithm could not be created.
2026-09-07 21:53:24.924 DEBUG  [1D05A9\EA6158] Autorouter Failed to route connection between pin #7 of component #65 and polylinetrace, pin #19 of component #69, because the maze search algorithm could not be created.
2026-09-07 21:53:24.955 DEBUG  [1D05A9\EA6158] Autorouter Failed to route connection between pin #18 of component #65 and via, polylinetrace, polylinetrace, polylinetrace, pin #1 of component #16, pin of component #9, because the maze search algorithm could not be created.
2026-09-07 21:53:24.995 DEBUG  [1D05A9\EA6158] Autorouter Failed to route connection between via, polylinetrace, polylinetrace, polylinetrace, pin #1 of component #16, pin of component #9 and pin #18 of component #65, because the maze search algorithm could not be created.
2026-09-07 21:53:25.030 INFO   [1D05A9\EA6158] Auto-router pass #161 on board '376627ef6543b3d02b7c900e85ae5ac6' was completed in 0.18 seconds with the score of 987.55 (2 unrouted), using 1009.41 CPU seconds and 20532 MB memory.
2026-09-07 21:53:25.078 DEBUG  [1D05A9\EA6158] Autorouter Failed to route connection between pin #18 of component #65 and via, polylinetrace, polylinetrace, polylinetrace, pin #1 of component #16, pin of component #9, because the maze search algorithm could not be created.
2026-09-07 21:53:25.120 DEBUG  [1D05A9\EA6158] Autorouter Failed to route connection between via, polylinetrace, polylinetrace, polylinetrace, pin #1 of component #16, pin of component #9 and pin #18 of component #65, because the maze search algorithm could not be created.
2026-09-07 21:53:25.153 DEBUG  [1D05A9\EA6158] Autorouter Failed to route connection between polylinetrace, pin #19 of component #69 and pin #7 of component #65, because the maze search algorithm could not be created.
2026-09-07 21:53:25.187 DEBUG  [1D05A9\EA6158] Autorouter Failed to route connection between pin #7 of component #65 and polylinetrace, pin #19 of component #69, because the maze search algorithm could not be created.
2026-09-07 21:53:25.221 INFO   [1D05A9\EA6158] Auto-router pass #162 on board '376627ef6543b3d02b7c900e85ae5ac6' was completed in 0.18 seconds with the score of 987.55 (2 unrouted), using 1009.41 CPU seconds and 20532 MB memory.
2026-09-07 21:53:25.270 DEBUG  [1D05A9\EA6158] Autorouter Failed to route connection between pin #18 of component #65 and via, polylinetrace, polylinetrace, polylinetrace, pin #1 of component #16, pin of component #9, because the maze search algorithm could not be created.
2026-09-07 21:53:25.296 DEBUG  [1D05A9\EA6158] Autorouter Failed to route connection between polylinetrace, pin #19 of component #69 and pin #7 of component #65, because the maze search algorithm could not be created.
2026-09-07 21:53:25.336 DEBUG  [1D05A9\EA6158] Autorouter Failed to route connection between pin #7 of component #65 and polylinetrace, pin #19 of component #69, because the maze search algorithm could not be created.
2026-09-07 21:53:25.371 DEBUG  [1D05A9\EA6158] Autorouter Failed to route connection between via, polylinetrace, polylinetrace, polylinetrace, pin #1 of component #16, pin of component #9 and pin #18 of component #65, because the maze search algorithm could not be created.
2026-09-07 21:53:25.406 INFO   [1D05A9\EA6158] Auto-router pass #163 on board '376627ef6543b3d02b7c900e85ae5ac6' was completed in 0.17 seconds with the score of 987.55 (2 unrouted), using 1053.92 CPU seconds and 21088 MB memory.
2026-09-07 21:53:25.465 DEBUG  [1D05A9\EA6158] Autorouter Failed to route connection between via, polylinetrace, polylinetrace, polylinetrace, pin #1 of component #16, pin of component #9 and pin #18 of component #65, because the maze search algorithm could not be created.
2026-09-07 21:53:25.504 DEBUG  [1D05A9\EA6158] Autorouter Failed to route connection between pin #7 of component #65 and polylinetrace, pin #19 of component #69, because the maze search algorithm could not be created.
2026-09-07 21:53:25.534 DEBUG  [1D05A9\EA6158] Autorouter Failed to route connection between pin #18 of component #65 and via, polylinetrace, polylinetrace, polylinetrace, pin #1 of component #16, pin of component #9, because the maze search algorithm could not be created.
2026-09-07 21:53:25.564 DEBUG  [1D05A9\EA6158] Autorouter Failed to route connection between polylinetrace, pin #19 of component #69 and pin #7 of component #65, because the maze search algorithm could not be created.
2026-09-07 21:53:25.603 INFO   [1D05A9\EA6158] Auto-router pass #164 on board '376627ef6543b3d02b7c900e85ae5ac6' was completed in 0.18 seconds with the score of 987.55 (2 unrouted), using 1053.92 CPU seconds and 21088 MB memory.
2026-09-07 21:53:25.654 DEBUG  [1D05A9\EA6158] Autorouter Failed to route connection between pin #7 of component #65 and polylinetrace, pin #19 of component #69, because the maze search algorithm could not be created.
2026-09-07 21:53:25.687 DEBUG  [1D05A9\EA6158] Autorouter Failed to route connection between via, polylinetrace, polylinetrace, polylinetrace, pin #1 of component #16, pin of component #9 and pin #18 of component #65, because the maze search algorithm could not be created.
2026-09-07 21:53:25.717 DEBUG  [1D05A9\EA6158] Autorouter Failed to route connection between polylinetrace, pin #19 of component #69 and pin #7 of component #65, because the maze search algorithm could not be created.
2026-09-07 21:53:25.755 DEBUG  [1D05A9\EA6158] Autorouter Failed to route connection between pin #18 of component #65 and via, polylinetrace, polylinetrace, polylinetrace, pin #1 of component #16, pin of component #9, because the maze search algorithm could not be created.
2026-09-07 21:53:25.796 INFO   [1D05A9\EA6158] Auto-router pass #165 on board '376627ef6543b3d02b7c900e85ae5ac6' was completed in 0.18 seconds with the score of 987.55 (2 unrouted), using 1053.92 CPU seconds and 21088 MB memory.
2026-09-07 21:53:25.846 DEBUG  [1D05A9\EA6158] Autorouter Failed to route connection between polylinetrace, pin #19 of component #69 and pin #7 of component #65, because the maze search algorithm could not be created.
2026-09-07 21:53:25.875 DEBUG  [1D05A9\EA6158] Autorouter Failed to route connection between pin #7 of component #65 and polylinetrace, pin #19 of component #69, because the maze search algorithm could not be created.
2026-09-07 21:53:25.912 DEBUG  [1D05A9\EA6158] Autorouter Failed to route connection between via, polylinetrace, polylinetrace, polylinetrace, pin #1 of component #16, pin of component #9 and pin #18 of component #65, because the maze search algorithm could not be created.
2026-09-07 21:53:25.946 DEBUG  [1D05A9\EA6158] Autorouter Failed to route connection between pin #18 of component #65 and via, polylinetrace, polylinetrace, polylinetrace, pin #1 of component #16, pin of component #9, because the maze search algorithm could not be created.
2026-09-07 21:53:25.986 INFO   [1D05A9\EA6158] Auto-router pass #166 on board '376627ef6543b3d02b7c900e85ae5ac6' was completed in 0.18 seconds with the score of 987.55 (2 unrouted), using 1053.92 CPU seconds and 21088 MB memory.
2026-09-07 21:53:26.047 DEBUG  [1D05A9\EA6158] Autorouter Failed to route connection between via, polylinetrace, polylinetrace, polylinetrace, pin #1 of component #16, pin of component #9 and pin #18 of component #65, because the maze search algorithm could not be created.
2026-09-07 21:53:26.089 DEBUG  [1D05A9\EA6158] Autorouter Failed to route connection between pin #7 of component #65 and polylinetrace, pin #19 of component #69, because the maze search algorithm could not be created.
2026-09-07 21:53:26.128 DEBUG  [1D05A9\EA6158] Autorouter Failed to route connection between polylinetrace, pin #19 of component #69 and pin #7 of component #65, because the maze search algorithm could not be created.
2026-09-07 21:53:26.156 DEBUG  [1D05A9\EA6158] Autorouter Failed to route connection between pin #18 of component #65 and via, polylinetrace, polylinetrace, polylinetrace, pin #1 of component #16, pin of component #9, because the maze search algorithm could not be created.
2026-09-07 21:53:26.196 INFO   [1D05A9\EA6158] Auto-router pass #167 on board '376627ef6543b3d02b7c900e85ae5ac6' was completed in 0.19 seconds with the score of 987.55 (2 unrouted), using 1053.92 CPU seconds and 21088 MB memory.
2026-09-07 21:53:26.252 DEBUG  [1D05A9\EA6158] Autorouter Failed to route connection between polylinetrace, pin #19 of component #69 and pin #7 of component #65, because the maze search algorithm could not be created.
2026-09-07 21:53:26.288 DEBUG  [1D05A9\EA6158] Autorouter Failed to route connection between via, polylinetrace, polylinetrace, polylinetrace, pin #1 of component #16, pin of component #9 and pin #18 of component #65, because the maze search algorithm could not be created.
2026-09-07 21:53:26.319 DEBUG  [1D05A9\EA6158] Autorouter Failed to route connection between pin #7 of component #65 and polylinetrace, pin #19 of component #69, because the maze search algorithm could not be created.
2026-09-07 21:53:26.354 DEBUG  [1D05A9\EA6158] Autorouter Failed to route connection between pin #18 of component #65 and via, polylinetrace, polylinetrace, polylinetrace, pin #1 of component #16, pin of component #9, because the maze search algorithm could not be created.
2026-09-07 21:53:26.392 INFO   [1D05A9\EA6158] Auto-router pass #168 on board '376627ef6543b3d02b7c900e85ae5ac6' was completed in 0.18 seconds with the score of 987.55 (2 unrouted), using 1099.45 CPU seconds and 21640 MB memory.
2026-09-07 21:53:26.445 DEBUG  [1D05A9\EA6158] Autorouter Failed to route connection between pin #7 of component #65 and polylinetrace, pin #19 of component #69, because the maze search algorithm could not be created.
2026-09-07 21:53:26.481 DEBUG  [1D05A9\EA6158] Autorouter Failed to route connection between pin #18 of component #65 and via, polylinetrace, polylinetrace, polylinetrace, pin #1 of component #16, pin of component #9, because the maze search algorithm could not be created.
2026-09-07 21:53:26.512 DEBUG  [1D05A9\EA6158] Autorouter Failed to route connection between via, polylinetrace, polylinetrace, polylinetrace, pin #1 of component #16, pin of component #9 and pin #18 of component #65, because the maze search algorithm could not be created.
2026-09-07 21:53:26.545 DEBUG  [1D05A9\EA6158] Autorouter Failed to route connection between polylinetrace, pin #19 of component #69 and pin #7 of component #65, because the maze search algorithm could not be created.
2026-09-07 21:53:26.584 INFO   [1D05A9\EA6158] Auto-router pass #169 on board '376627ef6543b3d02b7c900e85ae5ac6' was completed in 0.18 seconds with the score of 987.55 (2 unrouted), using 1099.45 CPU seconds and 21640 MB memory.
2026-09-07 21:53:26.637 DEBUG  [1D05A9\EA6158] Autorouter Failed to route connection between via, polylinetrace, polylinetrace, polylinetrace, pin #1 of component #16, pin of component #9 and pin #18 of component #65, because the maze search algorithm could not be created.
2026-09-07 21:53:26.680 DEBUG  [1D05A9\EA6158] Autorouter Failed to route connection between pin #7 of component #65 and polylinetrace, pin #19 of component #69, because the maze search algorithm could not be created.
2026-09-07 21:53:26.713 DEBUG  [1D05A9\EA6158] Autorouter Failed to route connection between pin #18 of component #65 and via, polylinetrace, polylinetrace, polylinetrace, pin #1 of component #16, pin of component #9, because the maze search algorithm could not be created.
2026-09-07 21:53:26.748 DEBUG  [1D05A9\EA6158] Autorouter Failed to route connection between polylinetrace, pin #19 of component #69 and pin #7 of component #65, because the maze search algorithm could not be created.
2026-09-07 21:53:26.786 INFO   [1D05A9\EA6158] Auto-router pass #170 on board '376627ef6543b3d02b7c900e85ae5ac6' was completed in 0.19 seconds with the score of 987.55 (2 unrouted), using 1099.45 CPU seconds and 21640 MB memory.
2026-09-07 21:53:26.838 DEBUG  [1D05A9\EA6158] Autorouter Failed to route connection between via, polylinetrace, polylinetrace, polylinetrace, pin #1 of component #16, pin of component #9 and pin #18 of component #65, because the maze search algorithm could not be created.
2026-09-07 21:53:26.870 DEBUG  [1D05A9\EA6158] Autorouter Failed to route connection between pin #7 of component #65 and polylinetrace, pin #19 of component #69, because the maze search algorithm could not be created.
2026-09-07 21:53:26.905 DEBUG  [1D05A9\EA6158] Autorouter Failed to route connection between pin #18 of component #65 and via, polylinetrace, polylinetrace, polylinetrace, pin #1 of component #16, pin of component #9, because the maze search algorithm could not be created.
2026-09-07 21:53:26.932 DEBUG  [1D05A9\EA6158] Autorouter Failed to route connection between polylinetrace, pin #19 of component #69 and pin #7 of component #65, because the maze search algorithm could not be created.
2026-09-07 21:53:26.970 INFO   [1D05A9\EA6158] Auto-router pass #171 on board '376627ef6543b3d02b7c900e85ae5ac6' was completed in 0.17 seconds with the score of 987.55 (2 unrouted), using 1099.45 CPU seconds and 21640 MB memory.
2026-09-07 21:53:27.030 DEBUG  [1D05A9\EA6158] Autorouter Failed to route connection between pin #18 of component #65 and via, polylinetrace, polylinetrace, polylinetrace, pin #1 of component #16, pin of component #9, because the maze search algorithm could not be created.
2026-09-07 21:53:27.063 DEBUG  [1D05A9\EA6158] Autorouter Failed to route connection between polylinetrace, pin #19 of component #69 and pin #7 of component #65, because the maze search algorithm could not be created.
2026-09-07 21:53:27.095 DEBUG  [1D05A9\EA6158] Autorouter Failed to route connection between pin #7 of component #65 and polylinetrace, pin #19 of component #69, because the maze search algorithm could not be created.
2026-09-07 21:53:27.131 DEBUG  [1D05A9\EA6158] Autorouter Failed to route connection between via, polylinetrace, polylinetrace, polylinetrace, pin #1 of component #16, pin of component #9 and pin #18 of component #65, because the maze search algorithm could not be created.
2026-09-07 21:53:27.186 INFO   [1D05A9\EA6158] Auto-router pass #172 on board '376627ef6543b3d02b7c900e85ae5ac6' was completed in 0.20 seconds with the score of 987.55 (2 unrouted), using 1099.45 CPU seconds and 21640 MB memory.
2026-09-07 21:53:27.237 DEBUG  [1D05A9\EA6158] Autorouter Failed to route connection between polylinetrace, pin #19 of component #69 and pin #7 of component #65, because the maze search algorithm could not be created.
2026-09-07 21:53:27.276 DEBUG  [1D05A9\EA6158] Autorouter Failed to route connection between pin #7 of component #65 and polylinetrace, pin #19 of component #69, because the maze search algorithm could not be created.
2026-09-07 21:53:27.348 DEBUG  [1D05A9\EA6158] Autorouter Failed to route connection between pin #18 of component #65 and via, polylinetrace, polylinetrace, polylinetrace, pin #1 of component #16, pin of component #9, because the maze search algorithm could not be created.
2026-09-07 21:53:27.422 DEBUG  [1D05A9\EA6158] Autorouter Failed to route connection between via, polylinetrace, polylinetrace, polylinetrace, pin #1 of component #16, pin of component #9 and pin #18 of component #65, because the maze search algorithm could not be created.
2026-09-07 21:53:27.481 INFO   [1D05A9\EA6158] Auto-router pass #173 on board '376627ef6543b3d02b7c900e85ae5ac6' was completed in 0.28 seconds with the score of 987.55 (2 unrouted), using 1145.95 CPU seconds and 22156 MB memory.
2026-09-07 21:53:27.538 DEBUG  [1D05A9\EA6158] Autorouter Failed to route connection between via, polylinetrace, polylinetrace, polylinetrace, pin #1 of component #16, pin of component #9 and pin #18 of component #65, because the maze search algorithm could not be created.
2026-09-07 21:53:27.570 DEBUG  [1D05A9\EA6158] Autorouter Failed to route connection between polylinetrace, pin #19 of component #69 and pin #7 of component #65, because the maze search algorithm could not be created.
2026-09-07 21:53:27.607 DEBUG  [1D05A9\EA6158] Autorouter Failed to route connection between pin #7 of component #65 and polylinetrace, pin #19 of component #69, because the maze search algorithm could not be created.
2026-09-07 21:53:27.637 DEBUG  [1D05A9\EA6158] Autorouter Failed to route connection between pin #18 of component #65 and via, polylinetrace, polylinetrace, polylinetrace, pin #1 of component #16, pin of component #9, because the maze search algorithm could not be created.
2026-09-07 21:53:27.680 INFO   [1D05A9\EA6158] Auto-router pass #174 on board '376627ef6543b3d02b7c900e85ae5ac6' was completed in 0.18 seconds with the score of 987.55 (2 unrouted), using 1145.95 CPU seconds and 22156 MB memory.
2026-09-07 21:53:27.738 DEBUG  [1D05A9\EA6158] Autorouter Failed to route connection between pin #7 of component #65 and polylinetrace, pin #19 of component #69, because the maze search algorithm could not be created.
2026-09-07 21:53:27.778 DEBUG  [1D05A9\EA6158] Autorouter Failed to route connection between polylinetrace, pin #19 of component #69 and pin #7 of component #65, because the maze search algorithm could not be created.
2026-09-07 21:53:27.813 DEBUG  [1D05A9\EA6158] Autorouter Failed to route connection between via, polylinetrace, polylinetrace, polylinetrace, pin #1 of component #16, pin of component #9 and pin #18 of component #65, because the maze search algorithm could not be created.
2026-09-07 21:53:27.860 DEBUG  [1D05A9\EA6158] Autorouter Failed to route connection between pin #18 of component #65 and via, polylinetrace, polylinetrace, polylinetrace, pin #1 of component #16, pin of component #9, because the maze search algorithm could not be created.
2026-09-07 21:53:27.913 INFO   [1D05A9\EA6158] Auto-router pass #175 on board '376627ef6543b3d02b7c900e85ae5ac6' was completed in 0.22 seconds with the score of 987.55 (2 unrouted), using 1145.95 CPU seconds and 22156 MB memory.
2026-09-07 21:53:27.961 DEBUG  [1D05A9\EA6158] Autorouter Failed to route connection between pin #18 of component #65 and via, polylinetrace, polylinetrace, polylinetrace, pin #1 of component #16, pin of component #9, because the maze search algorithm could not be created.
2026-09-07 21:53:27.995 DEBUG  [1D05A9\EA6158] Autorouter Failed to route connection between via, polylinetrace, polylinetrace, polylinetrace, pin #1 of component #16, pin of component #9 and pin #18 of component #65, because the maze search algorithm could not be created.
2026-09-07 21:53:28.029 DEBUG  [1D05A9\EA6158] Autorouter Failed to route connection between pin #7 of component #65 and polylinetrace, pin #19 of component #69, because the maze search algorithm could not be created.
2026-09-07 21:53:28.076 DEBUG  [1D05A9\EA6158] Autorouter Failed to route connection between polylinetrace, pin #19 of component #69 and pin #7 of component #65, because the maze search algorithm could not be created.
2026-09-07 21:53:28.113 INFO   [1D05A9\EA6158] Auto-router pass #176 on board '376627ef6543b3d02b7c900e85ae5ac6' was completed in 0.19 seconds with the score of 987.55 (2 unrouted), using 1145.95 CPU seconds and 22156 MB memory.
2026-09-07 21:53:28.169 DEBUG  [1D05A9\EA6158] Autorouter Failed to route connection between polylinetrace, pin #19 of component #69 and pin #7 of component #65, because the maze search algorithm could not be created.
2026-09-07 21:53:28.198 DEBUG  [1D05A9\EA6158] Autorouter Failed to route connection between pin #7 of component #65 and polylinetrace, pin #19 of component #69, because the maze search algorithm could not be created.
2026-09-07 21:53:28.229 DEBUG  [1D05A9\EA6158] Autorouter Failed to route connection between pin #18 of component #65 and via, polylinetrace, polylinetrace, polylinetrace, pin #1 of component #16, pin of component #9, because the maze search algorithm could not be created.
2026-09-07 21:53:28.261 DEBUG  [1D05A9\EA6158] Autorouter Failed to route connection between via, polylinetrace, polylinetrace, polylinetrace, pin #1 of component #16, pin of component #9 and pin #18 of component #65, because the maze search algorithm could not be created.
2026-09-07 21:53:28.294 INFO   [1D05A9\EA6158] Auto-router pass #177 on board '376627ef6543b3d02b7c900e85ae5ac6' was completed in 0.16 seconds with the score of 987.55 (2 unrouted), using 1145.95 CPU seconds and 22156 MB memory.
2026-09-07 21:53:28.345 DEBUG  [1D05A9\EA6158] Autorouter Failed to route connection between polylinetrace, pin #19 of component #69 and pin #7 of component #65, because the maze search algorithm could not be created.
2026-09-07 21:53:28.373 DEBUG  [1D05A9\EA6158] Autorouter Failed to route connection between pin #7 of component #65 and polylinetrace, pin #19 of component #69, because the maze search algorithm could not be created.
2026-09-07 21:53:28.403 DEBUG  [1D05A9\EA6158] Autorouter Failed to route connection between pin #18 of component #65 and via, polylinetrace, polylinetrace, polylinetrace, pin #1 of component #16, pin of component #9, because the maze search algorithm could not be created.
2026-09-07 21:53:28.447 DEBUG  [1D05A9\EA6158] Autorouter Failed to route connection between via, polylinetrace, polylinetrace, polylinetrace, pin #1 of component #16, pin of component #9 and pin #18 of component #65, because the maze search algorithm could not be created.
2026-09-07 21:53:28.487 INFO   [1D05A9\EA6158] Auto-router pass #178 on board '376627ef6543b3d02b7c900e85ae5ac6' was completed in 0.18 seconds with the score of 987.55 (2 unrouted), using 1193.42 CPU seconds and 22684 MB memory.
2026-09-07 21:53:28.533 DEBUG  [1D05A9\EA6158] Autorouter Failed to route connection between via, polylinetrace, polylinetrace, polylinetrace, pin #1 of component #16, pin of component #9 and pin #18 of component #65, because the maze search algorithm could not be created.
2026-09-07 21:53:28.570 DEBUG  [1D05A9\EA6158] Autorouter Failed to route connection between pin #7 of component #65 and polylinetrace, pin #19 of component #69, because the maze search algorithm could not be created.
2026-09-07 21:53:28.604 DEBUG  [1D05A9\EA6158] Autorouter Failed to route connection between pin #18 of component #65 and via, polylinetrace, polylinetrace, polylinetrace, pin #1 of component #16, pin of component #9, because the maze search algorithm could not be created.
2026-09-07 21:53:28.636 DEBUG  [1D05A9\EA6158] Autorouter Failed to route connection between polylinetrace, pin #19 of component #69 and pin #7 of component #65, because the maze search algorithm could not be created.
2026-09-07 21:53:28.681 INFO   [1D05A9\EA6158] Auto-router pass #179 on board '376627ef6543b3d02b7c900e85ae5ac6' was completed in 0.18 seconds with the score of 987.55 (2 unrouted), using 1193.42 CPU seconds and 22684 MB memory.
2026-09-07 21:53:28.740 DEBUG  [1D05A9\EA6158] Autorouter Failed to route connection between polylinetrace, pin #19 of component #69 and pin #7 of component #65, because the maze search algorithm could not be created.
2026-09-07 21:53:28.779 DEBUG  [1D05A9\EA6158] Autorouter Failed to route connection between via, polylinetrace, polylinetrace, polylinetrace, pin #1 of component #16, pin of component #9 and pin #18 of component #65, because the maze search algorithm could not be created.
2026-09-07 21:53:28.816 DEBUG  [1D05A9\EA6158] Autorouter Failed to route connection between pin #7 of component #65 and polylinetrace, pin #19 of component #69, because the maze search algorithm could not be created.
2026-09-07 21:53:28.846 DEBUG  [1D05A9\EA6158] Autorouter Failed to route connection between pin #18 of component #65 and via, polylinetrace, polylinetrace, polylinetrace, pin #1 of component #16, pin of component #9, because the maze search algorithm could not be created.
2026-09-07 21:53:28.887 INFO   [1D05A9\EA6158] Auto-router pass #180 on board '376627ef6543b3d02b7c900e85ae5ac6' was completed in 0.18 seconds with the score of 987.55 (2 unrouted), using 1193.42 CPU seconds and 22684 MB memory.
2026-09-07 21:53:28.941 DEBUG  [1D05A9\EA6158] Autorouter Failed to route connection between polylinetrace, pin #19 of component #69 and pin #7 of component #65, because the maze search algorithm could not be created.
2026-09-07 21:53:28.979 DEBUG  [1D05A9\EA6158] Autorouter Failed to route connection between pin #7 of component #65 and polylinetrace, pin #19 of component #69, because the maze search algorithm could not be created.
2026-09-07 21:53:29.011 DEBUG  [1D05A9\EA6158] Autorouter Failed to route connection between pin #18 of component #65 and via, polylinetrace, polylinetrace, polylinetrace, pin #1 of component #16, pin of component #9, because the maze search algorithm could not be created.
2026-09-07 21:53:29.039 DEBUG  [1D05A9\EA6158] Autorouter Failed to route connection between via, polylinetrace, polylinetrace, polylinetrace, pin #1 of component #16, pin of component #9 and pin #18 of component #65, because the maze search algorithm could not be created.
2026-09-07 21:53:29.086 INFO   [1D05A9\EA6158] Auto-router pass #181 on board '376627ef6543b3d02b7c900e85ae5ac6' was completed in 0.18 seconds with the score of 987.55 (2 unrouted), using 1193.42 CPU seconds and 22684 MB memory.
2026-09-07 21:53:29.137 DEBUG  [1D05A9\EA6158] Autorouter Failed to route connection between pin #7 of component #65 and polylinetrace, pin #19 of component #69, because the maze search algorithm could not be created.
2026-09-07 21:53:29.175 DEBUG  [1D05A9\EA6158] Autorouter Failed to route connection between via, polylinetrace, polylinetrace, polylinetrace, pin #1 of component #16, pin of component #9 and pin #18 of component #65, because the maze search algorithm could not be created.
2026-09-07 21:53:29.204 DEBUG  [1D05A9\EA6158] Autorouter Failed to route connection between polylinetrace, pin #19 of component #69 and pin #7 of component #65, because the maze search algorithm could not be created.
2026-09-07 21:53:29.238 DEBUG  [1D05A9\EA6158] Autorouter Failed to route connection between pin #18 of component #65 and via, polylinetrace, polylinetrace, polylinetrace, pin #1 of component #16, pin of component #9, because the maze search algorithm could not be created.
2026-09-07 21:53:29.277 INFO   [1D05A9\EA6158] Auto-router pass #182 on board '376627ef6543b3d02b7c900e85ae5ac6' was completed in 0.17 seconds with the score of 987.55 (2 unrouted), using 1193.42 CPU seconds and 22684 MB memory.
2026-09-07 21:53:29.327 DEBUG  [1D05A9\EA6158] Autorouter Failed to route connection between pin #18 of component #65 and via, polylinetrace, polylinetrace, polylinetrace, pin #1 of component #16, pin of component #9, because the maze search algorithm could not be created.
2026-09-07 21:53:29.360 DEBUG  [1D05A9\EA6158] Autorouter Failed to route connection between via, polylinetrace, polylinetrace, polylinetrace, pin #1 of component #16, pin of component #9 and pin #18 of component #65, because the maze search algorithm could not be created.
2026-09-07 21:53:29.394 DEBUG  [1D05A9\EA6158] Autorouter Failed to route connection between polylinetrace, pin #19 of component #69 and pin #7 of component #65, because the maze search algorithm could not be created.
2026-09-07 21:53:29.429 DEBUG  [1D05A9\EA6158] Autorouter Failed to route connection between pin #7 of component #65 and polylinetrace, pin #19 of component #69, because the maze search algorithm could not be created.
2026-09-07 21:53:29.476 INFO   [1D05A9\EA6158] Auto-router pass #183 on board '376627ef6543b3d02b7c900e85ae5ac6' was completed in 0.19 seconds with the score of 987.55 (2 unrouted), using 1241.88 CPU seconds and 23224 MB memory.
2026-09-07 21:53:29.523 DEBUG  [1D05A9\EA6158] Autorouter Failed to route connection between pin #18 of component #65 and via, polylinetrace, polylinetrace, polylinetrace, pin #1 of component #16, pin of component #9, because the maze search algorithm could not be created.
2026-09-07 21:53:29.563 DEBUG  [1D05A9\EA6158] Autorouter Failed to route connection between via, polylinetrace, polylinetrace, polylinetrace, pin #1 of component #16, pin of component #9 and pin #18 of component #65, because the maze search algorithm could not be created.
2026-09-07 21:53:29.599 DEBUG  [1D05A9\EA6158] Autorouter Failed to route connection between polylinetrace, pin #19 of component #69 and pin #7 of component #65, because the maze search algorithm could not be created.
2026-09-07 21:53:29.629 DEBUG  [1D05A9\EA6158] Autorouter Failed to route connection between pin #7 of component #65 and polylinetrace, pin #19 of component #69, because the maze search algorithm could not be created.
2026-09-07 21:53:29.670 INFO   [1D05A9\EA6158] Auto-router pass #184 on board '376627ef6543b3d02b7c900e85ae5ac6' was completed in 0.18 seconds with the score of 987.55 (2 unrouted), using 1241.88 CPU seconds and 23224 MB memory.
2026-09-07 21:53:29.720 DEBUG  [1D05A9\EA6158] Autorouter Failed to route connection between via, polylinetrace, polylinetrace, polylinetrace, pin #1 of component #16, pin of component #9 and pin #18 of component #65, because the maze search algorithm could not be created.
2026-09-07 21:53:29.748 DEBUG  [1D05A9\EA6158] Autorouter Failed to route connection between pin #18 of component #65 and via, polylinetrace, polylinetrace, polylinetrace, pin #1 of component #16, pin of component #9, because the maze search algorithm could not be created.
2026-09-07 21:53:29.778 DEBUG  [1D05A9\EA6158] Autorouter Failed to route connection between pin #7 of component #65 and polylinetrace, pin #19 of component #69, because the maze search algorithm could not be created.
2026-09-07 21:53:29.820 DEBUG  [1D05A9\EA6158] Autorouter Failed to route connection between polylinetrace, pin #19 of component #69 and pin #7 of component #65, because the maze search algorithm could not be created.
2026-09-07 21:53:29.864 INFO   [1D05A9\EA6158] Auto-router pass #185 on board '376627ef6543b3d02b7c900e85ae5ac6' was completed in 0.18 seconds with the score of 987.55 (2 unrouted), using 1241.88 CPU seconds and 23224 MB memory.
2026-09-07 21:53:29.922 DEBUG  [1D05A9\EA6158] Autorouter Failed to route connection between via, polylinetrace, polylinetrace, polylinetrace, pin #1 of component #16, pin of component #9 and pin #18 of component #65, because the maze search algorithm could not be created.
2026-09-07 21:53:29.956 DEBUG  [1D05A9\EA6158] Autorouter Failed to route connection between polylinetrace, pin #19 of component #69 and pin #7 of component #65, because the maze search algorithm could not be created.
2026-09-07 21:53:29.994 DEBUG  [1D05A9\EA6158] Autorouter Failed to route connection between pin #7 of component #65 and polylinetrace, pin #19 of component #69, because the maze search algorithm could not be created.
2026-09-07 21:53:30.022 DEBUG  [1D05A9\EA6158] Autorouter Failed to route connection between pin #18 of component #65 and via, polylinetrace, polylinetrace, polylinetrace, pin #1 of component #16, pin of component #9, because the maze search algorithm could not be created.
2026-09-07 21:53:30.070 INFO   [1D05A9\EA6158] Auto-router pass #186 on board '376627ef6543b3d02b7c900e85ae5ac6' was completed in 0.19 seconds with the score of 987.55 (2 unrouted), using 1241.88 CPU seconds and 23224 MB memory.
2026-09-07 21:53:30.120 DEBUG  [1D05A9\EA6158] Autorouter Failed to route connection between polylinetrace, pin #19 of component #69 and pin #7 of component #65, because the maze search algorithm could not be created.
2026-09-07 21:53:30.153 DEBUG  [1D05A9\EA6158] Autorouter Failed to route connection between pin #7 of component #65 and polylinetrace, pin #19 of component #69, because the maze search algorithm could not be created.
2026-09-07 21:53:30.187 DEBUG  [1D05A9\EA6158] Autorouter Failed to route connection between pin #18 of component #65 and via, polylinetrace, polylinetrace, polylinetrace, pin #1 of component #16, pin of component #9, because the maze search algorithm could not be created.
2026-09-07 21:53:30.224 DEBUG  [1D05A9\EA6158] Autorouter Failed to route connection between via, polylinetrace, polylinetrace, polylinetrace, pin #1 of component #16, pin of component #9 and pin #18 of component #65, because the maze search algorithm could not be created.
2026-09-07 21:53:30.268 INFO   [1D05A9\EA6158] Auto-router pass #187 on board '376627ef6543b3d02b7c900e85ae5ac6' was completed in 0.18 seconds with the score of 987.55 (2 unrouted), using 1241.88 CPU seconds and 23224 MB memory.
2026-09-07 21:53:30.322 DEBUG  [1D05A9\EA6158] Autorouter Failed to route connection between polylinetrace, pin #19 of component #69 and pin #7 of component #65, because the maze search algorithm could not be created.
2026-09-07 21:53:30.362 DEBUG  [1D05A9\EA6158] Autorouter Failed to route connection between via, polylinetrace, polylinetrace, polylinetrace, pin #1 of component #16, pin of component #9 and pin #18 of component #65, because the maze search algorithm could not be created.
2026-09-07 21:53:30.395 DEBUG  [1D05A9\EA6158] Autorouter Failed to route connection between pin #7 of component #65 and polylinetrace, pin #19 of component #69, because the maze search algorithm could not be created.
2026-09-07 21:53:30.428 DEBUG  [1D05A9\EA6158] Autorouter Failed to route connection between pin #18 of component #65 and via, polylinetrace, polylinetrace, polylinetrace, pin #1 of component #16, pin of component #9, because the maze search algorithm could not be created.
2026-09-07 21:53:30.479 INFO   [1D05A9\EA6158] Auto-router pass #188 on board '376627ef6543b3d02b7c900e85ae5ac6' was completed in 0.20 seconds with the score of 987.55 (2 unrouted), using 1291.34 CPU seconds and 23762 MB memory.
2026-09-07 21:53:30.544 DEBUG  [1D05A9\EA6158] Autorouter Failed to route connection between pin #18 of component #65 and via, polylinetrace, polylinetrace, polylinetrace, pin #1 of component #16, pin of component #9, because the maze search algorithm could not be created.
2026-09-07 21:53:30.582 DEBUG  [1D05A9\EA6158] Autorouter Failed to route connection between via, polylinetrace, polylinetrace, polylinetrace, pin #1 of component #16, pin of component #9 and pin #18 of component #65, because the maze search algorithm could not be created.
2026-09-07 21:53:30.613 DEBUG  [1D05A9\EA6158] Autorouter Failed to route connection between polylinetrace, pin #19 of component #69 and pin #7 of component #65, because the maze search algorithm could not be created.
2026-09-07 21:53:30.644 DEBUG  [1D05A9\EA6158] Autorouter Failed to route connection between pin #7 of component #65 and polylinetrace, pin #19 of component #69, because the maze search algorithm could not be created.
2026-09-07 21:53:30.686 INFO   [1D05A9\EA6158] Auto-router pass #189 on board '376627ef6543b3d02b7c900e85ae5ac6' was completed in 0.19 seconds with the score of 987.55 (2 unrouted), using 1291.34 CPU seconds and 23762 MB memory.
2026-09-07 21:53:30.745 DEBUG  [1D05A9\EA6158] Autorouter Failed to route connection between pin #7 of component #65 and polylinetrace, pin #19 of component #69, because the maze search algorithm could not be created.
2026-09-07 21:53:30.777 DEBUG  [1D05A9\EA6158] Autorouter Failed to route connection between polylinetrace, pin #19 of component #69 and pin #7 of component #65, because the maze search algorithm could not be created.
2026-09-07 21:53:30.819 DEBUG  [1D05A9\EA6158] Autorouter Failed to route connection between via, polylinetrace, polylinetrace, polylinetrace, pin #1 of component #16, pin of component #9 and pin #18 of component #65, because the maze search algorithm could not be created.
2026-09-07 21:53:30.858 DEBUG  [1D05A9\EA6158] Autorouter Failed to route connection between pin #18 of component #65 and via, polylinetrace, polylinetrace, polylinetrace, pin #1 of component #16, pin of component #9, because the maze search algorithm could not be created.
2026-09-07 21:53:30.906 INFO   [1D05A9\EA6158] Auto-router pass #190 on board '376627ef6543b3d02b7c900e85ae5ac6' was completed in 0.20 seconds with the score of 987.55 (2 unrouted), using 1291.34 CPU seconds and 23762 MB memory.
2026-09-07 21:53:30.964 DEBUG  [1D05A9\EA6158] Autorouter Failed to route connection between pin #7 of component #65 and polylinetrace, pin #19 of component #69, because the maze search algorithm could not be created.
2026-09-07 21:53:30.995 DEBUG  [1D05A9\EA6158] Autorouter Failed to route connection between via, polylinetrace, polylinetrace, polylinetrace, pin #1 of component #16, pin of component #9 and pin #18 of component #65, because the maze search algorithm could not be created.
2026-09-07 21:53:31.029 DEBUG  [1D05A9\EA6158] Autorouter Failed to route connection between pin #18 of component #65 and via, polylinetrace, polylinetrace, polylinetrace, pin #1 of component #16, pin of component #9, because the maze search algorithm could not be created.
2026-09-07 21:53:31.062 DEBUG  [1D05A9\EA6158] Autorouter Failed to route connection between polylinetrace, pin #19 of component #69 and pin #7 of component #65, because the maze search algorithm could not be created.
2026-09-07 21:53:31.104 INFO   [1D05A9\EA6158] Auto-router pass #191 on board '376627ef6543b3d02b7c900e85ae5ac6' was completed in 0.18 seconds with the score of 987.55 (2 unrouted), using 1291.34 CPU seconds and 23762 MB memory.
2026-09-07 21:53:31.162 DEBUG  [1D05A9\EA6158] Autorouter Failed to route connection between pin #7 of component #65 and polylinetrace, pin #19 of component #69, because the maze search algorithm could not be created.
2026-09-07 21:53:31.196 DEBUG  [1D05A9\EA6158] Autorouter Failed to route connection between pin #18 of component #65 and via, polylinetrace, polylinetrace, polylinetrace, pin #1 of component #16, pin of component #9, because the maze search algorithm could not be created.
2026-09-07 21:53:31.229 DEBUG  [1D05A9\EA6158] Autorouter Failed to route connection between polylinetrace, pin #19 of component #69 and pin #7 of component #65, because the maze search algorithm could not be created.
2026-09-07 21:53:31.273 DEBUG  [1D05A9\EA6158] Autorouter Failed to route connection between via, polylinetrace, polylinetrace, polylinetrace, pin #1 of component #16, pin of component #9 and pin #18 of component #65, because the maze search algorithm could not be created.
2026-09-07 21:53:31.314 INFO   [1D05A9\EA6158] Auto-router pass #192 on board '376627ef6543b3d02b7c900e85ae5ac6' was completed in 0.19 seconds with the score of 987.55 (2 unrouted), using 1291.34 CPU seconds and 23762 MB memory.
2026-09-07 21:53:31.371 DEBUG  [1D05A9\EA6158] Autorouter Failed to route connection between pin #7 of component #65 and polylinetrace, pin #19 of component #69, because the maze search algorithm could not be created.
2026-09-07 21:53:31.403 DEBUG  [1D05A9\EA6158] Autorouter Failed to route connection between pin #18 of component #65 and via, polylinetrace, polylinetrace, polylinetrace, pin #1 of component #16, pin of component #9, because the maze search algorithm could not be created.
2026-09-07 21:53:31.437 DEBUG  [1D05A9\EA6158] Autorouter Failed to route connection between polylinetrace, pin #19 of component #69 and pin #7 of component #65, because the maze search algorithm could not be created.
2026-09-07 21:53:31.471 DEBUG  [1D05A9\EA6158] Autorouter Failed to route connection between via, polylinetrace, polylinetrace, polylinetrace, pin #1 of component #16, pin of component #9 and pin #18 of component #65, because the maze search algorithm could not be created.
2026-09-07 21:53:31.514 INFO   [1D05A9\EA6158] Auto-router pass #193 on board '376627ef6543b3d02b7c900e85ae5ac6' was completed in 0.18 seconds with the score of 987.55 (2 unrouted), using 1341.81 CPU seconds and 24281 MB memory.
2026-09-07 21:53:31.572 DEBUG  [1D05A9\EA6158] Autorouter Failed to route connection between via, polylinetrace, polylinetrace, polylinetrace, pin #1 of component #16, pin of component #9 and pin #18 of component #65, because the maze search algorithm could not be created.
2026-09-07 21:53:31.608 DEBUG  [1D05A9\EA6158] Autorouter Failed to route connection between pin #18 of component #65 and via, polylinetrace, polylinetrace, polylinetrace, pin #1 of component #16, pin of component #9, because the maze search algorithm could not be created.
2026-09-07 21:53:31.647 DEBUG  [1D05A9\EA6158] Autorouter Failed to route connection between polylinetrace, pin #19 of component #69 and pin #7 of component #65, because the maze search algorithm could not be created.
2026-09-07 21:53:31.679 DEBUG  [1D05A9\EA6158] Autorouter Failed to route connection between pin #7 of component #65 and polylinetrace, pin #19 of component #69, because the maze search algorithm could not be created.
2026-09-07 21:53:31.721 INFO   [1D05A9\EA6158] Auto-router pass #194 on board '376627ef6543b3d02b7c900e85ae5ac6' was completed in 0.19 seconds with the score of 987.55 (2 unrouted), using 1341.81 CPU seconds and 24281 MB memory.
2026-09-07 21:53:31.771 DEBUG  [1D05A9\EA6158] Autorouter Failed to route connection between polylinetrace, pin #19 of component #69 and pin #7 of component #65, because the maze search algorithm could not be created.
2026-09-07 21:53:31.812 DEBUG  [1D05A9\EA6158] Autorouter Failed to route connection between pin #7 of component #65 and polylinetrace, pin #19 of component #69, because the maze search algorithm could not be created.
2026-09-07 21:53:31.844 DEBUG  [1D05A9\EA6158] Autorouter Failed to route connection between pin #18 of component #65 and via, polylinetrace, polylinetrace, polylinetrace, pin #1 of component #16, pin of component #9, because the maze search algorithm could not be created.
2026-09-07 21:53:31.873 DEBUG  [1D05A9\EA6158] Autorouter Failed to route connection between via, polylinetrace, polylinetrace, polylinetrace, pin #1 of component #16, pin of component #9 and pin #18 of component #65, because the maze search algorithm could not be created.
2026-09-07 21:53:31.911 INFO   [1D05A9\EA6158] Auto-router pass #195 on board '376627ef6543b3d02b7c900e85ae5ac6' was completed in 0.17 seconds with the score of 987.55 (2 unrouted), using 1341.81 CPU seconds and 24281 MB memory.
2026-09-07 21:53:31.957 DEBUG  [1D05A9\EA6158] Autorouter Failed to route connection between via, polylinetrace, polylinetrace, polylinetrace, pin #1 of component #16, pin of component #9 and pin #18 of component #65, because the maze search algorithm could not be created.
2026-09-07 21:53:31.995 DEBUG  [1D05A9\EA6158] Autorouter Failed to route connection between polylinetrace, pin #19 of component #69 and pin #7 of component #65, because the maze search algorithm could not be created.
2026-09-07 21:53:32.029 DEBUG  [1D05A9\EA6158] Autorouter Failed to route connection between pin #7 of component #65 and polylinetrace, pin #19 of component #69, because the maze search algorithm could not be created.
2026-09-07 21:53:32.064 DEBUG  [1D05A9\EA6158] Autorouter Failed to route connection between pin #18 of component #65 and via, polylinetrace, polylinetrace, polylinetrace, pin #1 of component #16, pin of component #9, because the maze search algorithm could not be created.
2026-09-07 21:53:32.102 INFO   [1D05A9\EA6158] Auto-router pass #196 on board '376627ef6543b3d02b7c900e85ae5ac6' was completed in 0.18 seconds with the score of 987.55 (2 unrouted), using 1341.81 CPU seconds and 24281 MB memory.
2026-09-07 21:53:32.145 DEBUG  [1D05A9\EA6158] Autorouter Failed to route connection between pin #18 of component #65 and via, polylinetrace, polylinetrace, polylinetrace, pin #1 of component #16, pin of component #9, because the maze search algorithm could not be created.
2026-09-07 21:53:32.186 DEBUG  [1D05A9\EA6158] Autorouter Failed to route connection between via, polylinetrace, polylinetrace, polylinetrace, pin #1 of component #16, pin of component #9 and pin #18 of component #65, because the maze search algorithm could not be created.
2026-09-07 21:53:32.229 DEBUG  [1D05A9\EA6158] Autorouter Failed to route connection between pin #7 of component #65 and polylinetrace, pin #19 of component #69, because the maze search algorithm could not be created.
2026-09-07 21:53:32.259 DEBUG  [1D05A9\EA6158] Autorouter Failed to route connection between polylinetrace, pin #19 of component #69 and pin #7 of component #65, because the maze search algorithm could not be created.
2026-09-07 21:53:32.300 INFO   [1D05A9\EA6158] Auto-router pass #197 on board '376627ef6543b3d02b7c900e85ae5ac6' was completed in 0.19 seconds with the score of 987.55 (2 unrouted), using 1341.81 CPU seconds and 24281 MB memory.
2026-09-07 21:53:32.354 DEBUG  [1D05A9\EA6158] Autorouter Failed to route connection between via, polylinetrace, polylinetrace, polylinetrace, pin #1 of component #16, pin of component #9 and pin #18 of component #65, because the maze search algorithm could not be created.
2026-09-07 21:53:32.386 DEBUG  [1D05A9\EA6158] Autorouter Failed to route connection between pin #18 of component #65 and via, polylinetrace, polylinetrace, polylinetrace, pin #1 of component #16, pin of component #9, because the maze search algorithm could not be created.
2026-09-07 21:53:32.419 DEBUG  [1D05A9\EA6158] Autorouter Failed to route connection between polylinetrace, pin #19 of component #69 and pin #7 of component #65, because the maze search algorithm could not be created.
2026-09-07 21:53:32.454 DEBUG  [1D05A9\EA6158] Autorouter Failed to route connection between pin #7 of component #65 and polylinetrace, pin #19 of component #69, because the maze search algorithm could not be created.
2026-09-07 21:53:32.489 INFO   [1D05A9\EA6158] Auto-router pass #198 on board '376627ef6543b3d02b7c900e85ae5ac6' was completed in 0.17 seconds with the score of 987.55 (2 unrouted), using 1393.27 CPU seconds and 24823 MB memory.
2026-09-07 21:53:32.554 DEBUG  [1D05A9\EA6158] Autorouter Failed to route connection between polylinetrace, pin #19 of component #69 and pin #7 of component #65, because the maze search algorithm could not be created.
2026-09-07 21:53:32.588 DEBUG  [1D05A9\EA6158] Autorouter Failed to route connection between via, polylinetrace, polylinetrace, polylinetrace, pin #1 of component #16, pin of component #9 and pin #18 of component #65, because the maze search algorithm could not be created.
2026-09-07 21:53:32.616 DEBUG  [1D05A9\EA6158] Autorouter Failed to route connection between pin #18 of component #65 and via, polylinetrace, polylinetrace, polylinetrace, pin #1 of component #16, pin of component #9, because the maze search algorithm could not be created.
2026-09-07 21:53:32.645 DEBUG  [1D05A9\EA6158] Autorouter Failed to route connection between pin #7 of component #65 and polylinetrace, pin #19 of component #69, because the maze search algorithm could not be created.
2026-09-07 21:53:32.679 INFO   [1D05A9\EA6158] Auto-router pass #199 on board '376627ef6543b3d02b7c900e85ae5ac6' was completed in 0.17 seconds with the score of 987.55 (2 unrouted), using 1393.27 CPU seconds and 24823 MB memory.
2026-09-07 21:53:32.736 DEBUG  [1D05A9\EA6158] Autorouter Failed to route connection between pin #18 of component #65 and via, polylinetrace, polylinetrace, polylinetrace, pin #1 of component #16, pin of component #9, because the maze search algorithm could not be created.
2026-09-07 21:53:32.770 DEBUG  [1D05A9\EA6158] Autorouter Failed to route connection between polylinetrace, pin #19 of component #69 and pin #7 of component #65, because the maze search algorithm could not be created.
2026-09-07 21:53:32.802 DEBUG  [1D05A9\EA6158] Autorouter Failed to route connection between pin #7 of component #65 and polylinetrace, pin #19 of component #69, because the maze search algorithm could not be created.
2026-09-07 21:53:32.840 DEBUG  [1D05A9\EA6158] Autorouter Failed to route connection between via, polylinetrace, polylinetrace, polylinetrace, pin #1 of component #16, pin of component #9 and pin #18 of component #65, because the maze search algorithm could not be created.
2026-09-07 21:53:32.891 INFO   [1D05A9\EA6158] Auto-router pass #200 on board '376627ef6543b3d02b7c900e85ae5ac6' was completed in 0.20 seconds with the score of 987.55 (2 unrouted), using 1393.27 CPU seconds and 24823 MB memory.
2026-09-07 21:53:32.946 DEBUG  [1D05A9\EA6158] Autorouter Failed to route connection between pin #7 of component #65 and polylinetrace, pin #19 of component #69, because the maze search algorithm could not be created.
2026-09-07 21:53:32.977 DEBUG  [1D05A9\EA6158] Autorouter Failed to route connection between polylinetrace, pin #19 of component #69 and pin #7 of component #65, because the maze search algorithm could not be created.
2026-09-07 21:53:33.013 DEBUG  [1D05A9\EA6158] Autorouter Failed to route connection between pin #18 of component #65 and via, polylinetrace, polylinetrace, polylinetrace, pin #1 of component #16, pin of component #9, because the maze search algorithm could not be created.
2026-09-07 21:53:33.047 DEBUG  [1D05A9\EA6158] Autorouter Failed to route connection between via, polylinetrace, polylinetrace, polylinetrace, pin #1 of component #16, pin of component #9 and pin #18 of component #65, because the maze search algorithm could not be created.
2026-09-07 21:53:33.087 INFO   [1D05A9\EA6158] Auto-router pass #201 on board '376627ef6543b3d02b7c900e85ae5ac6' was completed in 0.18 seconds with the score of 987.55 (2 unrouted), using 1393.27 CPU seconds and 24823 MB memory.
2026-09-07 21:53:33.138 DEBUG  [1D05A9\EA6158] Autorouter Failed to route connection between pin #18 of component #65 and via, polylinetrace, polylinetrace, polylinetrace, pin #1 of component #16, pin of component #9, because the maze search algorithm could not be created.
2026-09-07 21:53:33.178 DEBUG  [1D05A9\EA6158] Autorouter Failed to route connection between via, polylinetrace, polylinetrace, polylinetrace, pin #1 of component #16, pin of component #9 and pin #18 of component #65, because the maze search algorithm could not be created.
2026-09-07 21:53:33.212 DEBUG  [1D05A9\EA6158] Autorouter Failed to route connection between polylinetrace, pin #19 of component #69 and pin #7 of component #65, because the maze search algorithm could not be created.
2026-09-07 21:53:33.246 DEBUG  [1D05A9\EA6158] Autorouter Failed to route connection between pin #7 of component #65 and polylinetrace, pin #19 of component #69, because the maze search algorithm could not be created.
2026-09-07 21:53:33.288 INFO   [1D05A9\EA6158] Auto-router pass #202 on board '376627ef6543b3d02b7c900e85ae5ac6' was completed in 0.19 seconds with the score of 987.55 (2 unrouted), using 1393.27 CPU seconds and 24823 MB memory.
2026-09-07 21:53:33.337 DEBUG  [1D05A9\EA6158] Autorouter Failed to route connection between pin #18 of component #65 and via, polylinetrace, polylinetrace, polylinetrace, pin #1 of component #16, pin of component #9, because the maze search algorithm could not be created.
2026-09-07 21:53:33.372 DEBUG  [1D05A9\EA6158] Autorouter Failed to route connection between via, polylinetrace, polylinetrace, polylinetrace, pin #1 of component #16, pin of component #9 and pin #18 of component #65, because the maze search algorithm could not be created.
2026-09-07 21:53:33.405 DEBUG  [1D05A9\EA6158] Autorouter Failed to route connection between polylinetrace, pin #19 of component #69 and pin #7 of component #65, because the maze search algorithm could not be created.
2026-09-07 21:53:33.445 DEBUG  [1D05A9\EA6158] Autorouter Failed to route connection between pin #7 of component #65 and polylinetrace, pin #19 of component #69, because the maze search algorithm could not be created.
2026-09-07 21:53:33.487 INFO   [1D05A9\EA6158] Auto-router pass #203 on board '376627ef6543b3d02b7c900e85ae5ac6' was completed in 0.18 seconds with the score of 987.55 (2 unrouted), using 1445.69 CPU seconds and 25367 MB memory.
2026-09-07 21:53:33.545 DEBUG  [1D05A9\EA6158] Autorouter Failed to route connection between pin #7 of component #65 and polylinetrace, pin #19 of component #69, because the maze search algorithm could not be created.
2026-09-07 21:53:33.579 DEBUG  [1D05A9\EA6158] Autorouter Failed to route connection between pin #18 of component #65 and via, polylinetrace, polylinetrace, polylinetrace, pin #1 of component #16, pin of component #9, because the maze search algorithm could not be created.
2026-09-07 21:53:33.621 DEBUG  [1D05A9\EA6158] Autorouter Failed to route connection between via, polylinetrace, polylinetrace, polylinetrace, pin #1 of component #16, pin of component #9 and pin #18 of component #65, because the maze search algorithm could not be created.
2026-09-07 21:53:33.654 DEBUG  [1D05A9\EA6158] Autorouter Failed to route connection between polylinetrace, pin #19 of component #69 and pin #7 of component #65, because the maze search algorithm could not be created.
2026-09-07 21:53:33.696 INFO   [1D05A9\EA6158] Auto-router pass #204 on board '376627ef6543b3d02b7c900e85ae5ac6' was completed in 0.19 seconds with the score of 987.55 (2 unrouted), using 1445.69 CPU seconds and 25367 MB memory.
2026-09-07 21:53:33.743 DEBUG  [1D05A9\EA6158] Autorouter Failed to route connection between via, polylinetrace, polylinetrace, polylinetrace, pin #1 of component #16, pin of component #9 and pin #18 of component #65, because the maze search algorithm could not be created.
2026-09-07 21:53:33.771 DEBUG  [1D05A9\EA6158] Autorouter Failed to route connection between polylinetrace, pin #19 of component #69 and pin #7 of component #65, because the maze search algorithm could not be created.
2026-09-07 21:53:33.802 DEBUG  [1D05A9\EA6158] Autorouter Failed to route connection between pin #18 of component #65 and via, polylinetrace, polylinetrace, polylinetrace, pin #1 of component #16, pin of component #9, because the maze search algorithm could not be created.
2026-09-07 21:53:33.847 DEBUG  [1D05A9\EA6158] Autorouter Failed to route connection between pin #7 of component #65 and polylinetrace, pin #19 of component #69, because the maze search algorithm could not be created.
2026-09-07 21:53:33.895 INFO   [1D05A9\EA6158] Auto-router pass #205 on board '376627ef6543b3d02b7c900e85ae5ac6' was completed in 0.18 seconds with the score of 987.55 (2 unrouted), using 1445.69 CPU seconds and 25367 MB memory.
2026-09-07 21:53:33.943 DEBUG  [1D05A9\EA6158] Autorouter Failed to route connection between via, polylinetrace, polylinetrace, polylinetrace, pin #1 of component #16, pin of component #9 and pin #18 of component #65, because the maze search algorithm could not be created.
2026-09-07 21:53:33.971 DEBUG  [1D05A9\EA6158] Autorouter Failed to route connection between pin #18 of component #65 and via, polylinetrace, polylinetrace, polylinetrace, pin #1 of component #16, pin of component #9, because the maze search algorithm could not be created.
2026-09-07 21:53:34.003 DEBUG  [1D05A9\EA6158] Autorouter Failed to route connection between polylinetrace, pin #19 of component #69 and pin #7 of component #65, because the maze search algorithm could not be created.
2026-09-07 21:53:34.035 DEBUG  [1D05A9\EA6158] Autorouter Failed to route connection between pin #7 of component #65 and polylinetrace, pin #19 of component #69, because the maze search algorithm could not be created.
2026-09-07 21:53:34.075 INFO   [1D05A9\EA6158] Auto-router pass #206 on board '376627ef6543b3d02b7c900e85ae5ac6' was completed in 0.16 seconds with the score of 987.55 (2 unrouted), using 1445.69 CPU seconds and 25367 MB memory.
2026-09-07 21:53:34.127 DEBUG  [1D05A9\EA6158] Autorouter Failed to route connection between via, polylinetrace, polylinetrace, polylinetrace, pin #1 of component #16, pin of component #9 and pin #18 of component #65, because the maze search algorithm could not be created.
2026-09-07 21:53:34.161 DEBUG  [1D05A9\EA6158] Autorouter Failed to route connection between pin #18 of component #65 and via, polylinetrace, polylinetrace, polylinetrace, pin #1 of component #16, pin of component #9, because the maze search algorithm could not be created.
2026-09-07 21:53:34.188 DEBUG  [1D05A9\EA6158] Autorouter Failed to route connection between polylinetrace, pin #19 of component #69 and pin #7 of component #65, because the maze search algorithm could not be created.
2026-09-07 21:53:34.221 DEBUG  [1D05A9\EA6158] Autorouter Failed to route connection between pin #7 of component #65 and polylinetrace, pin #19 of component #69, because the maze search algorithm could not be created.
2026-09-07 21:53:34.260 INFO   [1D05A9\EA6158] Auto-router pass #207 on board '376627ef6543b3d02b7c900e85ae5ac6' was completed in 0.17 seconds with the score of 987.55 (2 unrouted), using 1445.69 CPU seconds and 25367 MB memory.
2026-09-07 21:53:34.311 DEBUG  [1D05A9\EA6158] Autorouter Failed to route connection between polylinetrace, pin #19 of component #69 and pin #7 of component #65, because the maze search algorithm could not be created.
2026-09-07 21:53:34.345 DEBUG  [1D05A9\EA6158] Autorouter Failed to route connection between via, polylinetrace, polylinetrace, polylinetrace, pin #1 of component #16, pin of component #9 and pin #18 of component #65, because the maze search algorithm could not be created.
2026-09-07 21:53:34.376 DEBUG  [1D05A9\EA6158] Autorouter Failed to route connection between pin #18 of component #65 and via, polylinetrace, polylinetrace, polylinetrace, pin #1 of component #16, pin of component #9, because the maze search algorithm could not be created.
2026-09-07 21:53:34.410 DEBUG  [1D05A9\EA6158] Autorouter Failed to route connection between pin #7 of component #65 and polylinetrace, pin #19 of component #69, because the maze search algorithm could not be created.
2026-09-07 21:53:34.453 INFO   [1D05A9\EA6158] Auto-router pass #208 on board '376627ef6543b3d02b7c900e85ae5ac6' was completed in 0.18 seconds with the score of 987.55 (2 unrouted), using 1499.09 CPU seconds and 25920 MB memory.
2026-09-07 21:53:34.502 DEBUG  [1D05A9\EA6158] Autorouter Failed to route connection between polylinetrace, pin #19 of component #69 and pin #7 of component #65, because the maze search algorithm could not be created.
2026-09-07 21:53:34.535 DEBUG  [1D05A9\EA6158] Autorouter Failed to route connection between pin #18 of component #65 and via, polylinetrace, polylinetrace, polylinetrace, pin #1 of component #16, pin of component #9, because the maze search algorithm could not be created.
2026-09-07 21:53:34.569 DEBUG  [1D05A9\EA6158] Autorouter Failed to route connection between pin #7 of component #65 and polylinetrace, pin #19 of component #69, because the maze search algorithm could not be created.
2026-09-07 21:53:34.598 DEBUG  [1D05A9\EA6158] Autorouter Failed to route connection between via, polylinetrace, polylinetrace, polylinetrace, pin #1 of component #16, pin of component #9 and pin #18 of component #65, because the maze search algorithm could not be created.
2026-09-07 21:53:34.637 INFO   [1D05A9\EA6158] Auto-router pass #209 on board '376627ef6543b3d02b7c900e85ae5ac6' was completed in 0.17 seconds with the score of 987.55 (2 unrouted), using 1499.09 CPU seconds and 25920 MB memory.
2026-09-07 21:53:34.685 DEBUG  [1D05A9\EA6158] Autorouter Failed to route connection between pin #18 of component #65 and via, polylinetrace, polylinetrace, polylinetrace, pin #1 of component #16, pin of component #9, because the maze search algorithm could not be created.
2026-09-07 21:53:34.717 DEBUG  [1D05A9\EA6158] Autorouter Failed to route connection between via, polylinetrace, polylinetrace, polylinetrace, pin #1 of component #16, pin of component #9 and pin #18 of component #65, because the maze search algorithm could not be created.
2026-09-07 21:53:34.744 DEBUG  [1D05A9\EA6158] Autorouter Failed to route connection between polylinetrace, pin #19 of component #69 and pin #7 of component #65, because the maze search algorithm could not be created.
2026-09-07 21:53:34.773 DEBUG  [1D05A9\EA6158] Autorouter Failed to route connection between pin #7 of component #65 and polylinetrace, pin #19 of component #69, because the maze search algorithm could not be created.
2026-09-07 21:53:34.816 INFO   [1D05A9\EA6158] Auto-router pass #210 on board '376627ef6543b3d02b7c900e85ae5ac6' was completed in 0.17 seconds with the score of 987.55 (2 unrouted), using 1499.09 CPU seconds and 25920 MB memory.
2026-09-07 21:53:34.870 DEBUG  [1D05A9\EA6158] Autorouter Failed to route connection between pin #18 of component #65 and via, polylinetrace, polylinetrace, polylinetrace, pin #1 of component #16, pin of component #9, because the maze search algorithm could not be created.
2026-09-07 21:53:34.899 DEBUG  [1D05A9\EA6158] Autorouter Failed to route connection between pin #7 of component #65 and polylinetrace, pin #19 of component #69, because the maze search algorithm could not be created.
2026-09-07 21:53:34.932 DEBUG  [1D05A9\EA6158] Autorouter Failed to route connection between polylinetrace, pin #19 of component #69 and pin #7 of component #65, because the maze search algorithm could not be created.
2026-09-07 21:53:34.970 DEBUG  [1D05A9\EA6158] Autorouter Failed to route connection between via, polylinetrace, polylinetrace, polylinetrace, pin #1 of component #16, pin of component #9 and pin #18 of component #65, because the maze search algorithm could not be created.
2026-09-07 21:53:35.010 INFO   [1D05A9\EA6158] Auto-router pass #211 on board '376627ef6543b3d02b7c900e85ae5ac6' was completed in 0.18 seconds with the score of 987.55 (2 unrouted), using 1499.09 CPU seconds and 25920 MB memory.
2026-09-07 21:53:35.064 DEBUG  [1D05A9\EA6158] Autorouter Failed to route connection between pin #7 of component #65 and polylinetrace, pin #19 of component #69, because the maze search algorithm could not be created.
2026-09-07 21:53:35.105 DEBUG  [1D05A9\EA6158] Autorouter Failed to route connection between polylinetrace, pin #19 of component #69 and pin #7 of component #65, because the maze search algorithm could not be created.
2026-09-07 21:53:35.136 DEBUG  [1D05A9\EA6158] Autorouter Failed to route connection between via, polylinetrace, polylinetrace, polylinetrace, pin #1 of component #16, pin of component #9 and pin #18 of component #65, because the maze search algorithm could not be created.
2026-09-07 21:53:35.172 DEBUG  [1D05A9\EA6158] Autorouter Failed to route connection between pin #18 of component #65 and via, polylinetrace, polylinetrace, polylinetrace, pin #1 of component #16, pin of component #9, because the maze search algorithm could not be created.
2026-09-07 21:53:35.211 INFO   [1D05A9\EA6158] Auto-router pass #212 on board '376627ef6543b3d02b7c900e85ae5ac6' was completed in 0.18 seconds with the score of 987.55 (2 unrouted), using 1499.09 CPU seconds and 25920 MB memory.
2026-09-07 21:53:35.260 DEBUG  [1D05A9\EA6158] Autorouter Failed to route connection between polylinetrace, pin #19 of component #69 and pin #7 of component #65, because the maze search algorithm could not be created.
2026-09-07 21:53:35.293 DEBUG  [1D05A9\EA6158] Autorouter Failed to route connection between pin #18 of component #65 and via, polylinetrace, polylinetrace, polylinetrace, pin #1 of component #16, pin of component #9, because the maze search algorithm could not be created.
2026-09-07 21:53:35.326 DEBUG  [1D05A9\EA6158] Autorouter Failed to route connection between pin #7 of component #65 and polylinetrace, pin #19 of component #69, because the maze search algorithm could not be created.
2026-09-07 21:53:35.363 DEBUG  [1D05A9\EA6158] Autorouter Failed to route connection between via, polylinetrace, polylinetrace, polylinetrace, pin #1 of component #16, pin of component #9 and pin #18 of component #65, because the maze search algorithm could not be created.
2026-09-07 21:53:35.404 INFO   [1D05A9\EA6158] Auto-router pass #213 on board '376627ef6543b3d02b7c900e85ae5ac6' was completed in 0.18 seconds with the score of 987.55 (2 unrouted), using 1499.09 CPU seconds and 25920 MB memory.
2026-09-07 21:53:35.469 DEBUG  [1D05A9\EA6158] Autorouter Failed to route connection between pin #7 of component #65 and polylinetrace, pin #19 of component #69, because the maze search algorithm could not be created.
2026-09-07 21:53:35.513 DEBUG  [1D05A9\EA6158] Autorouter Failed to route connection between polylinetrace, pin #19 of component #69 and pin #7 of component #65, because the maze search algorithm could not be created.
2026-09-07 21:53:35.553 DEBUG  [1D05A9\EA6158] Autorouter Failed to route connection between via, polylinetrace, polylinetrace, polylinetrace, pin #1 of component #16, pin of component #9 and pin #18 of component #65, because the maze search algorithm could not be created.
2026-09-07 21:53:35.588 DEBUG  [1D05A9\EA6158] Autorouter Failed to route connection between pin #18 of component #65 and via, polylinetrace, polylinetrace, polylinetrace, pin #1 of component #16, pin of component #9, because the maze search algorithm could not be created.
2026-09-07 21:53:35.626 INFO   [1D05A9\EA6158] Auto-router pass #214 on board '376627ef6543b3d02b7c900e85ae5ac6' was completed in 0.21 seconds with the score of 987.55 (2 unrouted), using 1553.45 CPU seconds and 26476 MB memory.
2026-09-07 21:53:35.675 DEBUG  [1D05A9\EA6158] Autorouter Failed to route connection between pin #7 of component #65 and polylinetrace, pin #19 of component #69, because the maze search algorithm could not be created.
2026-09-07 21:53:35.710 DEBUG  [1D05A9\EA6158] Autorouter Failed to route connection between pin #18 of component #65 and via, polylinetrace, polylinetrace, polylinetrace, pin #1 of component #16, pin of component #9, because the maze search algorithm could not be created.
2026-09-07 21:53:35.744 DEBUG  [1D05A9\EA6158] Autorouter Failed to route connection between via, polylinetrace, polylinetrace, polylinetrace, pin #1 of component #16, pin of component #9 and pin #18 of component #65, because the maze search algorithm could not be created.
2026-09-07 21:53:35.777 DEBUG  [1D05A9\EA6158] Autorouter Failed to route connection between polylinetrace, pin #19 of component #69 and pin #7 of component #65, because the maze search algorithm could not be created.
2026-09-07 21:53:35.817 INFO   [1D05A9\EA6158] Auto-router pass #215 on board '376627ef6543b3d02b7c900e85ae5ac6' was completed in 0.18 seconds with the score of 987.55 (2 unrouted), using 1553.45 CPU seconds and 26476 MB memory.
2026-09-07 21:53:35.869 DEBUG  [1D05A9\EA6158] Autorouter Failed to route connection between pin #18 of component #65 and via, polylinetrace, polylinetrace, polylinetrace, pin #1 of component #16, pin of component #9, because the maze search algorithm could not be created.
2026-09-07 21:53:35.899 DEBUG  [1D05A9\EA6158] Autorouter Failed to route connection between via, polylinetrace, polylinetrace, polylinetrace, pin #1 of component #16, pin of component #9 and pin #18 of component #65, because the maze search algorithm could not be created.
2026-09-07 21:53:35.930 DEBUG  [1D05A9\EA6158] Autorouter Failed to route connection between pin #7 of component #65 and polylinetrace, pin #19 of component #69, because the maze search algorithm could not be created.
2026-09-07 21:53:35.971 DEBUG  [1D05A9\EA6158] Autorouter Failed to route connection between polylinetrace, pin #19 of component #69 and pin #7 of component #65, because the maze search algorithm could not be created.
2026-09-07 21:53:36.021 INFO   [1D05A9\EA6158] Auto-router pass #216 on board '376627ef6543b3d02b7c900e85ae5ac6' was completed in 0.19 seconds with the score of 987.55 (2 unrouted), using 1553.45 CPU seconds and 26476 MB memory.
2026-09-07 21:53:36.077 DEBUG  [1D05A9\EA6158] Autorouter Failed to route connection between pin #7 of component #65 and polylinetrace, pin #19 of component #69, because the maze search algorithm could not be created.
2026-09-07 21:53:36.112 DEBUG  [1D05A9\EA6158] Autorouter Failed to route connection between polylinetrace, pin #19 of component #69 and pin #7 of component #65, because the maze search algorithm could not be created.
2026-09-07 21:53:36.146 DEBUG  [1D05A9\EA6158] Autorouter Failed to route connection between via, polylinetrace, polylinetrace, polylinetrace, pin #1 of component #16, pin of component #9 and pin #18 of component #65, because the maze search algorithm could not be created.
2026-09-07 21:53:36.178 DEBUG  [1D05A9\EA6158] Autorouter Failed to route connection between pin #18 of component #65 and via, polylinetrace, polylinetrace, polylinetrace, pin #1 of component #16, pin of component #9, because the maze search algorithm could not be created.
2026-09-07 21:53:36.218 INFO   [1D05A9\EA6158] Auto-router pass #217 on board '376627ef6543b3d02b7c900e85ae5ac6' was completed in 0.18 seconds with the score of 987.55 (2 unrouted), using 1553.45 CPU seconds and 26476 MB memory.
2026-09-07 21:53:36.277 DEBUG  [1D05A9\EA6158] Autorouter Failed to route connection between via, polylinetrace, polylinetrace, polylinetrace, pin #1 of component #16, pin of component #9 and pin #18 of component #65, because the maze search algorithm could not be created.
2026-09-07 21:53:36.310 DEBUG  [1D05A9\EA6158] Autorouter Failed to route connection between pin #18 of component #65 and via, polylinetrace, polylinetrace, polylinetrace, pin #1 of component #16, pin of component #9, because the maze search algorithm could not be created.
2026-09-07 21:53:36.344 DEBUG  [1D05A9\EA6158] Autorouter Failed to route connection between polylinetrace, pin #19 of component #69 and pin #7 of component #65, because the maze search algorithm could not be created.
2026-09-07 21:53:36.377 DEBUG  [1D05A9\EA6158] Autorouter Failed to route connection between pin #7 of component #65 and polylinetrace, pin #19 of component #69, because the maze search algorithm could not be created.
2026-09-07 21:53:36.421 INFO   [1D05A9\EA6158] Auto-router pass #218 on board '376627ef6543b3d02b7c900e85ae5ac6' was completed in 0.19 seconds with the score of 987.55 (2 unrouted), using 1553.45 CPU seconds and 26476 MB memory.
2026-09-07 21:53:36.471 DEBUG  [1D05A9\EA6158] Autorouter Failed to route connection between pin #18 of component #65 and via, polylinetrace, polylinetrace, polylinetrace, pin #1 of component #16, pin of component #9, because the maze search algorithm could not be created.
2026-09-07 21:53:36.502 DEBUG  [1D05A9\EA6158] Autorouter Failed to route connection between polylinetrace, pin #19 of component #69 and pin #7 of component #65, because the maze search algorithm could not be created.
2026-09-07 21:53:36.539 DEBUG  [1D05A9\EA6158] Autorouter Failed to route connection between via, polylinetrace, polylinetrace, polylinetrace, pin #1 of component #16, pin of component #9 and pin #18 of component #65, because the maze search algorithm could not be created.
2026-09-07 21:53:36.578 DEBUG  [1D05A9\EA6158] Autorouter Failed to route connection between pin #7 of component #65 and polylinetrace, pin #19 of component #69, because the maze search algorithm could not be created.
2026-09-07 21:53:36.619 INFO   [1D05A9\EA6158] Auto-router pass #219 on board '376627ef6543b3d02b7c900e85ae5ac6' was completed in 0.18 seconds with the score of 987.55 (2 unrouted), using 1608.77 CPU seconds and 27015 MB memory.
2026-09-07 21:53:36.671 DEBUG  [1D05A9\EA6158] Autorouter Failed to route connection between via, polylinetrace, polylinetrace, polylinetrace, pin #1 of component #16, pin of component #9 and pin #18 of component #65, because the maze search algorithm could not be created.
2026-09-07 21:53:36.703 DEBUG  [1D05A9\EA6158] Autorouter Failed to route connection between polylinetrace, pin #19 of component #69 and pin #7 of component #65, because the maze search algorithm could not be created.
2026-09-07 21:53:36.737 DEBUG  [1D05A9\EA6158] Autorouter Failed to route connection between pin #7 of component #65 and polylinetrace, pin #19 of component #69, because the maze search algorithm could not be created.
2026-09-07 21:53:36.768 DEBUG  [1D05A9\EA6158] Autorouter Failed to route connection between pin #18 of component #65 and via, polylinetrace, polylinetrace, polylinetrace, pin #1 of component #16, pin of component #9, because the maze search algorithm could not be created.
2026-09-07 21:53:36.804 INFO   [1D05A9\EA6158] Auto-router pass #220 on board '376627ef6543b3d02b7c900e85ae5ac6' was completed in 0.17 seconds with the score of 987.55 (2 unrouted), using 1608.77 CPU seconds and 27015 MB memory.
2026-09-07 21:53:36.862 DEBUG  [1D05A9\EA6158] Autorouter Failed to route connection between pin #18 of component #65 and via, polylinetrace, polylinetrace, polylinetrace, pin #1 of component #16, pin of component #9, because the maze search algorithm could not be created.
2026-09-07 21:53:36.894 DEBUG  [1D05A9\EA6158] Autorouter Failed to route connection between pin #7 of component #65 and polylinetrace, pin #19 of component #69, because the maze search algorithm could not be created.
2026-09-07 21:53:36.927 DEBUG  [1D05A9\EA6158] Autorouter Failed to route connection between polylinetrace, pin #19 of component #69 and pin #7 of component #65, because the maze search algorithm could not be created.
2026-09-07 21:53:36.960 DEBUG  [1D05A9\EA6158] Autorouter Failed to route connection between via, polylinetrace, polylinetrace, polylinetrace, pin #1 of component #16, pin of component #9 and pin #18 of component #65, because the maze search algorithm could not be created.
2026-09-07 21:53:36.995 INFO   [1D05A9\EA6158] Auto-router pass #221 on board '376627ef6543b3d02b7c900e85ae5ac6' was completed in 0.17 seconds with the score of 987.55 (2 unrouted), using 1608.77 CPU seconds and 27015 MB memory.
2026-09-07 21:53:37.038 DEBUG  [1D05A9\EA6158] Autorouter Failed to route connection between via, polylinetrace, polylinetrace, polylinetrace, pin #1 of component #16, pin of component #9 and pin #18 of component #65, because the maze search algorithm could not be created.
2026-09-07 21:53:37.069 DEBUG  [1D05A9\EA6158] Autorouter Failed to route connection between pin #18 of component #65 and via, polylinetrace, polylinetrace, polylinetrace, pin #1 of component #16, pin of component #9, because the maze search algorithm could not be created.
2026-09-07 21:53:37.103 DEBUG  [1D05A9\EA6158] Autorouter Failed to route connection between polylinetrace, pin #19 of component #69 and pin #7 of component #65, because the maze search algorithm could not be created.
2026-09-07 21:53:37.131 DEBUG  [1D05A9\EA6158] Autorouter Failed to route connection between pin #7 of component #65 and polylinetrace, pin #19 of component #69, because the maze search algorithm could not be created.
2026-09-07 21:53:37.168 INFO   [1D05A9\EA6158] Auto-router pass #222 on board '376627ef6543b3d02b7c900e85ae5ac6' was completed in 0.16 seconds with the score of 987.55 (2 unrouted), using 1608.77 CPU seconds and 27015 MB memory.
2026-09-07 21:53:37.212 DEBUG  [1D05A9\EA6158] Autorouter Failed to route connection between pin #7 of component #65 and polylinetrace, pin #19 of component #69, because the maze search algorithm could not be created.
2026-09-07 21:53:37.240 DEBUG  [1D05A9\EA6158] Autorouter Failed to route connection between via, polylinetrace, polylinetrace, polylinetrace, pin #1 of component #16, pin of component #9 and pin #18 of component #65, because the maze search algorithm could not be created.
2026-09-07 21:53:37.271 DEBUG  [1D05A9\EA6158] Autorouter Failed to route connection between pin #18 of component #65 and via, polylinetrace, polylinetrace, polylinetrace, pin #1 of component #16, pin of component #9, because the maze search algorithm could not be created.
2026-09-07 21:53:37.302 DEBUG  [1D05A9\EA6158] Autorouter Failed to route connection between polylinetrace, pin #19 of component #69 and pin #7 of component #65, because the maze search algorithm could not be created.
2026-09-07 21:53:37.346 INFO   [1D05A9\EA6158] Auto-router pass #223 on board '376627ef6543b3d02b7c900e85ae5ac6' was completed in 0.17 seconds with the score of 987.55 (2 unrouted), using 1608.77 CPU seconds and 27015 MB memory.
2026-09-07 21:53:37.396 DEBUG  [1D05A9\EA6158] Autorouter Failed to route connection between polylinetrace, pin #19 of component #69 and pin #7 of component #65, because the maze search algorithm could not be created.
2026-09-07 21:53:37.427 DEBUG  [1D05A9\EA6158] Autorouter Failed to route connection between pin #7 of component #65 and polylinetrace, pin #19 of component #69, because the maze search algorithm could not be created.
2026-09-07 21:53:37.456 DEBUG  [1D05A9\EA6158] Autorouter Failed to route connection between pin #18 of component #65 and via, polylinetrace, polylinetrace, polylinetrace, pin #1 of component #16, pin of component #9, because the maze search algorithm could not be created.
2026-09-07 21:53:37.495 DEBUG  [1D05A9\EA6158] Autorouter Failed to route connection between via, polylinetrace, polylinetrace, polylinetrace, pin #1 of component #16, pin of component #9 and pin #18 of component #65, because the maze search algorithm could not be created.
2026-09-07 21:53:37.531 INFO   [1D05A9\EA6158] Auto-router pass #224 on board '376627ef6543b3d02b7c900e85ae5ac6' was completed in 0.17 seconds with the score of 987.55 (2 unrouted), using 1665.06 CPU seconds and 27593 MB memory.
2026-09-07 21:53:37.576 DEBUG  [1D05A9\EA6158] Autorouter Failed to route connection between polylinetrace, pin #19 of component #69 and pin #7 of component #65, because the maze search algorithm could not be created.
2026-09-07 21:53:37.613 DEBUG  [1D05A9\EA6158] Autorouter Failed to route connection between pin #7 of component #65 and polylinetrace, pin #19 of component #69, because the maze search algorithm could not be created.
2026-09-07 21:53:37.644 DEBUG  [1D05A9\EA6158] Autorouter Failed to route connection between pin #18 of component #65 and via, polylinetrace, polylinetrace, polylinetrace, pin #1 of component #16, pin of component #9, because the maze search algorithm could not be created.
2026-09-07 21:53:37.670 DEBUG  [1D05A9\EA6158] Autorouter Failed to route connection between via, polylinetrace, polylinetrace, polylinetrace, pin #1 of component #16, pin of component #9 and pin #18 of component #65, because the maze search algorithm could not be created.
2026-09-07 21:53:37.718 INFO   [1D05A9\EA6158] Auto-router pass #225 on board '376627ef6543b3d02b7c900e85ae5ac6' was completed in 0.17 seconds with the score of 987.55 (2 unrouted), using 1665.06 CPU seconds and 27593 MB memory.
2026-09-07 21:53:37.772 DEBUG  [1D05A9\EA6158] Autorouter Failed to route connection between polylinetrace, pin #19 of component #69 and pin #7 of component #65, because the maze search algorithm could not be created.
2026-09-07 21:53:37.811 DEBUG  [1D05A9\EA6158] Autorouter Failed to route connection between via, polylinetrace, polylinetrace, polylinetrace, pin #1 of component #16, pin of component #9 and pin #18 of component #65, because the maze search algorithm could not be created.
2026-09-07 21:53:37.861 DEBUG  [1D05A9\EA6158] Autorouter Failed to route connection between pin #7 of component #65 and polylinetrace, pin #19 of component #69, because the maze search algorithm could not be created.
2026-09-07 21:53:37.892 DEBUG  [1D05A9\EA6158] Autorouter Failed to route connection between pin #18 of component #65 and via, polylinetrace, polylinetrace, polylinetrace, pin #1 of component #16, pin of component #9, because the maze search algorithm could not be created.
2026-09-07 21:53:37.928 INFO   [1D05A9\EA6158] Auto-router pass #226 on board '376627ef6543b3d02b7c900e85ae5ac6' was completed in 0.20 seconds with the score of 987.55 (2 unrouted), using 1665.06 CPU seconds and 27593 MB memory.
2026-09-07 21:53:37.975 DEBUG  [1D05A9\EA6158] Autorouter Failed to route connection between polylinetrace, pin #19 of component #69 and pin #7 of component #65, because the maze search algorithm could not be created.
2026-09-07 21:53:38.004 DEBUG  [1D05A9\EA6158] Autorouter Failed to route connection between pin #18 of component #65 and via, polylinetrace, polylinetrace, polylinetrace, pin #1 of component #16, pin of component #9, because the maze search algorithm could not be created.
2026-09-07 21:53:38.045 DEBUG  [1D05A9\EA6158] Autorouter Failed to route connection between via, polylinetrace, polylinetrace, polylinetrace, pin #1 of component #16, pin of component #9 and pin #18 of component #65, because the maze search algorithm could not be created.
2026-09-07 21:53:38.076 DEBUG  [1D05A9\EA6158] Autorouter Failed to route connection between pin #7 of component #65 and polylinetrace, pin #19 of component #69, because the maze search algorithm could not be created.
2026-09-07 21:53:38.111 INFO   [1D05A9\EA6158] Auto-router pass #227 on board '376627ef6543b3d02b7c900e85ae5ac6' was completed in 0.17 seconds with the score of 987.55 (2 unrouted), using 1665.06 CPU seconds and 27593 MB memory.
2026-09-07 21:53:38.169 DEBUG  [1D05A9\EA6158] Autorouter Failed to route connection between pin #7 of component #65 and polylinetrace, pin #19 of component #69, because the maze search algorithm could not be created.
2026-09-07 21:53:38.205 DEBUG  [1D05A9\EA6158] Autorouter Failed to route connection between via, polylinetrace, polylinetrace, polylinetrace, pin #1 of component #16, pin of component #9 and pin #18 of component #65, because the maze search algorithm could not be created.
2026-09-07 21:53:38.237 DEBUG  [1D05A9\EA6158] Autorouter Failed to route connection between pin #18 of component #65 and via, polylinetrace, polylinetrace, polylinetrace, pin #1 of component #16, pin of component #9, because the maze search algorithm could not be created.
2026-09-07 21:53:38.270 DEBUG  [1D05A9\EA6158] Autorouter Failed to route connection between polylinetrace, pin #19 of component #69 and pin #7 of component #65, because the maze search algorithm could not be created.
2026-09-07 21:53:38.303 INFO   [1D05A9\EA6158] Auto-router pass #228 on board '376627ef6543b3d02b7c900e85ae5ac6' was completed in 0.17 seconds with the score of 987.55 (2 unrouted), using 1665.06 CPU seconds and 27593 MB memory.
2026-09-07 21:53:38.350 DEBUG  [1D05A9\EA6158] Autorouter Failed to route connection between pin #7 of component #65 and polylinetrace, pin #19 of component #69, because the maze search algorithm could not be created.
2026-09-07 21:53:38.380 DEBUG  [1D05A9\EA6158] Autorouter Failed to route connection between pin #18 of component #65 and via, polylinetrace, polylinetrace, polylinetrace, pin #1 of component #16, pin of component #9, because the maze search algorithm could not be created.
2026-09-07 21:53:38.419 DEBUG  [1D05A9\EA6158] Autorouter Failed to route connection between via, polylinetrace, polylinetrace, polylinetrace, pin #1 of component #16, pin of component #9 and pin #18 of component #65, because the maze search algorithm could not be created.
2026-09-07 21:53:38.453 DEBUG  [1D05A9\EA6158] Autorouter Failed to route connection between polylinetrace, pin #19 of component #69 and pin #7 of component #65, because the maze search algorithm could not be created.
2026-09-07 21:53:38.531 INFO   [1D05A9\EA6158] Restoring an earlier board that has the score of 987.55 (2 unrouted).
2026-09-07 21:53:38.533 INFO   [1D05A9\EA6158] Auto-router pass #229 on board '376627ef6543b3d02b7c900e85ae5ac6' was completed in 0.21 seconds with the score of 987.55 (2 unrouted), using 1722.36 CPU seconds and 28158 MB memory.
2026-09-07 21:53:38.637 INFO   [1D05A9\EA6158] Restoring an earlier board that has the score of 987.55 (2 unrouted).
2026-09-07 21:53:38.637 INFO   [1D05A9\EA6158] Auto-router pass #230 on board '376627ef6543b3d02b7c900e85ae5ac6' was completed in 0.08 seconds with the score of 987.55 (2 unrouted), using 1722.36 CPU seconds and 28158 MB memory.
